{
  "dataset_revision": "ebfcd844eadd3d667efa3c57fc5c8c87f5c2867e",
  "task_name": "AILAStatutes",
  "mteb_version": "1.34.4",
  "scores": {
    "test": [
      {
        "ndcg_at_1": 0.08,
        "ndcg_at_3": 0.10592,
        "ndcg_at_5": 0.10571,
        "ndcg_at_10": 0.13335,
        "ndcg_at_20": 0.17325,
        "ndcg_at_100": 0.38329,
        "ndcg_at_1000": 0.38329,
        "map_at_1": 0.018,
        "map_at_3": 0.046,
        "map_at_5": 0.0565,
        "map_at_10": 0.06636,
        "map_at_20": 0.07613,
        "map_at_100": 0.12219,
        "map_at_1000": 0.12219,
        "recall_at_1": 0.018,
        "recall_at_3": 0.07667,
        "recall_at_5": 0.11267,
        "recall_at_10": 0.16933,
        "recall_at_20": 0.26833,
        "recall_at_100": 1.0,
        "recall_at_1000": 1.0,
        "precision_at_1": 0.08,
        "precision_at_3": 0.11333,
        "precision_at_5": 0.096,
        "precision_at_10": 0.07,
        "precision_at_20": 0.056,
        "precision_at_100": 0.0434,
        "precision_at_1000": 0.00434,
        "mrr_at_1": 0.08,
        "mrr_at_3": 0.17,
        "mrr_at_5": 0.194,
        "mrr_at_10": 0.213556,
        "mrr_at_20": 0.23148,
        "mrr_at_100": 0.238293,
        "mrr_at_1000": 0.238293,
        "nauc_ndcg_at_1_max": -0.036222,
        "nauc_ndcg_at_1_std": -0.022136,
        "nauc_ndcg_at_1_diff1": -0.303864,
        "nauc_ndcg_at_3_max": 0.098547,
        "nauc_ndcg_at_3_std": 0.055392,
        "nauc_ndcg_at_3_diff1": -0.203703,
        "nauc_ndcg_at_5_max": 0.107358,
        "nauc_ndcg_at_5_std": 0.010936,
        "nauc_ndcg_at_5_diff1": -0.185167,
        "nauc_ndcg_at_10_max": 0.108338,
        "nauc_ndcg_at_10_std": 0.092809,
        "nauc_ndcg_at_10_diff1": -0.157528,
        "nauc_ndcg_at_20_max": 0.209821,
        "nauc_ndcg_at_20_std": 0.196922,
        "nauc_ndcg_at_20_diff1": -0.139246,
        "nauc_ndcg_at_100_max": 0.085067,
        "nauc_ndcg_at_100_std": 0.08475,
        "nauc_ndcg_at_100_diff1": -0.230615,
        "nauc_ndcg_at_1000_max": 0.085067,
        "nauc_ndcg_at_1000_std": 0.08475,
        "nauc_ndcg_at_1000_diff1": -0.230615,
        "nauc_map_at_1_max": -0.068047,
        "nauc_map_at_1_std": -0.033614,
        "nauc_map_at_1_diff1": -0.277942,
        "nauc_map_at_3_max": 0.111893,
        "nauc_map_at_3_std": 0.11485,
        "nauc_map_at_3_diff1": -0.215754,
        "nauc_map_at_5_max": 0.134335,
        "nauc_map_at_5_std": 0.05912,
        "nauc_map_at_5_diff1": -0.210602,
        "nauc_map_at_10_max": 0.147848,
        "nauc_map_at_10_std": 0.11881,
        "nauc_map_at_10_diff1": -0.202556,
        "nauc_map_at_20_max": 0.192162,
        "nauc_map_at_20_std": 0.169221,
        "nauc_map_at_20_diff1": -0.200629,
        "nauc_map_at_100_max": 0.15572,
        "nauc_map_at_100_std": 0.152241,
        "nauc_map_at_100_diff1": -0.223674,
        "nauc_map_at_1000_max": 0.15572,
        "nauc_map_at_1000_std": 0.152241,
        "nauc_map_at_1000_diff1": -0.223674,
        "nauc_recall_at_1_max": -0.068047,
        "nauc_recall_at_1_std": -0.033614,
        "nauc_recall_at_1_diff1": -0.277942,
        "nauc_recall_at_3_max": 0.089413,
        "nauc_recall_at_3_std": 0.101296,
        "nauc_recall_at_3_diff1": -0.154782,
        "nauc_recall_at_5_max": 0.138578,
        "nauc_recall_at_5_std": 0.022106,
        "nauc_recall_at_5_diff1": -0.087145,
        "nauc_recall_at_10_max": 0.149014,
        "nauc_recall_at_10_std": 0.153237,
        "nauc_recall_at_10_diff1": -0.010647,
        "nauc_recall_at_20_max": 0.351311,
        "nauc_recall_at_20_std": 0.379048,
        "nauc_recall_at_20_diff1": 0.03237,
        "nauc_recall_at_100_max": NaN,
        "nauc_recall_at_100_std": NaN,
        "nauc_recall_at_100_diff1": NaN,
        "nauc_recall_at_1000_max": NaN,
        "nauc_recall_at_1000_std": NaN,
        "nauc_recall_at_1000_diff1": NaN,
        "nauc_precision_at_1_max": -0.036222,
        "nauc_precision_at_1_std": -0.022136,
        "nauc_precision_at_1_diff1": -0.303864,
        "nauc_precision_at_3_max": 0.122023,
        "nauc_precision_at_3_std": 0.091275,
        "nauc_precision_at_3_diff1": -0.174026,
        "nauc_precision_at_5_max": 0.142182,
        "nauc_precision_at_5_std": 0.000316,
        "nauc_precision_at_5_diff1": -0.201552,
        "nauc_precision_at_10_max": 0.097397,
        "nauc_precision_at_10_std": 0.139843,
        "nauc_precision_at_10_diff1": -0.171832,
        "nauc_precision_at_20_max": 0.260384,
        "nauc_precision_at_20_std": 0.317423,
        "nauc_precision_at_20_diff1": -0.123562,
        "nauc_precision_at_100_max": -0.31946,
        "nauc_precision_at_100_std": -0.222188,
        "nauc_precision_at_100_diff1": -0.455315,
        "nauc_precision_at_1000_max": -0.31946,
        "nauc_precision_at_1000_std": -0.222188,
        "nauc_precision_at_1000_diff1": -0.455315,
        "nauc_mrr_at_1_max": -0.036222,
        "nauc_mrr_at_1_std": -0.022136,
        "nauc_mrr_at_1_diff1": -0.303864,
        "nauc_mrr_at_3_max": 0.003321,
        "nauc_mrr_at_3_std": -0.059618,
        "nauc_mrr_at_3_diff1": -0.199264,
        "nauc_mrr_at_5_max": 0.013827,
        "nauc_mrr_at_5_std": -0.064366,
        "nauc_mrr_at_5_diff1": -0.211037,
        "nauc_mrr_at_10_max": -0.004466,
        "nauc_mrr_at_10_std": -0.02501,
        "nauc_mrr_at_10_diff1": -0.191486,
        "nauc_mrr_at_20_max": 0.021919,
        "nauc_mrr_at_20_std": -0.01926,
        "nauc_mrr_at_20_diff1": -0.178595,
        "nauc_mrr_at_100_max": 0.01534,
        "nauc_mrr_at_100_std": -0.028818,
        "nauc_mrr_at_100_diff1": -0.188435,
        "nauc_mrr_at_1000_max": 0.01534,
        "nauc_mrr_at_1000_std": -0.028818,
        "nauc_mrr_at_1000_diff1": -0.188435,
        "main_score": 0.13335,
        "hf_subset": "default",
        "languages": [
          "eng-Latn"
        ]
      }
    ]
  },
  "evaluation_time": 0.10204386711120605,
  "kg_co2_emissions": null
}