{
  "dataset_revision": "65393d0d7a08a10b4e348135e824f385d420b0fd",
  "task_name": "AlloprofReranking",
  "mteb_version": "1.34.4",
  "scores": {
    "test": [
      {
        "map": 0.378534,
        "mrr": 0.381735,
        "nAUC_map_max": -0.110959,
        "nAUC_map_std": 0.093369,
        "nAUC_map_diff1": 0.209205,
        "nAUC_mrr_max": -0.10938,
        "nAUC_mrr_std": 0.087217,
        "nAUC_mrr_diff1": 0.206738,
        "main_score": 0.378534,
        "hf_subset": "default",
        "languages": [
          "fra-Latn"
        ]
      }
    ]
  },
  "evaluation_time": 2.939002752304077,
  "kg_co2_emissions": null
}