{
  "dataset_revision": "1271c7809071a13532e05f25fb53511ffce77117",
  "task_name": "CovidRetrieval",
  "mteb_version": "1.34.4",
  "scores": {
    "dev": [
      {
        "ndcg_at_1": 0.20337,
        "ndcg_at_3": 0.25676,
        "ndcg_at_5": 0.27683,
        "ndcg_at_10": 0.30002,
        "ndcg_at_20": 0.31622,
        "ndcg_at_100": 0.34785,
        "ndcg_at_1000": 0.36981,
        "map_at_1": 0.20337,
        "map_at_3": 0.24311,
        "map_at_5": 0.25436,
        "map_at_10": 0.2642,
        "map_at_20": 0.26863,
        "map_at_100": 0.27303,
        "map_at_1000": 0.27375,
        "recall_at_1": 0.20337,
        "recall_at_3": 0.29531,
        "recall_at_5": 0.34378,
        "recall_at_10": 0.41465,
        "recall_at_20": 0.47893,
        "recall_at_100": 0.64858,
        "recall_at_1000": 0.82666,
        "precision_at_1": 0.20337,
        "precision_at_3": 0.09905,
        "precision_at_5": 0.06934,
        "precision_at_10": 0.04204,
        "precision_at_20": 0.02424,
        "precision_at_100": 0.00656,
        "precision_at_1000": 0.00084,
        "mrr_at_1": 0.203372,
        "mrr_at_3": 0.243941,
        "mrr_at_5": 0.255111,
        "mrr_at_10": 0.264339,
        "mrr_at_20": 0.268867,
        "mrr_at_100": 0.273251,
        "mrr_at_1000": 0.273975,
        "nauc_ndcg_at_1_max": 0.254799,
        "nauc_ndcg_at_1_std": -0.038319,
        "nauc_ndcg_at_1_diff1": 0.488439,
        "nauc_ndcg_at_3_max": 0.269583,
        "nauc_ndcg_at_3_std": -0.000178,
        "nauc_ndcg_at_3_diff1": 0.421334,
        "nauc_ndcg_at_5_max": 0.25774,
        "nauc_ndcg_at_5_std": 0.024409,
        "nauc_ndcg_at_5_diff1": 0.402641,
        "nauc_ndcg_at_10_max": 0.254849,
        "nauc_ndcg_at_10_std": 0.029532,
        "nauc_ndcg_at_10_diff1": 0.387146,
        "nauc_ndcg_at_20_max": 0.264948,
        "nauc_ndcg_at_20_std": 0.04037,
        "nauc_ndcg_at_20_diff1": 0.378071,
        "nauc_ndcg_at_100_max": 0.258153,
        "nauc_ndcg_at_100_std": 0.056865,
        "nauc_ndcg_at_100_diff1": 0.383865,
        "nauc_ndcg_at_1000_max": 0.258645,
        "nauc_ndcg_at_1000_std": 0.061281,
        "nauc_ndcg_at_1000_diff1": 0.378389,
        "nauc_map_at_1_max": 0.254799,
        "nauc_map_at_1_std": -0.038319,
        "nauc_map_at_1_diff1": 0.488439,
        "nauc_map_at_3_max": 0.267251,
        "nauc_map_at_3_std": -0.010167,
        "nauc_map_at_3_diff1": 0.438846,
        "nauc_map_at_5_max": 0.260267,
        "nauc_map_at_5_std": 0.004632,
        "nauc_map_at_5_diff1": 0.428159,
        "nauc_map_at_10_max": 0.258625,
        "nauc_map_at_10_std": 0.008621,
        "nauc_map_at_10_diff1": 0.420712,
        "nauc_map_at_20_max": 0.261109,
        "nauc_map_at_20_std": 0.011507,
        "nauc_map_at_20_diff1": 0.417927,
        "nauc_map_at_100_max": 0.260121,
        "nauc_map_at_100_std": 0.013962,
        "nauc_map_at_100_diff1": 0.418452,
        "nauc_map_at_1000_max": 0.260236,
        "nauc_map_at_1000_std": 0.014121,
        "nauc_map_at_1000_diff1": 0.418326,
        "nauc_recall_at_1_max": 0.254799,
        "nauc_recall_at_1_std": -0.038319,
        "nauc_recall_at_1_diff1": 0.488439,
        "nauc_recall_at_3_max": 0.276547,
        "nauc_recall_at_3_std": 0.021289,
        "nauc_recall_at_3_diff1": 0.375223,
        "nauc_recall_at_5_max": 0.249988,
        "nauc_recall_at_5_std": 0.074406,
        "nauc_recall_at_5_diff1": 0.33344,
        "nauc_recall_at_10_max": 0.242673,
        "nauc_recall_at_10_std": 0.082369,
        "nauc_recall_at_10_diff1": 0.293852,
        "nauc_recall_at_20_max": 0.281732,
        "nauc_recall_at_20_std": 0.124181,
        "nauc_recall_at_20_diff1": 0.260418,
        "nauc_recall_at_100_max": 0.246685,
        "nauc_recall_at_100_std": 0.23253,
        "nauc_recall_at_100_diff1": 0.27466,
        "nauc_recall_at_1000_max": 0.235033,
        "nauc_recall_at_1000_std": 0.422034,
        "nauc_recall_at_1000_diff1": 0.11295,
        "nauc_precision_at_1_max": 0.254799,
        "nauc_precision_at_1_std": -0.038319,
        "nauc_precision_at_1_diff1": 0.488439,
        "nauc_precision_at_3_max": 0.274668,
        "nauc_precision_at_3_std": 0.029649,
        "nauc_precision_at_3_diff1": 0.373698,
        "nauc_precision_at_5_max": 0.245323,
        "nauc_precision_at_5_std": 0.081049,
        "nauc_precision_at_5_diff1": 0.329983,
        "nauc_precision_at_10_max": 0.228708,
        "nauc_precision_at_10_std": 0.100766,
        "nauc_precision_at_10_diff1": 0.281716,
        "nauc_precision_at_20_max": 0.266482,
        "nauc_precision_at_20_std": 0.141928,
        "nauc_precision_at_20_diff1": 0.248857,
        "nauc_precision_at_100_max": 0.229003,
        "nauc_precision_at_100_std": 0.258126,
        "nauc_precision_at_100_diff1": 0.256247,
        "nauc_precision_at_1000_max": 0.204652,
        "nauc_precision_at_1000_std": 0.448761,
        "nauc_precision_at_1000_diff1": 0.08761,
        "nauc_mrr_at_1_max": 0.254799,
        "nauc_mrr_at_1_std": -0.038319,
        "nauc_mrr_at_1_diff1": 0.488439,
        "nauc_mrr_at_3_max": 0.26656,
        "nauc_mrr_at_3_std": -0.006025,
        "nauc_mrr_at_3_diff1": 0.438218,
        "nauc_mrr_at_5_max": 0.259879,
        "nauc_mrr_at_5_std": 0.008815,
        "nauc_mrr_at_5_diff1": 0.427818,
        "nauc_mrr_at_10_max": 0.259637,
        "nauc_mrr_at_10_std": 0.010294,
        "nauc_mrr_at_10_diff1": 0.421501,
        "nauc_mrr_at_20_max": 0.261868,
        "nauc_mrr_at_20_std": 0.012943,
        "nauc_mrr_at_20_diff1": 0.418685,
        "nauc_mrr_at_100_max": 0.260799,
        "nauc_mrr_at_100_std": 0.015327,
        "nauc_mrr_at_100_diff1": 0.41919,
        "nauc_mrr_at_1000_max": 0.260931,
        "nauc_mrr_at_1000_std": 0.015466,
        "nauc_mrr_at_1000_diff1": 0.419069,
        "main_score": 0.30002,
        "hf_subset": "default",
        "languages": [
          "cmn-Hans"
        ]
      }
    ]
  },
  "evaluation_time": 467.57253408432007,
  "kg_co2_emissions": null
}