{
  "dataset_revision": "b2a085913606be3c4f2f1a8bff1810e38bade8fa",
  "task_name": "HagridRetrieval",
  "mteb_version": "1.34.4",
  "scores": {
    "dev": [
      {
        "ndcg_at_1": 0.83065,
        "ndcg_at_3": 0.86945,
        "ndcg_at_5": 0.87692,
        "ndcg_at_10": 0.88413,
        "ndcg_at_20": 0.89088,
        "ndcg_at_100": 0.8939,
        "ndcg_at_1000": 0.8965,
        "map_at_1": 0.83065,
        "map_at_3": 0.85988,
        "map_at_5": 0.86401,
        "map_at_10": 0.86701,
        "map_at_20": 0.86893,
        "map_at_100": 0.86935,
        "map_at_1000": 0.86946,
        "recall_at_1": 0.83065,
        "recall_at_3": 0.89718,
        "recall_at_5": 0.91532,
        "recall_at_10": 0.9375,
        "recall_at_20": 0.96371,
        "recall_at_100": 0.97984,
        "recall_at_1000": 1.0,
        "precision_at_1": 0.83065,
        "precision_at_3": 0.29906,
        "precision_at_5": 0.18306,
        "precision_at_10": 0.09375,
        "precision_at_20": 0.04819,
        "precision_at_100": 0.0098,
        "precision_at_1000": 0.001,
        "mrr_at_1": 0.830645,
        "mrr_at_3": 0.859879,
        "mrr_at_5": 0.864012,
        "mrr_at_10": 0.86701,
        "mrr_at_20": 0.868927,
        "mrr_at_100": 0.869353,
        "mrr_at_1000": 0.869458,
        "nauc_ndcg_at_1_max": 0.730205,
        "nauc_ndcg_at_1_std": 0.006847,
        "nauc_ndcg_at_1_diff1": 0.892657,
        "nauc_ndcg_at_3_max": 0.755671,
        "nauc_ndcg_at_3_std": 0.037928,
        "nauc_ndcg_at_3_diff1": 0.887428,
        "nauc_ndcg_at_5_max": 0.750843,
        "nauc_ndcg_at_5_std": 0.018845,
        "nauc_ndcg_at_5_diff1": 0.884333,
        "nauc_ndcg_at_10_max": 0.749905,
        "nauc_ndcg_at_10_std": 0.032681,
        "nauc_ndcg_at_10_diff1": 0.88347,
        "nauc_ndcg_at_20_max": 0.748273,
        "nauc_ndcg_at_20_std": 0.018034,
        "nauc_ndcg_at_20_diff1": 0.883255,
        "nauc_ndcg_at_100_max": 0.750114,
        "nauc_ndcg_at_100_std": 0.018072,
        "nauc_ndcg_at_100_diff1": 0.887323,
        "nauc_ndcg_at_1000_max": 0.748485,
        "nauc_ndcg_at_1000_std": 0.021182,
        "nauc_ndcg_at_1000_diff1": 0.886163,
        "nauc_map_at_1_max": 0.730205,
        "nauc_map_at_1_std": 0.006847,
        "nauc_map_at_1_diff1": 0.892657,
        "nauc_map_at_3_max": 0.749243,
        "nauc_map_at_3_std": 0.029228,
        "nauc_map_at_3_diff1": 0.888416,
        "nauc_map_at_5_max": 0.746654,
        "nauc_map_at_5_std": 0.019453,
        "nauc_map_at_5_diff1": 0.886874,
        "nauc_map_at_10_max": 0.746242,
        "nauc_map_at_10_std": 0.023599,
        "nauc_map_at_10_diff1": 0.886698,
        "nauc_map_at_20_max": 0.7459,
        "nauc_map_at_20_std": 0.020046,
        "nauc_map_at_20_diff1": 0.886579,
        "nauc_map_at_100_max": 0.746108,
        "nauc_map_at_100_std": 0.019807,
        "nauc_map_at_100_diff1": 0.887039,
        "nauc_map_at_1000_max": 0.746071,
        "nauc_map_at_1000_std": 0.020082,
        "nauc_map_at_1000_diff1": 0.887004,
        "nauc_recall_at_1_max": 0.730205,
        "nauc_recall_at_1_std": 0.006847,
        "nauc_recall_at_1_diff1": 0.892657,
        "nauc_recall_at_3_max": 0.779612,
        "nauc_recall_at_3_std": 0.070857,
        "nauc_recall_at_3_diff1": 0.883953,
        "nauc_recall_at_5_max": 0.767813,
        "nauc_recall_at_5_std": 0.011598,
        "nauc_recall_at_5_diff1": 0.872677,
        "nauc_recall_at_10_max": 0.76834,
        "nauc_recall_at_10_std": 0.094941,
        "nauc_recall_at_10_diff1": 0.862988,
        "nauc_recall_at_20_max": 0.760721,
        "nauc_recall_at_20_std": -0.026735,
        "nauc_recall_at_20_diff1": 0.848755,
        "nauc_recall_at_100_max": 0.817691,
        "nauc_recall_at_100_std": -0.047483,
        "nauc_recall_at_100_diff1": 0.932967,
        "nauc_recall_at_1000_max": NaN,
        "nauc_recall_at_1000_std": NaN,
        "nauc_recall_at_1000_diff1": NaN,
        "nauc_precision_at_1_max": 0.730205,
        "nauc_precision_at_1_std": 0.006847,
        "nauc_precision_at_1_diff1": 0.892657,
        "nauc_precision_at_3_max": 0.779612,
        "nauc_precision_at_3_std": 0.070857,
        "nauc_precision_at_3_diff1": 0.883953,
        "nauc_precision_at_5_max": 0.767813,
        "nauc_precision_at_5_std": 0.011598,
        "nauc_precision_at_5_diff1": 0.872677,
        "nauc_precision_at_10_max": 0.76834,
        "nauc_precision_at_10_std": 0.094941,
        "nauc_precision_at_10_diff1": 0.862988,
        "nauc_precision_at_20_max": 0.760721,
        "nauc_precision_at_20_std": -0.026735,
        "nauc_precision_at_20_diff1": 0.848755,
        "nauc_precision_at_100_max": 0.817691,
        "nauc_precision_at_100_std": -0.047483,
        "nauc_precision_at_100_diff1": 0.932967,
        "nauc_precision_at_1000_max": 1.0,
        "nauc_precision_at_1000_std": 1.0,
        "nauc_precision_at_1000_diff1": 1.0,
        "nauc_mrr_at_1_max": 0.730205,
        "nauc_mrr_at_1_std": 0.006847,
        "nauc_mrr_at_1_diff1": 0.892657,
        "nauc_mrr_at_3_max": 0.749243,
        "nauc_mrr_at_3_std": 0.029228,
        "nauc_mrr_at_3_diff1": 0.888416,
        "nauc_mrr_at_5_max": 0.746654,
        "nauc_mrr_at_5_std": 0.019453,
        "nauc_mrr_at_5_diff1": 0.886874,
        "nauc_mrr_at_10_max": 0.746242,
        "nauc_mrr_at_10_std": 0.023599,
        "nauc_mrr_at_10_diff1": 0.886698,
        "nauc_mrr_at_20_max": 0.7459,
        "nauc_mrr_at_20_std": 0.020046,
        "nauc_mrr_at_20_diff1": 0.886579,
        "nauc_mrr_at_100_max": 0.746108,
        "nauc_mrr_at_100_std": 0.019807,
        "nauc_mrr_at_100_diff1": 0.887039,
        "nauc_mrr_at_1000_max": 0.746071,
        "nauc_mrr_at_1000_std": 0.020082,
        "nauc_mrr_at_1000_diff1": 0.887004,
        "main_score": 0.88413,
        "hf_subset": "default",
        "languages": [
          "eng-Latn"
        ]
      }
    ]
  },
  "evaluation_time": 0.2729768753051758,
  "kg_co2_emissions": null
}