{
  "dataset_revision": "f69691c650464e62546d7f2a4536f8f87c891e38",
  "task_name": "LegalBenchCorporateLobbying",
  "mteb_version": "1.34.4",
  "scores": {
    "test": [
      {
        "ndcg_at_1": 0.53529,
        "ndcg_at_3": 0.62857,
        "ndcg_at_5": 0.64933,
        "ndcg_at_10": 0.66404,
        "ndcg_at_20": 0.68011,
        "ndcg_at_100": 0.70203,
        "ndcg_at_1000": 0.70634,
        "map_at_1": 0.53529,
        "map_at_3": 0.60588,
        "map_at_5": 0.6175,
        "map_at_10": 0.62383,
        "map_at_20": 0.62849,
        "map_at_100": 0.63157,
        "map_at_1000": 0.63176,
        "recall_at_1": 0.53529,
        "recall_at_3": 0.69412,
        "recall_at_5": 0.74412,
        "recall_at_10": 0.78824,
        "recall_at_20": 0.85,
        "recall_at_100": 0.96765,
        "recall_at_1000": 1.0,
        "precision_at_1": 0.53529,
        "precision_at_3": 0.23137,
        "precision_at_5": 0.14882,
        "precision_at_10": 0.07882,
        "precision_at_20": 0.0425,
        "precision_at_100": 0.00968,
        "precision_at_1000": 0.001,
        "mrr_at_1": 0.535294,
        "mrr_at_3": 0.605882,
        "mrr_at_5": 0.6175,
        "mrr_at_10": 0.623834,
        "mrr_at_20": 0.628491,
        "mrr_at_100": 0.631572,
        "mrr_at_1000": 0.631757,
        "nauc_ndcg_at_1_max": 0.367551,
        "nauc_ndcg_at_1_std": 0.029301,
        "nauc_ndcg_at_1_diff1": 0.673073,
        "nauc_ndcg_at_3_max": 0.422291,
        "nauc_ndcg_at_3_std": 0.000927,
        "nauc_ndcg_at_3_diff1": 0.600582,
        "nauc_ndcg_at_5_max": 0.419368,
        "nauc_ndcg_at_5_std": 0.002381,
        "nauc_ndcg_at_5_diff1": 0.596058,
        "nauc_ndcg_at_10_max": 0.417258,
        "nauc_ndcg_at_10_std": -0.014402,
        "nauc_ndcg_at_10_diff1": 0.608101,
        "nauc_ndcg_at_20_max": 0.414941,
        "nauc_ndcg_at_20_std": 0.011496,
        "nauc_ndcg_at_20_diff1": 0.604759,
        "nauc_ndcg_at_100_max": 0.408258,
        "nauc_ndcg_at_100_std": 0.007899,
        "nauc_ndcg_at_100_diff1": 0.614075,
        "nauc_ndcg_at_1000_max": 0.409879,
        "nauc_ndcg_at_1000_std": 0.006372,
        "nauc_ndcg_at_1000_diff1": 0.615344,
        "nauc_map_at_1_max": 0.367551,
        "nauc_map_at_1_std": 0.029301,
        "nauc_map_at_1_diff1": 0.673073,
        "nauc_map_at_3_max": 0.409893,
        "nauc_map_at_3_std": 0.006442,
        "nauc_map_at_3_diff1": 0.619506,
        "nauc_map_at_5_max": 0.407824,
        "nauc_map_at_5_std": 0.007366,
        "nauc_map_at_5_diff1": 0.617636,
        "nauc_map_at_10_max": 0.407395,
        "nauc_map_at_10_std": 0.000476,
        "nauc_map_at_10_diff1": 0.622907,
        "nauc_map_at_20_max": 0.406387,
        "nauc_map_at_20_std": 0.007171,
        "nauc_map_at_20_diff1": 0.62219,
        "nauc_map_at_100_max": 0.405743,
        "nauc_map_at_100_std": 0.007035,
        "nauc_map_at_100_diff1": 0.623268,
        "nauc_map_at_1000_max": 0.405776,
        "nauc_map_at_1000_std": 0.006975,
        "nauc_map_at_1000_diff1": 0.623341,
        "nauc_recall_at_1_max": 0.367551,
        "nauc_recall_at_1_std": 0.029301,
        "nauc_recall_at_1_diff1": 0.673073,
        "nauc_recall_at_3_max": 0.462801,
        "nauc_recall_at_3_std": -0.016582,
        "nauc_recall_at_3_diff1": 0.537324,
        "nauc_recall_at_5_max": 0.46143,
        "nauc_recall_at_5_std": -0.015012,
        "nauc_recall_at_5_diff1": 0.514182,
        "nauc_recall_at_10_max": 0.455088,
        "nauc_recall_at_10_std": -0.084525,
        "nauc_recall_at_10_diff1": 0.549415,
        "nauc_recall_at_20_max": 0.457122,
        "nauc_recall_at_20_std": 0.069687,
        "nauc_recall_at_20_diff1": 0.506346,
        "nauc_recall_at_100_max": 0.314617,
        "nauc_recall_at_100_std": 0.086028,
        "nauc_recall_at_100_diff1": 0.554919,
        "nauc_recall_at_1000_max": NaN,
        "nauc_recall_at_1000_std": NaN,
        "nauc_recall_at_1000_diff1": NaN,
        "nauc_precision_at_1_max": 0.367551,
        "nauc_precision_at_1_std": 0.029301,
        "nauc_precision_at_1_diff1": 0.673073,
        "nauc_precision_at_3_max": 0.462801,
        "nauc_precision_at_3_std": -0.016582,
        "nauc_precision_at_3_diff1": 0.537324,
        "nauc_precision_at_5_max": 0.46143,
        "nauc_precision_at_5_std": -0.015012,
        "nauc_precision_at_5_diff1": 0.514182,
        "nauc_precision_at_10_max": 0.455088,
        "nauc_precision_at_10_std": -0.084525,
        "nauc_precision_at_10_diff1": 0.549415,
        "nauc_precision_at_20_max": 0.457122,
        "nauc_precision_at_20_std": 0.069687,
        "nauc_precision_at_20_diff1": 0.506346,
        "nauc_precision_at_100_max": 0.314617,
        "nauc_precision_at_100_std": 0.086028,
        "nauc_precision_at_100_diff1": 0.554919,
        "nauc_precision_at_1000_max": 1.0,
        "nauc_precision_at_1000_std": 1.0,
        "nauc_precision_at_1000_diff1": 1.0,
        "nauc_mrr_at_1_max": 0.367551,
        "nauc_mrr_at_1_std": 0.029301,
        "nauc_mrr_at_1_diff1": 0.673073,
        "nauc_mrr_at_3_max": 0.409893,
        "nauc_mrr_at_3_std": 0.006442,
        "nauc_mrr_at_3_diff1": 0.619506,
        "nauc_mrr_at_5_max": 0.407824,
        "nauc_mrr_at_5_std": 0.007366,
        "nauc_mrr_at_5_diff1": 0.617636,
        "nauc_mrr_at_10_max": 0.407395,
        "nauc_mrr_at_10_std": 0.000476,
        "nauc_mrr_at_10_diff1": 0.622907,
        "nauc_mrr_at_20_max": 0.406387,
        "nauc_mrr_at_20_std": 0.007171,
        "nauc_mrr_at_20_diff1": 0.62219,
        "nauc_mrr_at_100_max": 0.405743,
        "nauc_mrr_at_100_std": 0.007035,
        "nauc_mrr_at_100_diff1": 0.623268,
        "nauc_mrr_at_1000_max": 0.405776,
        "nauc_mrr_at_1000_std": 0.006975,
        "nauc_mrr_at_1000_diff1": 0.623341,
        "main_score": 0.66404,
        "hf_subset": "default",
        "languages": [
          "eng-Latn"
        ]
      }
    ]
  },
  "evaluation_time": 0.24896693229675293,
  "kg_co2_emissions": null
}