{
  "dataset_revision": "e0144086b45fe31ac125e9ac1a83b6a409bb6ca6",
  "task_name": "News21InstructionRetrieval",
  "mteb_version": "1.34.4",
  "scores": {
    "test": [
      {
        "p-MRR": 0.006264,
        "individual": {
          "original": {
            "ndcg_at_1": 0.14062,
            "ndcg_at_3": 0.14186,
            "ndcg_at_5": 0.15161,
            "ndcg_at_10": 0.16998,
            "ndcg_at_20": 0.19113,
            "ndcg_at_100": 0.28356,
            "ndcg_at_1000": 0.40164,
            "map_at_1": 0.02445,
            "map_at_3": 0.04701,
            "map_at_5": 0.05736,
            "map_at_10": 0.07713,
            "map_at_20": 0.08863,
            "map_at_100": 0.11833,
            "map_at_1000": 0.13973,
            "recall_at_1": 0.02445,
            "recall_at_3": 0.05284,
            "recall_at_5": 0.07987,
            "recall_at_10": 0.14769,
            "recall_at_20": 0.21026,
            "recall_at_100": 0.48766,
            "recall_at_1000": 1.0,
            "precision_at_1": 0.28125,
            "precision_at_3": 0.19792,
            "precision_at_5": 0.2,
            "precision_at_10": 0.17188,
            "precision_at_20": 0.12969,
            "precision_at_100": 0.06656,
            "precision_at_1000": 0.01634,
            "naucs_at_1_max": 0.179761,
            "naucs_at_1_std": -0.072995,
            "naucs_at_1_diff1": -0.35633,
            "naucs_at_3_max": 0.043434,
            "naucs_at_3_std": -0.05205,
            "naucs_at_3_diff1": -0.31307,
            "naucs_at_5_max": 0.081124,
            "naucs_at_5_std": -0.103968,
            "naucs_at_5_diff1": -0.265685,
            "naucs_at_10_max": 0.091592,
            "naucs_at_10_std": -0.103767,
            "naucs_at_10_diff1": -0.299376,
            "naucs_at_20_max": 0.086969,
            "naucs_at_20_std": -0.08185,
            "naucs_at_20_diff1": -0.291528,
            "naucs_at_100_max": 0.087312,
            "naucs_at_100_std": -0.084712,
            "naucs_at_100_diff1": -0.292634,
            "naucs_at_1000_max": 0.087312,
            "naucs_at_1000_std": -0.084712,
            "naucs_at_1000_diff1": -0.292634,
            "mrr_at_1": 0.28125,
            "mrr_at_3": 0.359375,
            "mrr_at_5": 0.382812,
            "mrr_at_10": 0.397222,
            "mrr_at_20": 0.413333,
            "mrr_at_100": 0.416915,
            "mrr_at_1000": 0.416915
          },
          "changed": {
            "ndcg_at_1": 0.23438,
            "ndcg_at_3": 0.26393,
            "ndcg_at_5": 0.27954,
            "ndcg_at_10": 0.26919,
            "ndcg_at_20": 0.27562,
            "ndcg_at_100": 0.36481,
            "ndcg_at_1000": 0.53088,
            "map_at_1": 0.01858,
            "map_at_3": 0.0448,
            "map_at_5": 0.06855,
            "map_at_10": 0.09941,
            "map_at_20": 0.12272,
            "map_at_100": 0.17842,
            "map_at_1000": 0.22944,
            "recall_at_1": 0.01858,
            "recall_at_3": 0.04943,
            "recall_at_5": 0.08471,
            "recall_at_10": 0.13951,
            "recall_at_20": 0.19708,
            "recall_at_100": 0.43777,
            "recall_at_1000": 1.0,
            "precision_at_1": 0.53125,
            "precision_at_3": 0.47917,
            "precision_at_5": 0.4875,
            "precision_at_10": 0.40625,
            "precision_at_20": 0.30156,
            "precision_at_100": 0.14969,
            "precision_at_1000": 0.03725,
            "naucs_at_1_max": 0.098218,
            "naucs_at_1_std": 0.139602,
            "naucs_at_1_diff1": -0.126224,
            "naucs_at_3_max": -0.073094,
            "naucs_at_3_std": 0.060275,
            "naucs_at_3_diff1": -0.067435,
            "naucs_at_5_max": 0.024192,
            "naucs_at_5_std": 0.099572,
            "naucs_at_5_diff1": -0.107787,
            "naucs_at_10_max": 0.015677,
            "naucs_at_10_std": 0.078051,
            "naucs_at_10_diff1": -0.122297,
            "naucs_at_20_max": 0.017478,
            "naucs_at_20_std": 0.090264,
            "naucs_at_20_diff1": -0.105913,
            "naucs_at_100_max": 0.017478,
            "naucs_at_100_std": 0.090264,
            "naucs_at_100_diff1": -0.105913,
            "naucs_at_1000_max": 0.017478,
            "naucs_at_1000_std": 0.090264,
            "naucs_at_1000_diff1": -0.105913,
            "mrr_at_1": 0.53125,
            "mrr_at_3": 0.630208,
            "mrr_at_5": 0.666146,
            "mrr_at_10": 0.676562,
            "mrr_at_20": 0.678966,
            "mrr_at_100": 0.678966,
            "mrr_at_1000": 0.678966
          }
        },
        "main_score": 0.006264,
        "hf_subset": "default",
        "languages": [
          "eng-Latn"
        ]
      }
    ]
  },
  "evaluation_time": 61.4410879611969,
  "kg_co2_emissions": null
}