{
  "dataset_revision": "a5a1c4fe2bc528ac12e83f8cdf82178da85d2f1d",
  "task_name": "Robust04InstructionRetrieval",
  "mteb_version": "1.34.4",
  "scores": {
    "test": [
      {
        "p-MRR": 0.014091,
        "individual": {
          "original": {
            "ndcg_at_1": 0.03846,
            "ndcg_at_3": 0.0419,
            "ndcg_at_5": 0.04237,
            "ndcg_at_10": 0.05931,
            "ndcg_at_20": 0.06693,
            "ndcg_at_100": 0.12025,
            "ndcg_at_1000": 0.3447,
            "map_at_1": 0.00656,
            "map_at_3": 0.01014,
            "map_at_5": 0.01107,
            "map_at_10": 0.01792,
            "map_at_20": 0.02043,
            "map_at_100": 0.03008,
            "map_at_1000": 0.0512,
            "recall_at_1": 0.00656,
            "recall_at_3": 0.01595,
            "recall_at_5": 0.01934,
            "recall_at_10": 0.05431,
            "recall_at_20": 0.07745,
            "recall_at_100": 0.21826,
            "recall_at_1000": 1.0,
            "precision_at_1": 0.03846,
            "precision_at_3": 0.05128,
            "precision_at_5": 0.04615,
            "precision_at_10": 0.05577,
            "precision_at_20": 0.05,
            "precision_at_100": 0.03404,
            "precision_at_1000": 0.01981,
            "naucs_at_1_max": -0.485522,
            "naucs_at_1_std": -0.304428,
            "naucs_at_1_diff1": 0.399498,
            "naucs_at_3_max": -0.301144,
            "naucs_at_3_std": -0.13483,
            "naucs_at_3_diff1": 0.199054,
            "naucs_at_5_max": -0.287539,
            "naucs_at_5_std": -0.204296,
            "naucs_at_5_diff1": 0.101619,
            "naucs_at_10_max": -0.23001,
            "naucs_at_10_std": -0.193275,
            "naucs_at_10_diff1": 0.111449,
            "naucs_at_20_max": -0.23869,
            "naucs_at_20_std": -0.220569,
            "naucs_at_20_diff1": 0.114944,
            "naucs_at_100_max": -0.233307,
            "naucs_at_100_std": -0.203931,
            "naucs_at_100_diff1": 0.123215,
            "naucs_at_1000_max": -0.2348,
            "naucs_at_1000_std": -0.203514,
            "naucs_at_1000_diff1": 0.123436,
            "mrr_at_1": 0.038462,
            "mrr_at_3": 0.089744,
            "mrr_at_5": 0.103205,
            "mrr_at_10": 0.122527,
            "mrr_at_20": 0.134815,
            "mrr_at_100": 0.143779,
            "mrr_at_1000": 0.144469
          },
          "changed": {
            "ndcg_at_1": 0.05769,
            "ndcg_at_3": 0.05519,
            "ndcg_at_5": 0.0633,
            "ndcg_at_10": 0.0699,
            "ndcg_at_20": 0.08118,
            "ndcg_at_100": 0.12913,
            "ndcg_at_1000": 0.40484,
            "map_at_1": 0.00362,
            "map_at_3": 0.00475,
            "map_at_5": 0.0073,
            "map_at_10": 0.01081,
            "map_at_20": 0.01664,
            "map_at_100": 0.02932,
            "map_at_1000": 0.06335,
            "recall_at_1": 0.00362,
            "recall_at_3": 0.00584,
            "recall_at_5": 0.01493,
            "recall_at_10": 0.0345,
            "recall_at_20": 0.07394,
            "recall_at_100": 0.20184,
            "recall_at_1000": 1.0,
            "precision_at_1": 0.09615,
            "precision_at_3": 0.07051,
            "precision_at_5": 0.07692,
            "precision_at_10": 0.08269,
            "precision_at_20": 0.08462,
            "precision_at_100": 0.05558,
            "precision_at_1000": 0.03369,
            "naucs_at_1_max": 0.101752,
            "naucs_at_1_std": -0.171022,
            "naucs_at_1_diff1": -0.193491,
            "naucs_at_3_max": 0.128245,
            "naucs_at_3_std": -0.191665,
            "naucs_at_3_diff1": -0.2074,
            "naucs_at_5_max": 0.055254,
            "naucs_at_5_std": -0.218001,
            "naucs_at_5_diff1": -0.191836,
            "naucs_at_10_max": 0.044979,
            "naucs_at_10_std": -0.213655,
            "naucs_at_10_diff1": -0.152397,
            "naucs_at_20_max": 0.034878,
            "naucs_at_20_std": -0.22332,
            "naucs_at_20_diff1": -0.142208,
            "naucs_at_100_max": 0.042161,
            "naucs_at_100_std": -0.222065,
            "naucs_at_100_diff1": -0.147738,
            "naucs_at_1000_max": 0.042357,
            "naucs_at_1000_std": -0.222071,
            "naucs_at_1000_diff1": -0.148778,
            "mrr_at_1": 0.096154,
            "mrr_at_3": 0.141026,
            "mrr_at_5": 0.172756,
            "mrr_at_10": 0.199138,
            "mrr_at_20": 0.213821,
            "mrr_at_100": 0.217525,
            "mrr_at_1000": 0.218042
          }
        },
        "main_score": 0.014091,
        "hf_subset": "default",
        "languages": [
          "eng-Latn"
        ]
      }
    ]
  },
  "evaluation_time": 102.97399973869324,
  "kg_co2_emissions": null
}