{
  "dataset_revision": "f8c2fcf00f625baaa80f62ec5bd9e1fff3b8ae88",
  "task_name": "SCIDOCS",
  "mteb_version": "1.34.4",
  "scores": {
    "test": [
      {
        "ndcg_at_1": 0.018,
        "ndcg_at_3": 0.01712,
        "ndcg_at_5": 0.01599,
        "ndcg_at_10": 0.01974,
        "ndcg_at_20": 0.02359,
        "ndcg_at_100": 0.03349,
        "ndcg_at_1000": 0.06041,
        "map_at_1": 0.0036,
        "map_at_3": 0.00689,
        "map_at_5": 0.00834,
        "map_at_10": 0.00965,
        "map_at_20": 0.01042,
        "map_at_100": 0.01164,
        "map_at_1000": 0.0124,
        "recall_at_1": 0.0036,
        "recall_at_3": 0.01023,
        "recall_at_5": 0.01523,
        "recall_at_10": 0.02213,
        "recall_at_20": 0.03113,
        "recall_at_100": 0.06435,
        "recall_at_1000": 0.20097,
        "precision_at_1": 0.018,
        "precision_at_3": 0.01667,
        "precision_at_5": 0.015,
        "precision_at_10": 0.0109,
        "precision_at_20": 0.00765,
        "precision_at_100": 0.00316,
        "precision_at_1000": 0.00099,
        "mrr_at_1": 0.018,
        "mrr_at_3": 0.029667,
        "mrr_at_5": 0.034267,
        "mrr_at_10": 0.037385,
        "mrr_at_20": 0.04001,
        "mrr_at_100": 0.041865,
        "mrr_at_1000": 0.042915,
        "nauc_ndcg_at_1_max": -0.113392,
        "nauc_ndcg_at_1_std": -0.296917,
        "nauc_ndcg_at_1_diff1": 0.139507,
        "nauc_ndcg_at_3_max": -0.170894,
        "nauc_ndcg_at_3_std": -0.307559,
        "nauc_ndcg_at_3_diff1": 0.096284,
        "nauc_ndcg_at_5_max": -0.19903,
        "nauc_ndcg_at_5_std": -0.321521,
        "nauc_ndcg_at_5_diff1": 0.093275,
        "nauc_ndcg_at_10_max": -0.200372,
        "nauc_ndcg_at_10_std": -0.330499,
        "nauc_ndcg_at_10_diff1": 0.07501,
        "nauc_ndcg_at_20_max": -0.222532,
        "nauc_ndcg_at_20_std": -0.349137,
        "nauc_ndcg_at_20_diff1": 0.073398,
        "nauc_ndcg_at_100_max": -0.23107,
        "nauc_ndcg_at_100_std": -0.369665,
        "nauc_ndcg_at_100_diff1": 0.072295,
        "nauc_ndcg_at_1000_max": -0.212636,
        "nauc_ndcg_at_1000_std": -0.350896,
        "nauc_ndcg_at_1000_diff1": 0.064293,
        "nauc_map_at_1_max": -0.113392,
        "nauc_map_at_1_std": -0.296917,
        "nauc_map_at_1_diff1": 0.139507,
        "nauc_map_at_3_max": -0.15688,
        "nauc_map_at_3_std": -0.307906,
        "nauc_map_at_3_diff1": 0.104554,
        "nauc_map_at_5_max": -0.166491,
        "nauc_map_at_5_std": -0.320156,
        "nauc_map_at_5_diff1": 0.094905,
        "nauc_map_at_10_max": -0.173539,
        "nauc_map_at_10_std": -0.332236,
        "nauc_map_at_10_diff1": 0.085607,
        "nauc_map_at_20_max": -0.186503,
        "nauc_map_at_20_std": -0.339779,
        "nauc_map_at_20_diff1": 0.077687,
        "nauc_map_at_100_max": -0.192482,
        "nauc_map_at_100_std": -0.348063,
        "nauc_map_at_100_diff1": 0.075518,
        "nauc_map_at_1000_max": -0.193823,
        "nauc_map_at_1000_std": -0.34868,
        "nauc_map_at_1000_diff1": 0.074149,
        "nauc_recall_at_1_max": -0.113392,
        "nauc_recall_at_1_std": -0.296917,
        "nauc_recall_at_1_diff1": 0.139507,
        "nauc_recall_at_3_max": -0.187961,
        "nauc_recall_at_3_std": -0.319433,
        "nauc_recall_at_3_diff1": 0.097086,
        "nauc_recall_at_5_max": -0.221648,
        "nauc_recall_at_5_std": -0.335933,
        "nauc_recall_at_5_diff1": 0.088456,
        "nauc_recall_at_10_max": -0.214952,
        "nauc_recall_at_10_std": -0.344626,
        "nauc_recall_at_10_diff1": 0.064996,
        "nauc_recall_at_20_max": -0.253018,
        "nauc_recall_at_20_std": -0.376603,
        "nauc_recall_at_20_diff1": 0.068081,
        "nauc_recall_at_100_max": -0.247435,
        "nauc_recall_at_100_std": -0.391469,
        "nauc_recall_at_100_diff1": 0.06645,
        "nauc_recall_at_1000_max": -0.190695,
        "nauc_recall_at_1000_std": -0.326775,
        "nauc_recall_at_1000_diff1": 0.05616,
        "nauc_precision_at_1_max": -0.113392,
        "nauc_precision_at_1_std": -0.296917,
        "nauc_precision_at_1_diff1": 0.139507,
        "nauc_precision_at_3_max": -0.181535,
        "nauc_precision_at_3_std": -0.315229,
        "nauc_precision_at_3_diff1": 0.089541,
        "nauc_precision_at_5_max": -0.217887,
        "nauc_precision_at_5_std": -0.333387,
        "nauc_precision_at_5_diff1": 0.083291,
        "nauc_precision_at_10_max": -0.213291,
        "nauc_precision_at_10_std": -0.342758,
        "nauc_precision_at_10_diff1": 0.063538,
        "nauc_precision_at_20_max": -0.250823,
        "nauc_precision_at_20_std": -0.37487,
        "nauc_precision_at_20_diff1": 0.065351,
        "nauc_precision_at_100_max": -0.250561,
        "nauc_precision_at_100_std": -0.391355,
        "nauc_precision_at_100_diff1": 0.066394,
        "nauc_precision_at_1000_max": -0.192034,
        "nauc_precision_at_1000_std": -0.323197,
        "nauc_precision_at_1000_diff1": 0.055073,
        "nauc_mrr_at_1_max": -0.113392,
        "nauc_mrr_at_1_std": -0.296917,
        "nauc_mrr_at_1_diff1": 0.139507,
        "nauc_mrr_at_3_max": -0.178357,
        "nauc_mrr_at_3_std": -0.301716,
        "nauc_mrr_at_3_diff1": 0.099411,
        "nauc_mrr_at_5_max": -0.20473,
        "nauc_mrr_at_5_std": -0.306854,
        "nauc_mrr_at_5_diff1": 0.097872,
        "nauc_mrr_at_10_max": -0.201667,
        "nauc_mrr_at_10_std": -0.308492,
        "nauc_mrr_at_10_diff1": 0.084833,
        "nauc_mrr_at_20_max": -0.208361,
        "nauc_mrr_at_20_std": -0.316208,
        "nauc_mrr_at_20_diff1": 0.087203,
        "nauc_mrr_at_100_max": -0.209582,
        "nauc_mrr_at_100_std": -0.322362,
        "nauc_mrr_at_100_diff1": 0.08868,
        "nauc_mrr_at_1000_max": -0.208473,
        "nauc_mrr_at_1000_std": -0.321378,
        "nauc_mrr_at_1000_diff1": 0.087113,
        "main_score": 0.01974,
        "hf_subset": "default",
        "languages": [
          "eng-Latn"
        ]
      }
    ]
  },
  "evaluation_time": 123.49794387817383,
  "kg_co2_emissions": null
}