{
  "dataset_revision": "9ab3ca3ccdd0d43f9cd6d346a363935d127f4f45",
  "task_name": "SpartQA",
  "mteb_version": "1.34.4",
  "scores": {
    "test": [
      {
        "ndcg_at_1": 0.04201,
        "ndcg_at_3": 0.0575,
        "ndcg_at_5": 0.0775,
        "ndcg_at_10": 0.10057,
        "ndcg_at_20": 0.12249,
        "ndcg_at_100": 0.15074,
        "ndcg_at_1000": 0.17845,
        "map_at_1": 0.02328,
        "map_at_3": 0.04659,
        "map_at_5": 0.05738,
        "map_at_10": 0.06663,
        "map_at_20": 0.07277,
        "map_at_100": 0.07664,
        "map_at_1000": 0.07741,
        "recall_at_1": 0.02328,
        "recall_at_3": 0.07104,
        "recall_at_5": 0.11593,
        "recall_at_10": 0.18104,
        "recall_at_20": 0.25654,
        "recall_at_100": 0.38759,
        "recall_at_1000": 0.59071,
        "precision_at_1": 0.04201,
        "precision_at_3": 0.0384,
        "precision_at_5": 0.03617,
        "precision_at_10": 0.02782,
        "precision_at_20": 0.02009,
        "precision_at_100": 0.00639,
        "precision_at_1000": 0.00101,
        "mrr_at_1": 0.042014,
        "mrr_at_3": 0.064738,
        "mrr_at_5": 0.077078,
        "mrr_at_10": 0.087942,
        "mrr_at_20": 0.094951,
        "mrr_at_100": 0.099403,
        "mrr_at_1000": 0.100178,
        "nauc_ndcg_at_1_max": 0.186035,
        "nauc_ndcg_at_1_std": 0.318333,
        "nauc_ndcg_at_1_diff1": 0.387054,
        "nauc_ndcg_at_3_max": 0.408022,
        "nauc_ndcg_at_3_std": 0.254889,
        "nauc_ndcg_at_3_diff1": 0.149744,
        "nauc_ndcg_at_5_max": 0.450008,
        "nauc_ndcg_at_5_std": 0.272633,
        "nauc_ndcg_at_5_diff1": 0.135955,
        "nauc_ndcg_at_10_max": 0.470948,
        "nauc_ndcg_at_10_std": 0.299899,
        "nauc_ndcg_at_10_diff1": 0.101595,
        "nauc_ndcg_at_20_max": 0.461788,
        "nauc_ndcg_at_20_std": 0.362713,
        "nauc_ndcg_at_20_diff1": 0.078769,
        "nauc_ndcg_at_100_max": 0.38998,
        "nauc_ndcg_at_100_std": 0.379741,
        "nauc_ndcg_at_100_diff1": 0.05347,
        "nauc_ndcg_at_1000_max": 0.372523,
        "nauc_ndcg_at_1000_std": 0.4005,
        "nauc_ndcg_at_1000_diff1": 0.061087,
        "nauc_map_at_1_max": 0.325522,
        "nauc_map_at_1_std": 0.318523,
        "nauc_map_at_1_diff1": 0.257419,
        "nauc_map_at_3_max": 0.407389,
        "nauc_map_at_3_std": 0.265273,
        "nauc_map_at_3_diff1": 0.153912,
        "nauc_map_at_5_max": 0.43507,
        "nauc_map_at_5_std": 0.277255,
        "nauc_map_at_5_diff1": 0.146808,
        "nauc_map_at_10_max": 0.450696,
        "nauc_map_at_10_std": 0.290972,
        "nauc_map_at_10_diff1": 0.126958,
        "nauc_map_at_20_max": 0.449289,
        "nauc_map_at_20_std": 0.318702,
        "nauc_map_at_20_diff1": 0.116315,
        "nauc_map_at_100_max": 0.435243,
        "nauc_map_at_100_std": 0.324298,
        "nauc_map_at_100_diff1": 0.111336,
        "nauc_map_at_1000_max": 0.433826,
        "nauc_map_at_1000_std": 0.325921,
        "nauc_map_at_1000_diff1": 0.112364,
        "nauc_recall_at_1_max": 0.325522,
        "nauc_recall_at_1_std": 0.318523,
        "nauc_recall_at_1_diff1": 0.257419,
        "nauc_recall_at_3_max": 0.498052,
        "nauc_recall_at_3_std": 0.22917,
        "nauc_recall_at_3_diff1": 0.062617,
        "nauc_recall_at_5_max": 0.527004,
        "nauc_recall_at_5_std": 0.25249,
        "nauc_recall_at_5_diff1": 0.061199,
        "nauc_recall_at_10_max": 0.541734,
        "nauc_recall_at_10_std": 0.298304,
        "nauc_recall_at_10_diff1": 0.023281,
        "nauc_recall_at_20_max": 0.499235,
        "nauc_recall_at_20_std": 0.394389,
        "nauc_recall_at_20_diff1": -0.012435,
        "nauc_recall_at_100_max": 0.318394,
        "nauc_recall_at_100_std": 0.412574,
        "nauc_recall_at_100_diff1": -0.065364,
        "nauc_recall_at_1000_max": 0.224436,
        "nauc_recall_at_1000_std": 0.458825,
        "nauc_recall_at_1000_diff1": -0.069458,
        "nauc_precision_at_1_max": 0.186035,
        "nauc_precision_at_1_std": 0.318333,
        "nauc_precision_at_1_diff1": 0.387054,
        "nauc_precision_at_3_max": 0.329143,
        "nauc_precision_at_3_std": 0.269097,
        "nauc_precision_at_3_diff1": 0.221909,
        "nauc_precision_at_5_max": 0.390942,
        "nauc_precision_at_5_std": 0.302729,
        "nauc_precision_at_5_diff1": 0.194289,
        "nauc_precision_at_10_max": 0.40778,
        "nauc_precision_at_10_std": 0.347951,
        "nauc_precision_at_10_diff1": 0.126614,
        "nauc_precision_at_20_max": 0.357919,
        "nauc_precision_at_20_std": 0.448102,
        "nauc_precision_at_20_diff1": 0.081622,
        "nauc_precision_at_100_max": 0.119605,
        "nauc_precision_at_100_std": 0.427235,
        "nauc_precision_at_100_diff1": 0.009127,
        "nauc_precision_at_1000_max": -0.055906,
        "nauc_precision_at_1000_std": 0.367432,
        "nauc_precision_at_1000_diff1": 0.002606,
        "nauc_mrr_at_1_max": 0.186035,
        "nauc_mrr_at_1_std": 0.318333,
        "nauc_mrr_at_1_diff1": 0.387054,
        "nauc_mrr_at_3_max": 0.310034,
        "nauc_mrr_at_3_std": 0.263032,
        "nauc_mrr_at_3_diff1": 0.239384,
        "nauc_mrr_at_5_max": 0.347039,
        "nauc_mrr_at_5_std": 0.270956,
        "nauc_mrr_at_5_diff1": 0.215063,
        "nauc_mrr_at_10_max": 0.36006,
        "nauc_mrr_at_10_std": 0.283701,
        "nauc_mrr_at_10_diff1": 0.188461,
        "nauc_mrr_at_20_max": 0.356997,
        "nauc_mrr_at_20_std": 0.306164,
        "nauc_mrr_at_20_diff1": 0.180279,
        "nauc_mrr_at_100_max": 0.345187,
        "nauc_mrr_at_100_std": 0.306933,
        "nauc_mrr_at_100_diff1": 0.175657,
        "nauc_mrr_at_1000_max": 0.344398,
        "nauc_mrr_at_1000_std": 0.307823,
        "nauc_mrr_at_1000_diff1": 0.176619,
        "main_score": 0.10057,
        "hf_subset": "default",
        "languages": [
          "eng-Latn"
        ]
      }
    ]
  },
  "evaluation_time": 3.6510801315307617,
  "kg_co2_emissions": null
}