{
  "dataset_revision": "db8f169f3894c14a00251061f957b2063eef2bd5",
  "task_name": "StackOverflowQA",
  "mteb_version": "1.34.4",
  "scores": {
    "test": [
      {
        "ndcg_at_1": 0.24875,
        "ndcg_at_3": 0.27971,
        "ndcg_at_5": 0.29003,
        "ndcg_at_10": 0.30177,
        "ndcg_at_20": 0.30984,
        "ndcg_at_100": 0.32496,
        "ndcg_at_1000": 0.34565,
        "map_at_1": 0.24875,
        "map_at_3": 0.2719,
        "map_at_5": 0.27762,
        "map_at_10": 0.28249,
        "map_at_20": 0.28469,
        "map_at_100": 0.2867,
        "map_at_1000": 0.28733,
        "recall_at_1": 0.24875,
        "recall_at_3": 0.30241,
        "recall_at_5": 0.32748,
        "recall_at_10": 0.36359,
        "recall_at_20": 0.39569,
        "recall_at_100": 0.47844,
        "recall_at_1000": 0.64995,
        "precision_at_1": 0.24875,
        "precision_at_3": 0.1008,
        "precision_at_5": 0.0655,
        "precision_at_10": 0.03636,
        "precision_at_20": 0.01978,
        "precision_at_100": 0.00478,
        "precision_at_1000": 0.00065,
        "mrr_at_1": 0.248746,
        "mrr_at_3": 0.271899,
        "mrr_at_5": 0.277616,
        "mrr_at_10": 0.282495,
        "mrr_at_20": 0.284691,
        "mrr_at_100": 0.2867,
        "mrr_at_1000": 0.287329,
        "nauc_ndcg_at_1_max": 0.430643,
        "nauc_ndcg_at_1_std": 0.080309,
        "nauc_ndcg_at_1_diff1": 0.763967,
        "nauc_ndcg_at_3_max": 0.388249,
        "nauc_ndcg_at_3_std": 0.071539,
        "nauc_ndcg_at_3_diff1": 0.699047,
        "nauc_ndcg_at_5_max": 0.376591,
        "nauc_ndcg_at_5_std": 0.071114,
        "nauc_ndcg_at_5_diff1": 0.681127,
        "nauc_ndcg_at_10_max": 0.369895,
        "nauc_ndcg_at_10_std": 0.079182,
        "nauc_ndcg_at_10_diff1": 0.671984,
        "nauc_ndcg_at_20_max": 0.361755,
        "nauc_ndcg_at_20_std": 0.08296,
        "nauc_ndcg_at_20_diff1": 0.665503,
        "nauc_ndcg_at_100_max": 0.347454,
        "nauc_ndcg_at_100_std": 0.083463,
        "nauc_ndcg_at_100_diff1": 0.65538,
        "nauc_ndcg_at_1000_max": 0.339689,
        "nauc_ndcg_at_1000_std": 0.083049,
        "nauc_ndcg_at_1000_diff1": 0.648675,
        "nauc_map_at_1_max": 0.430643,
        "nauc_map_at_1_std": 0.080309,
        "nauc_map_at_1_diff1": 0.763967,
        "nauc_map_at_3_max": 0.399057,
        "nauc_map_at_3_std": 0.072524,
        "nauc_map_at_3_diff1": 0.714539,
        "nauc_map_at_5_max": 0.392357,
        "nauc_map_at_5_std": 0.072237,
        "nauc_map_at_5_diff1": 0.704402,
        "nauc_map_at_10_max": 0.389264,
        "nauc_map_at_10_std": 0.075673,
        "nauc_map_at_10_diff1": 0.700235,
        "nauc_map_at_20_max": 0.387045,
        "nauc_map_at_20_std": 0.076557,
        "nauc_map_at_20_diff1": 0.698452,
        "nauc_map_at_100_max": 0.385134,
        "nauc_map_at_100_std": 0.076859,
        "nauc_map_at_100_diff1": 0.697015,
        "nauc_map_at_1000_max": 0.38487,
        "nauc_map_at_1000_std": 0.076802,
        "nauc_map_at_1000_diff1": 0.696689,
        "nauc_recall_at_1_max": 0.430643,
        "nauc_recall_at_1_std": 0.080309,
        "nauc_recall_at_1_diff1": 0.763967,
        "nauc_recall_at_3_max": 0.358164,
        "nauc_recall_at_3_std": 0.069244,
        "nauc_recall_at_3_diff1": 0.656307,
        "nauc_recall_at_5_max": 0.331819,
        "nauc_recall_at_5_std": 0.068458,
        "nauc_recall_at_5_diff1": 0.615146,
        "nauc_recall_at_10_max": 0.314135,
        "nauc_recall_at_10_std": 0.09186,
        "nauc_recall_at_10_diff1": 0.590825,
        "nauc_recall_at_20_max": 0.284202,
        "nauc_recall_at_20_std": 0.106852,
        "nauc_recall_at_20_diff1": 0.567622,
        "nauc_recall_at_100_max": 0.206911,
        "nauc_recall_at_100_std": 0.106841,
        "nauc_recall_at_100_diff1": 0.513404,
        "nauc_recall_at_1000_max": 0.104712,
        "nauc_recall_at_1000_std": 0.110037,
        "nauc_recall_at_1000_diff1": 0.426318,
        "nauc_precision_at_1_max": 0.430643,
        "nauc_precision_at_1_std": 0.080309,
        "nauc_precision_at_1_diff1": 0.763967,
        "nauc_precision_at_3_max": 0.358164,
        "nauc_precision_at_3_std": 0.069244,
        "nauc_precision_at_3_diff1": 0.656307,
        "nauc_precision_at_5_max": 0.331819,
        "nauc_precision_at_5_std": 0.068458,
        "nauc_precision_at_5_diff1": 0.615146,
        "nauc_precision_at_10_max": 0.314135,
        "nauc_precision_at_10_std": 0.09186,
        "nauc_precision_at_10_diff1": 0.590825,
        "nauc_precision_at_20_max": 0.284202,
        "nauc_precision_at_20_std": 0.106852,
        "nauc_precision_at_20_diff1": 0.567622,
        "nauc_precision_at_100_max": 0.206911,
        "nauc_precision_at_100_std": 0.106841,
        "nauc_precision_at_100_diff1": 0.513404,
        "nauc_precision_at_1000_max": 0.104712,
        "nauc_precision_at_1000_std": 0.110037,
        "nauc_precision_at_1000_diff1": 0.426318,
        "nauc_mrr_at_1_max": 0.430643,
        "nauc_mrr_at_1_std": 0.080309,
        "nauc_mrr_at_1_diff1": 0.763967,
        "nauc_mrr_at_3_max": 0.399057,
        "nauc_mrr_at_3_std": 0.072524,
        "nauc_mrr_at_3_diff1": 0.714539,
        "nauc_mrr_at_5_max": 0.392357,
        "nauc_mrr_at_5_std": 0.072237,
        "nauc_mrr_at_5_diff1": 0.704402,
        "nauc_mrr_at_10_max": 0.389264,
        "nauc_mrr_at_10_std": 0.075673,
        "nauc_mrr_at_10_diff1": 0.700235,
        "nauc_mrr_at_20_max": 0.387045,
        "nauc_mrr_at_20_std": 0.076557,
        "nauc_mrr_at_20_diff1": 0.698452,
        "nauc_mrr_at_100_max": 0.385134,
        "nauc_mrr_at_100_std": 0.076859,
        "nauc_mrr_at_100_diff1": 0.697015,
        "nauc_mrr_at_1000_max": 0.38487,
        "nauc_mrr_at_1000_std": 0.076802,
        "nauc_mrr_at_1000_diff1": 0.696689,
        "main_score": 0.30177,
        "hf_subset": "default",
        "languages": [
          "eng-Latn"
        ]
      }
    ]
  },
  "evaluation_time": 100.1747031211853,
  "kg_co2_emissions": null
}