{
  "dataset_revision": "9097e99aa8c9d827189c65f2e11bfe756af439f6",
  "task_name": "TempReasonL1",
  "mteb_version": "1.34.4",
  "scores": {
    "test": [
      {
        "ndcg_at_1": 0.00075,
        "ndcg_at_3": 0.00721,
        "ndcg_at_5": 0.01066,
        "ndcg_at_10": 0.01781,
        "ndcg_at_20": 0.02453,
        "ndcg_at_100": 0.04932,
        "ndcg_at_1000": 0.1028,
        "map_at_1": 0.00075,
        "map_at_3": 0.00533,
        "map_at_5": 0.00722,
        "map_at_10": 0.0101,
        "map_at_20": 0.01191,
        "map_at_100": 0.01494,
        "map_at_1000": 0.0165,
        "recall_at_1": 0.00075,
        "recall_at_3": 0.01275,
        "recall_at_5": 0.02125,
        "recall_at_10": 0.04375,
        "recall_at_20": 0.0705,
        "recall_at_100": 0.21025,
        "recall_at_1000": 0.65675,
        "precision_at_1": 0.00075,
        "precision_at_3": 0.00425,
        "precision_at_5": 0.00425,
        "precision_at_10": 0.00437,
        "precision_at_20": 0.00353,
        "precision_at_100": 0.0021,
        "precision_at_1000": 0.00066,
        "mrr_at_1": 0.00075,
        "mrr_at_3": 0.005333,
        "mrr_at_5": 0.007221,
        "mrr_at_10": 0.010098,
        "mrr_at_20": 0.011914,
        "mrr_at_100": 0.014938,
        "mrr_at_1000": 0.016503,
        "nauc_ndcg_at_1_max": 0.887309,
        "nauc_ndcg_at_1_std": 0.887309,
        "nauc_ndcg_at_1_diff1": -0.153206,
        "nauc_ndcg_at_3_max": 0.759474,
        "nauc_ndcg_at_3_std": 0.593156,
        "nauc_ndcg_at_3_diff1": 0.033029,
        "nauc_ndcg_at_5_max": 0.743891,
        "nauc_ndcg_at_5_std": 0.564957,
        "nauc_ndcg_at_5_diff1": 0.004781,
        "nauc_ndcg_at_10_max": 0.695551,
        "nauc_ndcg_at_10_std": 0.52114,
        "nauc_ndcg_at_10_diff1": 0.024247,
        "nauc_ndcg_at_20_max": 0.61283,
        "nauc_ndcg_at_20_std": 0.448625,
        "nauc_ndcg_at_20_diff1": 0.047044,
        "nauc_ndcg_at_100_max": 0.434995,
        "nauc_ndcg_at_100_std": 0.349643,
        "nauc_ndcg_at_100_diff1": 0.027785,
        "nauc_ndcg_at_1000_max": 0.303975,
        "nauc_ndcg_at_1000_std": 0.352388,
        "nauc_ndcg_at_1000_diff1": 0.026329,
        "nauc_map_at_1_max": 0.887309,
        "nauc_map_at_1_std": 0.887309,
        "nauc_map_at_1_diff1": -0.153206,
        "nauc_map_at_3_max": 0.761852,
        "nauc_map_at_3_std": 0.595808,
        "nauc_map_at_3_diff1": 0.042861,
        "nauc_map_at_5_max": 0.749231,
        "nauc_map_at_5_std": 0.57198,
        "nauc_map_at_5_diff1": 0.016781,
        "nauc_map_at_10_max": 0.71464,
        "nauc_map_at_10_std": 0.539254,
        "nauc_map_at_10_diff1": 0.026157,
        "nauc_map_at_20_max": 0.66588,
        "nauc_map_at_20_std": 0.495125,
        "nauc_map_at_20_diff1": 0.03807,
        "nauc_map_at_100_max": 0.591288,
        "nauc_map_at_100_std": 0.450474,
        "nauc_map_at_100_diff1": 0.032399,
        "nauc_map_at_1000_max": 0.576868,
        "nauc_map_at_1000_std": 0.449286,
        "nauc_map_at_1000_diff1": 0.032141,
        "nauc_recall_at_1_max": 0.887309,
        "nauc_recall_at_1_std": 0.887309,
        "nauc_recall_at_1_diff1": -0.153206,
        "nauc_recall_at_3_max": 0.756941,
        "nauc_recall_at_3_std": 0.591218,
        "nauc_recall_at_3_diff1": 0.018372,
        "nauc_recall_at_5_max": 0.737894,
        "nauc_recall_at_5_std": 0.557692,
        "nauc_recall_at_5_diff1": -0.009656,
        "nauc_recall_at_10_max": 0.677502,
        "nauc_recall_at_10_std": 0.50484,
        "nauc_recall_at_10_diff1": 0.023966,
        "nauc_recall_at_20_max": 0.569355,
        "nauc_recall_at_20_std": 0.411715,
        "nauc_recall_at_20_diff1": 0.05634,
        "nauc_recall_at_100_max": 0.34567,
        "nauc_recall_at_100_std": 0.294614,
        "nauc_recall_at_100_diff1": 0.023918,
        "nauc_recall_at_1000_max": 0.06001,
        "nauc_recall_at_1000_std": 0.299144,
        "nauc_recall_at_1000_diff1": 0.020834,
        "nauc_precision_at_1_max": 0.887309,
        "nauc_precision_at_1_std": 0.887309,
        "nauc_precision_at_1_diff1": -0.153206,
        "nauc_precision_at_3_max": 0.756941,
        "nauc_precision_at_3_std": 0.591218,
        "nauc_precision_at_3_diff1": 0.018372,
        "nauc_precision_at_5_max": 0.737894,
        "nauc_precision_at_5_std": 0.557692,
        "nauc_precision_at_5_diff1": -0.009656,
        "nauc_precision_at_10_max": 0.677502,
        "nauc_precision_at_10_std": 0.50484,
        "nauc_precision_at_10_diff1": 0.023966,
        "nauc_precision_at_20_max": 0.569355,
        "nauc_precision_at_20_std": 0.411715,
        "nauc_precision_at_20_diff1": 0.05634,
        "nauc_precision_at_100_max": 0.34567,
        "nauc_precision_at_100_std": 0.294614,
        "nauc_precision_at_100_diff1": 0.023918,
        "nauc_precision_at_1000_max": 0.06001,
        "nauc_precision_at_1000_std": 0.299144,
        "nauc_precision_at_1000_diff1": 0.020834,
        "nauc_mrr_at_1_max": 0.887309,
        "nauc_mrr_at_1_std": 0.887309,
        "nauc_mrr_at_1_diff1": -0.153206,
        "nauc_mrr_at_3_max": 0.761852,
        "nauc_mrr_at_3_std": 0.595808,
        "nauc_mrr_at_3_diff1": 0.042861,
        "nauc_mrr_at_5_max": 0.749231,
        "nauc_mrr_at_5_std": 0.57198,
        "nauc_mrr_at_5_diff1": 0.016781,
        "nauc_mrr_at_10_max": 0.71464,
        "nauc_mrr_at_10_std": 0.539254,
        "nauc_mrr_at_10_diff1": 0.026157,
        "nauc_mrr_at_20_max": 0.66588,
        "nauc_mrr_at_20_std": 0.495125,
        "nauc_mrr_at_20_diff1": 0.03807,
        "nauc_mrr_at_100_max": 0.591288,
        "nauc_mrr_at_100_std": 0.450474,
        "nauc_mrr_at_100_diff1": 0.032399,
        "nauc_mrr_at_1000_max": 0.576868,
        "nauc_mrr_at_1000_std": 0.449286,
        "nauc_mrr_at_1000_diff1": 0.032141,
        "main_score": 0.01781,
        "hf_subset": "default",
        "languages": [
          "eng-Latn"
        ]
      }
    ]
  },
  "evaluation_time": 63.30523180961609,
  "kg_co2_emissions": null
}