{
  "dataset_revision": "099ee143c7fdfa6bd7965be8c801cb161c313b29",
  "task_name": "TwitterHjerneRetrieval",
  "mteb_version": "1.34.4",
  "scores": {
    "train": [
      {
        "ndcg_at_1": 0.14103,
        "ndcg_at_3": 0.09876,
        "ndcg_at_5": 0.11135,
        "ndcg_at_10": 0.13195,
        "ndcg_at_20": 0.15899,
        "ndcg_at_100": 0.24933,
        "ndcg_at_1000": 0.32899,
        "map_at_1": 0.04316,
        "map_at_3": 0.06019,
        "map_at_5": 0.07295,
        "map_at_10": 0.08457,
        "map_at_20": 0.09298,
        "map_at_100": 0.10777,
        "map_at_1000": 0.11426,
        "recall_at_1": 0.04316,
        "recall_at_3": 0.07821,
        "recall_at_5": 0.11496,
        "recall_at_10": 0.15726,
        "recall_at_20": 0.23098,
        "recall_at_100": 0.57073,
        "recall_at_1000": 0.98718,
        "precision_at_1": 0.14103,
        "precision_at_3": 0.0812,
        "precision_at_5": 0.07436,
        "precision_at_10": 0.05385,
        "precision_at_20": 0.03974,
        "precision_at_100": 0.02,
        "precision_at_1000": 0.00336,
        "mrr_at_1": 0.141026,
        "mrr_at_3": 0.173077,
        "mrr_at_5": 0.187179,
        "mrr_at_10": 0.193768,
        "mrr_at_20": 0.201424,
        "mrr_at_100": 0.212109,
        "mrr_at_1000": 0.213023,
        "nauc_ndcg_at_1_max": -0.147711,
        "nauc_ndcg_at_1_std": -0.18391,
        "nauc_ndcg_at_1_diff1": 0.194778,
        "nauc_ndcg_at_3_max": -0.051749,
        "nauc_ndcg_at_3_std": -0.105597,
        "nauc_ndcg_at_3_diff1": 0.199319,
        "nauc_ndcg_at_5_max": -0.102394,
        "nauc_ndcg_at_5_std": -0.113421,
        "nauc_ndcg_at_5_diff1": 0.10946,
        "nauc_ndcg_at_10_max": -0.078313,
        "nauc_ndcg_at_10_std": -0.108993,
        "nauc_ndcg_at_10_diff1": 0.104102,
        "nauc_ndcg_at_20_max": -0.106505,
        "nauc_ndcg_at_20_std": -0.131979,
        "nauc_ndcg_at_20_diff1": 0.111339,
        "nauc_ndcg_at_100_max": -0.065454,
        "nauc_ndcg_at_100_std": -0.115874,
        "nauc_ndcg_at_100_diff1": 0.125348,
        "nauc_ndcg_at_1000_max": -0.059297,
        "nauc_ndcg_at_1000_std": -0.097066,
        "nauc_ndcg_at_1000_diff1": 0.117091,
        "nauc_map_at_1_max": -0.157257,
        "nauc_map_at_1_std": -0.146749,
        "nauc_map_at_1_diff1": 0.165995,
        "nauc_map_at_3_max": -0.105343,
        "nauc_map_at_3_std": -0.138391,
        "nauc_map_at_3_diff1": 0.241249,
        "nauc_map_at_5_max": -0.114199,
        "nauc_map_at_5_std": -0.112082,
        "nauc_map_at_5_diff1": 0.152803,
        "nauc_map_at_10_max": -0.097287,
        "nauc_map_at_10_std": -0.113063,
        "nauc_map_at_10_diff1": 0.1344,
        "nauc_map_at_20_max": -0.109135,
        "nauc_map_at_20_std": -0.120911,
        "nauc_map_at_20_diff1": 0.124938,
        "nauc_map_at_100_max": -0.099693,
        "nauc_map_at_100_std": -0.117615,
        "nauc_map_at_100_diff1": 0.128516,
        "nauc_map_at_1000_max": -0.09724,
        "nauc_map_at_1000_std": -0.115185,
        "nauc_map_at_1000_diff1": 0.126877,
        "nauc_recall_at_1_max": -0.157257,
        "nauc_recall_at_1_std": -0.146749,
        "nauc_recall_at_1_diff1": 0.165995,
        "nauc_recall_at_3_max": -0.01844,
        "nauc_recall_at_3_std": -0.0782,
        "nauc_recall_at_3_diff1": 0.195227,
        "nauc_recall_at_5_max": -0.092049,
        "nauc_recall_at_5_std": -0.086528,
        "nauc_recall_at_5_diff1": 0.053573,
        "nauc_recall_at_10_max": -0.053831,
        "nauc_recall_at_10_std": -0.087461,
        "nauc_recall_at_10_diff1": 0.05523,
        "nauc_recall_at_20_max": -0.122876,
        "nauc_recall_at_20_std": -0.148788,
        "nauc_recall_at_20_diff1": 0.086633,
        "nauc_recall_at_100_max": 0.005753,
        "nauc_recall_at_100_std": -0.095758,
        "nauc_recall_at_100_diff1": 0.124265,
        "nauc_recall_at_1000_max": 0.358811,
        "nauc_recall_at_1000_std": -0.172498,
        "nauc_recall_at_1000_diff1": 0.868908,
        "nauc_precision_at_1_max": -0.147711,
        "nauc_precision_at_1_std": -0.18391,
        "nauc_precision_at_1_diff1": 0.194778,
        "nauc_precision_at_3_max": 0.006524,
        "nauc_precision_at_3_std": -0.069402,
        "nauc_precision_at_3_diff1": 0.167664,
        "nauc_precision_at_5_max": -0.065597,
        "nauc_precision_at_5_std": -0.090982,
        "nauc_precision_at_5_diff1": 0.030067,
        "nauc_precision_at_10_max": -0.011669,
        "nauc_precision_at_10_std": -0.074896,
        "nauc_precision_at_10_diff1": 0.057263,
        "nauc_precision_at_20_max": -0.060465,
        "nauc_precision_at_20_std": -0.098835,
        "nauc_precision_at_20_diff1": 0.073172,
        "nauc_precision_at_100_max": 0.061234,
        "nauc_precision_at_100_std": -0.032193,
        "nauc_precision_at_100_diff1": 0.042102,
        "nauc_precision_at_1000_max": 0.173619,
        "nauc_precision_at_1000_std": 0.14164,
        "nauc_precision_at_1000_diff1": -0.08038,
        "nauc_mrr_at_1_max": -0.147711,
        "nauc_mrr_at_1_std": -0.18391,
        "nauc_mrr_at_1_diff1": 0.194778,
        "nauc_mrr_at_3_max": -0.078168,
        "nauc_mrr_at_3_std": -0.123778,
        "nauc_mrr_at_3_diff1": 0.154544,
        "nauc_mrr_at_5_max": -0.102983,
        "nauc_mrr_at_5_std": -0.144076,
        "nauc_mrr_at_5_diff1": 0.14015,
        "nauc_mrr_at_10_max": -0.10395,
        "nauc_mrr_at_10_std": -0.144964,
        "nauc_mrr_at_10_diff1": 0.143894,
        "nauc_mrr_at_20_max": -0.111434,
        "nauc_mrr_at_20_std": -0.152099,
        "nauc_mrr_at_20_diff1": 0.152728,
        "nauc_mrr_at_100_max": -0.108613,
        "nauc_mrr_at_100_std": -0.148565,
        "nauc_mrr_at_100_diff1": 0.15636,
        "nauc_mrr_at_1000_max": -0.108621,
        "nauc_mrr_at_1000_std": -0.148122,
        "nauc_mrr_at_1000_diff1": 0.155714,
        "main_score": 0.13195,
        "hf_subset": "default",
        "languages": [
          "dan-Latn"
        ]
      }
    ]
  },
  "evaluation_time": 0.06859707832336426,
  "kg_co2_emissions": null
}