{
  "dataset_revision": "c22ab2a51041ffd869aaddef7af8d8215647e41a",
  "task_name": "ArguAna",
  "mteb_version": "1.34.4",
  "scores": {
    "test": [
      {
        "ndcg_at_1": 0.1074,
        "ndcg_at_3": 0.17732,
        "ndcg_at_5": 0.20254,
        "ndcg_at_10": 0.23115,
        "ndcg_at_20": 0.25066,
        "ndcg_at_100": 0.28192,
        "ndcg_at_1000": 0.30911,
        "map_at_1": 0.1074,
        "map_at_3": 0.15932,
        "map_at_5": 0.17333,
        "map_at_10": 0.18519,
        "map_at_20": 0.1905,
        "map_at_100": 0.19473,
        "map_at_1000": 0.19563,
        "recall_at_1": 0.1074,
        "recall_at_3": 0.22973,
        "recall_at_5": 0.2909,
        "recall_at_10": 0.37909,
        "recall_at_20": 0.45661,
        "recall_at_100": 0.6266,
        "recall_at_1000": 0.8478,
        "precision_at_1": 0.1074,
        "precision_at_3": 0.07658,
        "precision_at_5": 0.05818,
        "precision_at_10": 0.03791,
        "precision_at_20": 0.02283,
        "precision_at_100": 0.00627,
        "precision_at_1000": 0.00085,
        "mrr_at_1": 0.110242,
        "mrr_at_3": 0.159791,
        "mrr_at_5": 0.174941,
        "mrr_at_10": 0.186265,
        "mrr_at_20": 0.191708,
        "mrr_at_100": 0.195939,
        "mrr_at_1000": 0.196839,
        "nauc_ndcg_at_1_max": -0.030676,
        "nauc_ndcg_at_1_std": 0.055269,
        "nauc_ndcg_at_1_diff1": 0.158588,
        "nauc_ndcg_at_3_max": -0.00553,
        "nauc_ndcg_at_3_std": 0.053933,
        "nauc_ndcg_at_3_diff1": 0.138494,
        "nauc_ndcg_at_5_max": -0.008716,
        "nauc_ndcg_at_5_std": 0.078809,
        "nauc_ndcg_at_5_diff1": 0.141933,
        "nauc_ndcg_at_10_max": 0.013891,
        "nauc_ndcg_at_10_std": 0.090097,
        "nauc_ndcg_at_10_diff1": 0.160128,
        "nauc_ndcg_at_20_max": 0.014324,
        "nauc_ndcg_at_20_std": 0.094008,
        "nauc_ndcg_at_20_diff1": 0.161254,
        "nauc_ndcg_at_100_max": 0.026489,
        "nauc_ndcg_at_100_std": 0.108846,
        "nauc_ndcg_at_100_diff1": 0.172329,
        "nauc_ndcg_at_1000_max": 0.023558,
        "nauc_ndcg_at_1000_std": 0.10838,
        "nauc_ndcg_at_1000_diff1": 0.168068,
        "nauc_map_at_1_max": -0.030676,
        "nauc_map_at_1_std": 0.055269,
        "nauc_map_at_1_diff1": 0.158588,
        "nauc_map_at_3_max": -0.009244,
        "nauc_map_at_3_std": 0.054227,
        "nauc_map_at_3_diff1": 0.140503,
        "nauc_map_at_5_max": -0.010896,
        "nauc_map_at_5_std": 0.069343,
        "nauc_map_at_5_diff1": 0.142464,
        "nauc_map_at_10_max": -0.000436,
        "nauc_map_at_10_std": 0.074533,
        "nauc_map_at_10_diff1": 0.150955,
        "nauc_map_at_20_max": -0.000336,
        "nauc_map_at_20_std": 0.075854,
        "nauc_map_at_20_diff1": 0.151217,
        "nauc_map_at_100_max": 0.001353,
        "nauc_map_at_100_std": 0.079087,
        "nauc_map_at_100_diff1": 0.152967,
        "nauc_map_at_1000_max": 0.001321,
        "nauc_map_at_1000_std": 0.079066,
        "nauc_map_at_1000_diff1": 0.152882,
        "nauc_recall_at_1_max": -0.030676,
        "nauc_recall_at_1_std": 0.055269,
        "nauc_recall_at_1_diff1": 0.158588,
        "nauc_recall_at_3_max": 0.002446,
        "nauc_recall_at_3_std": 0.053263,
        "nauc_recall_at_3_diff1": 0.134566,
        "nauc_recall_at_5_max": -0.004968,
        "nauc_recall_at_5_std": 0.101098,
        "nauc_recall_at_5_diff1": 0.141758,
        "nauc_recall_at_10_max": 0.048163,
        "nauc_recall_at_10_std": 0.126995,
        "nauc_recall_at_10_diff1": 0.184392,
        "nauc_recall_at_20_max": 0.049983,
        "nauc_recall_at_20_std": 0.138489,
        "nauc_recall_at_20_diff1": 0.188499,
        "nauc_recall_at_100_max": 0.115445,
        "nauc_recall_at_100_std": 0.204405,
        "nauc_recall_at_100_diff1": 0.245348,
        "nauc_recall_at_1000_max": 0.161779,
        "nauc_recall_at_1000_std": 0.291645,
        "nauc_recall_at_1000_diff1": 0.253524,
        "nauc_precision_at_1_max": -0.030676,
        "nauc_precision_at_1_std": 0.055269,
        "nauc_precision_at_1_diff1": 0.158588,
        "nauc_precision_at_3_max": 0.002446,
        "nauc_precision_at_3_std": 0.053263,
        "nauc_precision_at_3_diff1": 0.134566,
        "nauc_precision_at_5_max": -0.004968,
        "nauc_precision_at_5_std": 0.101098,
        "nauc_precision_at_5_diff1": 0.141758,
        "nauc_precision_at_10_max": 0.048163,
        "nauc_precision_at_10_std": 0.126995,
        "nauc_precision_at_10_diff1": 0.184392,
        "nauc_precision_at_20_max": 0.049983,
        "nauc_precision_at_20_std": 0.138489,
        "nauc_precision_at_20_diff1": 0.188499,
        "nauc_precision_at_100_max": 0.115445,
        "nauc_precision_at_100_std": 0.204405,
        "nauc_precision_at_100_diff1": 0.245348,
        "nauc_precision_at_1000_max": 0.161779,
        "nauc_precision_at_1000_std": 0.291645,
        "nauc_precision_at_1000_diff1": 0.253524,
        "nauc_mrr_at_1_max": -0.025677,
        "nauc_mrr_at_1_std": 0.050533,
        "nauc_mrr_at_1_diff1": 0.140482,
        "nauc_mrr_at_3_max": -0.018635,
        "nauc_mrr_at_3_std": 0.052524,
        "nauc_mrr_at_3_diff1": 0.123546,
        "nauc_mrr_at_5_max": -0.015081,
        "nauc_mrr_at_5_std": 0.066153,
        "nauc_mrr_at_5_diff1": 0.129985,
        "nauc_mrr_at_10_max": -0.00585,
        "nauc_mrr_at_10_std": 0.072049,
        "nauc_mrr_at_10_diff1": 0.137965,
        "nauc_mrr_at_20_max": -0.004905,
        "nauc_mrr_at_20_std": 0.073716,
        "nauc_mrr_at_20_diff1": 0.139133,
        "nauc_mrr_at_100_max": -0.003272,
        "nauc_mrr_at_100_std": 0.076919,
        "nauc_mrr_at_100_diff1": 0.140801,
        "nauc_mrr_at_1000_max": -0.003315,
        "nauc_mrr_at_1000_std": 0.076894,
        "nauc_mrr_at_1000_diff1": 0.140688,
        "main_score": 0.23115,
        "hf_subset": "default",
        "languages": [
          "eng-Latn"
        ]
      }
    ]
  },
  "evaluation_time": 4.975537061691284,
  "kg_co2_emissions": null
}