{
  "dataset_revision": "f43b4f32987048043a8b31e5e26be4d360c2438f",
  "task_name": "ArmenianParaphrasePC",
  "mteb_version": "1.34.4",
  "scores": {
    "test": [
      {
        "similarity_accuracy": 0.882993,
        "similarity_accuracy_threshold": 0.723692,
        "similarity_f1": 0.920223,
        "similarity_f1_threshold": 0.723692,
        "similarity_precision": 0.874009,
        "similarity_recall": 0.971596,
        "similarity_ap": 0.925075,
        "cosine_accuracy": 0.882993,
        "cosine_accuracy_threshold": 0.723692,
        "cosine_f1": 0.920223,
        "cosine_f1_threshold": 0.723692,
        "cosine_precision": 0.874009,
        "cosine_recall": 0.971596,
        "cosine_ap": 0.925075,
        "manhattan_accuracy": 0.885714,
        "manhattan_accuracy_threshold": 8.306547,
        "manhattan_f1": 0.922794,
        "manhattan_f1_threshold": 8.306547,
        "manhattan_precision": 0.869264,
        "manhattan_recall": 0.98335,
        "manhattan_ap": 0.924824,
        "euclidean_accuracy": 0.882993,
        "euclidean_accuracy_threshold": 0.743381,
        "euclidean_f1": 0.920223,
        "euclidean_f1_threshold": 0.743381,
        "euclidean_precision": 0.874009,
        "euclidean_recall": 0.971596,
        "euclidean_ap": 0.925075,
        "dot_accuracy": 0.882993,
        "dot_accuracy_threshold": 0.723692,
        "dot_f1": 0.920223,
        "dot_f1_threshold": 0.723692,
        "dot_precision": 0.874009,
        "dot_recall": 0.971596,
        "dot_ap": 0.925075,
        "max_accuracy": 0.885714,
        "max_f1": 0.922794,
        "max_precision": 0.874009,
        "max_recall": 0.98335,
        "max_ap": 0.925075,
        "main_score": 0.925075,
        "hf_subset": "default",
        "languages": [
          "hye-Armn"
        ]
      }
    ]
  },
  "evaluation_time": 0.3122842311859131,
  "kg_co2_emissions": null
}