{
  "dataset_revision": "e39ff896cf3efbbdeeb950e6bd7c79f266995b07",
  "task_name": "Core17InstructionRetrieval",
  "mteb_version": "1.34.4",
  "scores": {
    "test": [
      {
        "p-MRR": -0.018779,
        "individual": {
          "original": {
            "ndcg_at_1": 0.075,
            "ndcg_at_3": 0.08259,
            "ndcg_at_5": 0.07869,
            "ndcg_at_10": 0.07749,
            "ndcg_at_20": 0.06809,
            "ndcg_at_100": 0.10519,
            "ndcg_at_1000": 0.39664,
            "map_at_1": 0.0025,
            "map_at_3": 0.00687,
            "map_at_5": 0.00912,
            "map_at_10": 0.01351,
            "map_at_20": 0.01529,
            "map_at_100": 0.02409,
            "map_at_1000": 0.05986,
            "recall_at_1": 0.0025,
            "recall_at_3": 0.0127,
            "recall_at_5": 0.01655,
            "recall_at_10": 0.02666,
            "recall_at_20": 0.03782,
            "recall_at_100": 0.13515,
            "recall_at_1000": 1.0,
            "precision_at_1": 0.1,
            "precision_at_3": 0.13333,
            "precision_at_5": 0.11,
            "precision_at_10": 0.095,
            "precision_at_20": 0.07,
            "precision_at_100": 0.05,
            "precision_at_1000": 0.0327,
            "naucs_at_1_max": 0.549235,
            "naucs_at_1_std": -0.310437,
            "naucs_at_1_diff1": 0.013952,
            "naucs_at_3_max": 0.477338,
            "naucs_at_3_std": -0.374311,
            "naucs_at_3_diff1": 0.216831,
            "naucs_at_5_max": 0.432725,
            "naucs_at_5_std": -0.29991,
            "naucs_at_5_diff1": 0.179449,
            "naucs_at_10_max": 0.435219,
            "naucs_at_10_std": -0.284131,
            "naucs_at_10_diff1": 0.208216,
            "naucs_at_20_max": 0.409937,
            "naucs_at_20_std": -0.302723,
            "naucs_at_20_diff1": 0.179614,
            "naucs_at_100_max": 0.429899,
            "naucs_at_100_std": -0.295085,
            "naucs_at_100_diff1": 0.205112,
            "naucs_at_1000_max": 0.428575,
            "naucs_at_1000_std": -0.296181,
            "naucs_at_1000_diff1": 0.203589,
            "mrr_at_1": 0.1,
            "mrr_at_3": 0.175,
            "mrr_at_5": 0.185,
            "mrr_at_10": 0.19125,
            "mrr_at_20": 0.204642,
            "mrr_at_100": 0.212499,
            "mrr_at_1000": 0.213246
          },
          "changed": {
            "ndcg_at_1": 0.175,
            "ndcg_at_3": 0.17807,
            "ndcg_at_5": 0.16818,
            "ndcg_at_10": 0.14682,
            "ndcg_at_20": 0.12612,
            "ndcg_at_100": 0.15828,
            "ndcg_at_1000": 0.492,
            "map_at_1": 0.00334,
            "map_at_3": 0.0094,
            "map_at_5": 0.01303,
            "map_at_10": 0.01948,
            "map_at_20": 0.02522,
            "map_at_100": 0.04172,
            "map_at_1000": 0.10057,
            "recall_at_1": 0.00334,
            "recall_at_3": 0.01237,
            "recall_at_5": 0.01847,
            "recall_at_10": 0.02901,
            "recall_at_20": 0.0448,
            "recall_at_100": 0.1773,
            "recall_at_1000": 1.0,
            "precision_at_1": 0.2,
            "precision_at_3": 0.23333,
            "precision_at_5": 0.2,
            "precision_at_10": 0.16,
            "precision_at_20": 0.125,
            "precision_at_100": 0.093,
            "precision_at_1000": 0.0545,
            "naucs_at_1_max": -0.108896,
            "naucs_at_1_std": -0.532612,
            "naucs_at_1_diff1": 0.158944,
            "naucs_at_3_max": -0.102467,
            "naucs_at_3_std": -0.571823,
            "naucs_at_3_diff1": 0.095092,
            "naucs_at_5_max": -0.08874,
            "naucs_at_5_std": -0.476633,
            "naucs_at_5_diff1": 0.080261,
            "naucs_at_10_max": -0.091179,
            "naucs_at_10_std": -0.476623,
            "naucs_at_10_diff1": 0.071973,
            "naucs_at_20_max": -0.087115,
            "naucs_at_20_std": -0.477358,
            "naucs_at_20_diff1": 0.065402,
            "naucs_at_100_max": -0.096871,
            "naucs_at_100_std": -0.486586,
            "naucs_at_100_diff1": 0.066681,
            "naucs_at_1000_max": -0.096871,
            "naucs_at_1000_std": -0.486586,
            "naucs_at_1000_diff1": 0.066681,
            "mrr_at_1": 0.2,
            "mrr_at_3": 0.316667,
            "mrr_at_5": 0.339167,
            "mrr_at_10": 0.344167,
            "mrr_at_20": 0.346667,
            "mrr_at_100": 0.356084,
            "mrr_at_1000": 0.356084
          }
        },
        "main_score": -0.018779,
        "hf_subset": "default",
        "languages": [
          "eng-Latn"
        ]
      }
    ]
  },
  "evaluation_time": 33.608943939208984,
  "kg_co2_emissions": null
}