{
  "dataset_revision": "3d3d27aa7af8941408cefc3991ada5d12a4273d1",
  "task_name": "SNLHierarchicalClusteringP2P",
  "mteb_version": "1.34.4",
  "scores": {
    "test": [
      {
        "v_measures": {
          "Level 0": [
            0.296459,
            0.302986,
            0.269449,
            0.297598,
            0.303432,
            0.287514,
            0.317429,
            0.282686,
            0.273633,
            0.29042
          ],
          "Level 1": [
            0.538613,
            0.553282,
            0.555223,
            0.54654,
            0.553743,
            0.556507,
            0.54675,
            0.549853,
            0.551016,
            0.538663
          ],
          "Level 2": [
            0.651565,
            0.644067,
            0.662544,
            0.642997,
            0.654394,
            0.643808,
            0.643905,
            0.662112,
            0.655274,
            0.648893
          ],
          "Level 3": [
            0.688429,
            0.690789,
            0.693188,
            0.703547,
            0.690484,
            0.6896,
            0.699012,
            0.694457,
            0.701126,
            0.697405
          ],
          "Level 4": [
            0.380334,
            0.368217,
            0.357535,
            0.362598,
            0.357675,
            0.374079,
            0.385266,
            0.370357,
            0.359438,
            0.377961
          ]
        },
        "v_measure": 0.511257,
        "v_measure_std": 0.156949,
        "main_score": 0.511257,
        "hf_subset": "default",
        "languages": [
          "nob-Latn"
        ]
      }
    ]
  },
  "evaluation_time": 8.072093963623047,
  "kg_co2_emissions": null
}