{
  "dataset_revision": "76631901a18387f85eaa53e5450019b87ad58ef9",
  "task_name": "T2Reranking",
  "mteb_version": "1.34.4",
  "scores": {
    "dev": [
      {
        "map": 0.642884,
        "mrr": 0.740167,
        "nAUC_map_max": 0.048477,
        "nAUC_map_std": -0.125288,
        "nAUC_map_diff1": -0.060376,
        "nAUC_mrr_max": 0.051387,
        "nAUC_mrr_std": -0.113528,
        "nAUC_mrr_diff1": -0.073926,
        "main_score": 0.642884,
        "hf_subset": "default",
        "languages": [
          "cmn-Hans"
        ]
      }
    ]
  },
  "evaluation_time": 441.07438111305237,
  "kg_co2_emissions": null
}