{
  "dataset_revision": "bb9466bac8153a0349341eb1b22e06409e78ef4e",
  "task_name": "TRECCOVID",
  "mteb_version": "1.34.4",
  "scores": {
    "test": [
      {
        "ndcg_at_1": 0.45,
        "ndcg_at_3": 0.43726,
        "ndcg_at_5": 0.4246,
        "ndcg_at_10": 0.37486,
        "ndcg_at_20": 0.33503,
        "ndcg_at_100": 0.2381,
        "ndcg_at_1000": 0.19835,
        "map_at_1": 0.00106,
        "map_at_3": 0.00262,
        "map_at_5": 0.00401,
        "map_at_10": 0.0059,
        "map_at_20": 0.00915,
        "map_at_100": 0.02414,
        "map_at_1000": 0.05487,
        "recall_at_1": 0.00106,
        "recall_at_3": 0.003,
        "recall_at_5": 0.00506,
        "recall_at_10": 0.00792,
        "recall_at_20": 0.01367,
        "recall_at_100": 0.04884,
        "recall_at_1000": 0.18919,
        "precision_at_1": 0.52,
        "precision_at_3": 0.48,
        "precision_at_5": 0.476,
        "precision_at_10": 0.392,
        "precision_at_20": 0.341,
        "precision_at_100": 0.241,
        "precision_at_1000": 0.09568,
        "mrr_at_1": 0.52,
        "mrr_at_3": 0.633333,
        "mrr_at_5": 0.653333,
        "mrr_at_10": 0.662024,
        "mrr_at_20": 0.664673,
        "mrr_at_100": 0.666043,
        "mrr_at_1000": 0.666115,
        "nauc_ndcg_at_1_max": 0.477543,
        "nauc_ndcg_at_1_std": 0.153859,
        "nauc_ndcg_at_1_diff1": 0.186918,
        "nauc_ndcg_at_3_max": 0.533105,
        "nauc_ndcg_at_3_std": 0.22876,
        "nauc_ndcg_at_3_diff1": 0.077657,
        "nauc_ndcg_at_5_max": 0.523496,
        "nauc_ndcg_at_5_std": 0.240513,
        "nauc_ndcg_at_5_diff1": 0.116048,
        "nauc_ndcg_at_10_max": 0.596366,
        "nauc_ndcg_at_10_std": 0.265914,
        "nauc_ndcg_at_10_diff1": 0.100276,
        "nauc_ndcg_at_20_max": 0.599082,
        "nauc_ndcg_at_20_std": 0.313687,
        "nauc_ndcg_at_20_diff1": 0.095493,
        "nauc_ndcg_at_100_max": 0.637914,
        "nauc_ndcg_at_100_std": 0.381125,
        "nauc_ndcg_at_100_diff1": 0.079731,
        "nauc_ndcg_at_1000_max": 0.560266,
        "nauc_ndcg_at_1000_std": 0.427877,
        "nauc_ndcg_at_1000_diff1": -0.037202,
        "nauc_map_at_1_max": 0.232913,
        "nauc_map_at_1_std": 0.089002,
        "nauc_map_at_1_diff1": 0.208705,
        "nauc_map_at_3_max": 0.303448,
        "nauc_map_at_3_std": 0.199719,
        "nauc_map_at_3_diff1": 0.03451,
        "nauc_map_at_5_max": 0.343112,
        "nauc_map_at_5_std": 0.238188,
        "nauc_map_at_5_diff1": 0.047408,
        "nauc_map_at_10_max": 0.486309,
        "nauc_map_at_10_std": 0.329246,
        "nauc_map_at_10_diff1": 0.042601,
        "nauc_map_at_20_max": 0.512403,
        "nauc_map_at_20_std": 0.403533,
        "nauc_map_at_20_diff1": 0.035618,
        "nauc_map_at_100_max": 0.5777,
        "nauc_map_at_100_std": 0.507579,
        "nauc_map_at_100_diff1": 0.072762,
        "nauc_map_at_1000_max": 0.658585,
        "nauc_map_at_1000_std": 0.544594,
        "nauc_map_at_1000_diff1": 0.091812,
        "nauc_recall_at_1_max": 0.232913,
        "nauc_recall_at_1_std": 0.089002,
        "nauc_recall_at_1_diff1": 0.208705,
        "nauc_recall_at_3_max": 0.303735,
        "nauc_recall_at_3_std": 0.146469,
        "nauc_recall_at_3_diff1": -0.000728,
        "nauc_recall_at_5_max": 0.266935,
        "nauc_recall_at_5_std": 0.150115,
        "nauc_recall_at_5_diff1": 0.045765,
        "nauc_recall_at_10_max": 0.448525,
        "nauc_recall_at_10_std": 0.262298,
        "nauc_recall_at_10_diff1": -0.009106,
        "nauc_recall_at_20_max": 0.387815,
        "nauc_recall_at_20_std": 0.366515,
        "nauc_recall_at_20_diff1": -0.068852,
        "nauc_recall_at_100_max": 0.417964,
        "nauc_recall_at_100_std": 0.407495,
        "nauc_recall_at_100_diff1": -0.037613,
        "nauc_recall_at_1000_max": 0.48457,
        "nauc_recall_at_1000_std": 0.426807,
        "nauc_recall_at_1000_diff1": -0.114464,
        "nauc_precision_at_1_max": 0.513875,
        "nauc_precision_at_1_std": 0.208064,
        "nauc_precision_at_1_diff1": 0.253795,
        "nauc_precision_at_3_max": 0.582788,
        "nauc_precision_at_3_std": 0.252893,
        "nauc_precision_at_3_diff1": 0.07881,
        "nauc_precision_at_5_max": 0.567634,
        "nauc_precision_at_5_std": 0.239591,
        "nauc_precision_at_5_diff1": 0.102798,
        "nauc_precision_at_10_max": 0.618199,
        "nauc_precision_at_10_std": 0.286841,
        "nauc_precision_at_10_diff1": 0.072082,
        "nauc_precision_at_20_max": 0.59316,
        "nauc_precision_at_20_std": 0.323424,
        "nauc_precision_at_20_diff1": 0.065003,
        "nauc_precision_at_100_max": 0.64383,
        "nauc_precision_at_100_std": 0.399577,
        "nauc_precision_at_100_diff1": 0.073183,
        "nauc_precision_at_1000_max": 0.655343,
        "nauc_precision_at_1000_std": 0.341857,
        "nauc_precision_at_1000_diff1": 0.019308,
        "nauc_mrr_at_1_max": 0.513875,
        "nauc_mrr_at_1_std": 0.208064,
        "nauc_mrr_at_1_diff1": 0.253795,
        "nauc_mrr_at_3_max": 0.575787,
        "nauc_mrr_at_3_std": 0.212769,
        "nauc_mrr_at_3_diff1": 0.207646,
        "nauc_mrr_at_5_max": 0.558113,
        "nauc_mrr_at_5_std": 0.198773,
        "nauc_mrr_at_5_diff1": 0.253909,
        "nauc_mrr_at_10_max": 0.561327,
        "nauc_mrr_at_10_std": 0.201372,
        "nauc_mrr_at_10_diff1": 0.252071,
        "nauc_mrr_at_20_max": 0.56065,
        "nauc_mrr_at_20_std": 0.204968,
        "nauc_mrr_at_20_diff1": 0.248221,
        "nauc_mrr_at_100_max": 0.558848,
        "nauc_mrr_at_100_std": 0.202492,
        "nauc_mrr_at_100_diff1": 0.247256,
        "nauc_mrr_at_1000_max": 0.558904,
        "nauc_mrr_at_1000_std": 0.202708,
        "nauc_mrr_at_1000_diff1": 0.247225,
        "main_score": 0.37486,
        "hf_subset": "default",
        "languages": [
          "eng-Latn"
        ]
      }
    ]
  },
  "evaluation_time": 822.5603179931641,
  "kg_co2_emissions": null
}