{
  "dataset_revision": "e25c91bc31859606507a968559ab1de0f472d007",
  "task_name": "VoyageMMarcoReranking",
  "mteb_version": "1.34.4",
  "scores": {
    "test": [
      {
        "map": 0.274248,
        "mrr": 0.256216,
        "nAUC_map_max": 0.09391,
        "nAUC_map_std": 0.000795,
        "nAUC_map_diff1": 0.173724,
        "nAUC_mrr_max": 0.081402,
        "nAUC_mrr_std": 0.006339,
        "nAUC_mrr_diff1": 0.16249,
        "main_score": 0.274248,
        "hf_subset": "default",
        "languages": [
          "jpn-Jpan"
        ]
      }
    ]
  },
  "evaluation_time": 244.61828303337097,
  "kg_co2_emissions": null
}