{
  "dataset_revision": "f74c094f321077cf909ddfb8bccc1b5912a4ac28",
  "task_name": "WinoGrande",
  "mteb_version": "1.34.4",
  "scores": {
    "test": [
      {
        "ndcg_at_1": 0.00631,
        "ndcg_at_3": 0.01582,
        "ndcg_at_5": 0.02041,
        "ndcg_at_10": 0.03195,
        "ndcg_at_20": 0.04138,
        "ndcg_at_100": 0.09031,
        "ndcg_at_1000": 0.15604,
        "map_at_1": 0.00631,
        "map_at_3": 0.01315,
        "map_at_5": 0.01572,
        "map_at_10": 0.02051,
        "map_at_20": 0.02302,
        "map_at_100": 0.02913,
        "map_at_1000": 0.0314,
        "recall_at_1": 0.00631,
        "recall_at_3": 0.02368,
        "recall_at_5": 0.03473,
        "recall_at_10": 0.07024,
        "recall_at_20": 0.10813,
        "recall_at_100": 0.38122,
        "recall_at_1000": 0.90923,
        "precision_at_1": 0.00631,
        "precision_at_3": 0.00789,
        "precision_at_5": 0.00695,
        "precision_at_10": 0.00702,
        "precision_at_20": 0.00541,
        "precision_at_100": 0.00381,
        "precision_at_1000": 0.00091,
        "mrr_at_1": 0.006314,
        "mrr_at_3": 0.013154,
        "mrr_at_5": 0.01572,
        "mrr_at_10": 0.020511,
        "mrr_at_20": 0.023019,
        "mrr_at_100": 0.029133,
        "mrr_at_1000": 0.031395,
        "nauc_ndcg_at_1_max": -0.353788,
        "nauc_ndcg_at_1_std": -0.456254,
        "nauc_ndcg_at_1_diff1": 0.106061,
        "nauc_ndcg_at_3_max": -0.300554,
        "nauc_ndcg_at_3_std": -0.305051,
        "nauc_ndcg_at_3_diff1": -0.067144,
        "nauc_ndcg_at_5_max": -0.278046,
        "nauc_ndcg_at_5_std": -0.322582,
        "nauc_ndcg_at_5_diff1": -0.055772,
        "nauc_ndcg_at_10_max": -0.246291,
        "nauc_ndcg_at_10_std": -0.26682,
        "nauc_ndcg_at_10_diff1": -0.079767,
        "nauc_ndcg_at_20_max": -0.265852,
        "nauc_ndcg_at_20_std": -0.284226,
        "nauc_ndcg_at_20_diff1": -0.094335,
        "nauc_ndcg_at_100_max": -0.230291,
        "nauc_ndcg_at_100_std": -0.268098,
        "nauc_ndcg_at_100_diff1": -0.066153,
        "nauc_ndcg_at_1000_max": -0.26012,
        "nauc_ndcg_at_1000_std": -0.301315,
        "nauc_ndcg_at_1000_diff1": -0.075382,
        "nauc_map_at_1_max": -0.353788,
        "nauc_map_at_1_std": -0.456254,
        "nauc_map_at_1_diff1": 0.106061,
        "nauc_map_at_3_max": -0.304985,
        "nauc_map_at_3_std": -0.319135,
        "nauc_map_at_3_diff1": -0.045075,
        "nauc_map_at_5_max": -0.28641,
        "nauc_map_at_5_std": -0.32913,
        "nauc_map_at_5_diff1": -0.03913,
        "nauc_map_at_10_max": -0.260841,
        "nauc_map_at_10_std": -0.287718,
        "nauc_map_at_10_diff1": -0.059904,
        "nauc_map_at_20_max": -0.26763,
        "nauc_map_at_20_std": -0.293121,
        "nauc_map_at_20_diff1": -0.068361,
        "nauc_map_at_100_max": -0.256093,
        "nauc_map_at_100_std": -0.284492,
        "nauc_map_at_100_diff1": -0.061546,
        "nauc_map_at_1000_max": -0.25964,
        "nauc_map_at_1000_std": -0.287404,
        "nauc_map_at_1000_diff1": -0.062489,
        "nauc_recall_at_1_max": -0.353788,
        "nauc_recall_at_1_std": -0.456254,
        "nauc_recall_at_1_diff1": 0.106061,
        "nauc_recall_at_3_max": -0.293847,
        "nauc_recall_at_3_std": -0.283256,
        "nauc_recall_at_3_diff1": -0.102988,
        "nauc_recall_at_5_max": -0.266935,
        "nauc_recall_at_5_std": -0.315835,
        "nauc_recall_at_5_diff1": -0.077897,
        "nauc_recall_at_10_max": -0.232866,
        "nauc_recall_at_10_std": -0.247035,
        "nauc_recall_at_10_diff1": -0.098292,
        "nauc_recall_at_20_max": -0.269381,
        "nauc_recall_at_20_std": -0.281819,
        "nauc_recall_at_20_diff1": -0.115514,
        "nauc_recall_at_100_max": -0.212654,
        "nauc_recall_at_100_std": -0.263069,
        "nauc_recall_at_100_diff1": -0.062594,
        "nauc_recall_at_1000_max": -0.313033,
        "nauc_recall_at_1000_std": -0.438805,
        "nauc_recall_at_1000_diff1": -0.099902,
        "nauc_precision_at_1_max": -0.353788,
        "nauc_precision_at_1_std": -0.456254,
        "nauc_precision_at_1_diff1": 0.106061,
        "nauc_precision_at_3_max": -0.293847,
        "nauc_precision_at_3_std": -0.283256,
        "nauc_precision_at_3_diff1": -0.102988,
        "nauc_precision_at_5_max": -0.266935,
        "nauc_precision_at_5_std": -0.315835,
        "nauc_precision_at_5_diff1": -0.077897,
        "nauc_precision_at_10_max": -0.232866,
        "nauc_precision_at_10_std": -0.247035,
        "nauc_precision_at_10_diff1": -0.098292,
        "nauc_precision_at_20_max": -0.269381,
        "nauc_precision_at_20_std": -0.281819,
        "nauc_precision_at_20_diff1": -0.115514,
        "nauc_precision_at_100_max": -0.212654,
        "nauc_precision_at_100_std": -0.263069,
        "nauc_precision_at_100_diff1": -0.062594,
        "nauc_precision_at_1000_max": -0.313033,
        "nauc_precision_at_1000_std": -0.438805,
        "nauc_precision_at_1000_diff1": -0.099902,
        "nauc_mrr_at_1_max": -0.353788,
        "nauc_mrr_at_1_std": -0.456254,
        "nauc_mrr_at_1_diff1": 0.106061,
        "nauc_mrr_at_3_max": -0.304985,
        "nauc_mrr_at_3_std": -0.319135,
        "nauc_mrr_at_3_diff1": -0.045075,
        "nauc_mrr_at_5_max": -0.28641,
        "nauc_mrr_at_5_std": -0.32913,
        "nauc_mrr_at_5_diff1": -0.03913,
        "nauc_mrr_at_10_max": -0.260841,
        "nauc_mrr_at_10_std": -0.287718,
        "nauc_mrr_at_10_diff1": -0.059904,
        "nauc_mrr_at_20_max": -0.26763,
        "nauc_mrr_at_20_std": -0.293121,
        "nauc_mrr_at_20_diff1": -0.068361,
        "nauc_mrr_at_100_max": -0.256093,
        "nauc_mrr_at_100_std": -0.284492,
        "nauc_mrr_at_100_diff1": -0.061546,
        "nauc_mrr_at_1000_max": -0.25964,
        "nauc_mrr_at_1000_std": -0.287404,
        "nauc_mrr_at_1000_diff1": -0.062489,
        "main_score": 0.03195,
        "hf_subset": "default",
        "languages": [
          "eng-Latn"
        ]
      }
    ]
  },
  "evaluation_time": 1.1667571067810059,
  "kg_co2_emissions": null
}