{
  "dataset_revision": "c22ab2a51041ffd869aaddef7af8d8215647e41a",
  "evaluation_time": 4.501800298690796,
  "kg_co2_emissions": null,
  "mteb_version": "1.14.15",
  "scores": {
    "test": [
      {
        "hf_subset": "default",
        "languages": [
          "eng-Latn"
        ],
        "main_score": 0.42864,
        "map_at_1": 0.21693,
        "map_at_10": 0.34859,
        "map_at_100": 0.36014,
        "map_at_1000": 0.36047,
        "map_at_20": 0.35667,
        "map_at_3": 0.30417,
        "map_at_5": 0.32736,
        "mrr_at_1": 0.22048364153627312,
        "mrr_at_10": 0.3501442231705384,
        "mrr_at_100": 0.3616267051020847,
        "mrr_at_1000": 0.36196255649606246,
        "mrr_at_20": 0.3581309792569356,
        "mrr_at_3": 0.30547652916073903,
        "mrr_at_5": 0.3287339971550487,
        "nauc_map_at_1000_diff1": 0.07561195580746018,
        "nauc_map_at_1000_max": -0.015565319468219568,
        "nauc_map_at_1000_std": 0.02056871021244521,
        "nauc_map_at_100_diff1": 0.07576648616531427,
        "nauc_map_at_100_max": -0.015197684321804203,
        "nauc_map_at_100_std": 0.02102558505658414,
        "nauc_map_at_10_diff1": 0.07643409260188448,
        "nauc_map_at_10_max": -0.015534104754693818,
        "nauc_map_at_10_std": 0.0187352580459168,
        "nauc_map_at_1_diff1": 0.08370318054971092,
        "nauc_map_at_1_max": -0.05083984587735291,
        "nauc_map_at_1_std": -0.01803923313402643,
        "nauc_map_at_20_diff1": 0.07642516551976743,
        "nauc_map_at_20_max": -0.013888358905636472,
        "nauc_map_at_20_std": 0.02198921728682202,
        "nauc_map_at_3_diff1": 0.07437604281774142,
        "nauc_map_at_3_max": -0.027586587623340934,
        "nauc_map_at_3_std": 0.008031910070187186,
        "nauc_map_at_5_diff1": 0.0680651166389857,
        "nauc_map_at_5_max": -0.027399645587571804,
        "nauc_map_at_5_std": 0.010580951572345365,
        "nauc_mrr_at_1000_diff1": 0.0627575281564605,
        "nauc_mrr_at_1000_max": -0.020467879398352457,
        "nauc_mrr_at_1000_std": 0.01989711438566663,
        "nauc_mrr_at_100_diff1": 0.06292566922480118,
        "nauc_mrr_at_100_max": -0.02009602726575689,
        "nauc_mrr_at_100_std": 0.020353272285661115,
        "nauc_mrr_at_10_diff1": 0.0638514525903419,
        "nauc_mrr_at_10_max": -0.020386434404188584,
        "nauc_mrr_at_10_std": 0.017937484255337244,
        "nauc_mrr_at_1_diff1": 0.07131931862611085,
        "nauc_mrr_at_1_max": -0.05008568891508267,
        "nauc_mrr_at_1_std": -0.0186541494834969,
        "nauc_mrr_at_20_diff1": 0.06352383732997516,
        "nauc_mrr_at_20_max": -0.018916791965400345,
        "nauc_mrr_at_20_std": 0.021429463115169776,
        "nauc_mrr_at_3_diff1": 0.059527011323445476,
        "nauc_mrr_at_3_max": -0.03433767309685429,
        "nauc_mrr_at_3_std": 0.008212723818638476,
        "nauc_mrr_at_5_diff1": 0.05518638249091068,
        "nauc_mrr_at_5_max": -0.03284414027772663,
        "nauc_mrr_at_5_std": 0.008740053182401985,
        "nauc_ndcg_at_1000_diff1": 0.07853268129426508,
        "nauc_ndcg_at_1000_max": 0.0007872546898149692,
        "nauc_ndcg_at_1000_std": 0.03830950311415248,
        "nauc_ndcg_at_100_diff1": 0.08184947203740521,
        "nauc_ndcg_at_100_max": 0.01189039585107088,
        "nauc_ndcg_at_100_std": 0.05162437147506563,
        "nauc_ndcg_at_10_diff1": 0.08483384610768821,
        "nauc_ndcg_at_10_max": 0.012922857488042297,
        "nauc_ndcg_at_10_std": 0.04364359149153261,
        "nauc_ndcg_at_1_diff1": 0.08370318054971092,
        "nauc_ndcg_at_1_max": -0.05083984587735291,
        "nauc_ndcg_at_1_std": -0.01803923313402643,
        "nauc_ndcg_at_20_diff1": 0.08635794468766242,
        "nauc_ndcg_at_20_max": 0.021423136931536926,
        "nauc_ndcg_at_20_std": 0.05854124318847265,
        "nauc_ndcg_at_3_diff1": 0.07525808534080737,
        "nauc_ndcg_at_3_max": -0.01835003355061091,
        "nauc_ndcg_at_3_std": 0.017180856674185806,
        "nauc_ndcg_at_5_diff1": 0.06454885361450212,
        "nauc_ndcg_at_5_max": -0.017697904754470226,
        "nauc_ndcg_at_5_std": 0.022373054319338597,
        "nauc_precision_at_1000_diff1": 0.13463008420949352,
        "nauc_precision_at_1000_max": 0.3985406766523054,
        "nauc_precision_at_1000_std": 0.5927809432302912,
        "nauc_precision_at_100_diff1": 0.17135034752024825,
        "nauc_precision_at_100_max": 0.3732457612526076,
        "nauc_precision_at_100_std": 0.488811959123402,
        "nauc_precision_at_10_diff1": 0.12284655559397713,
        "nauc_precision_at_10_max": 0.12655164738763294,
        "nauc_precision_at_10_std": 0.1411105505896212,
        "nauc_precision_at_1_diff1": 0.08370318054971092,
        "nauc_precision_at_1_max": -0.05083984587735291,
        "nauc_precision_at_1_std": -0.01803923313402643,
        "nauc_precision_at_20_diff1": 0.15208076882937696,
        "nauc_precision_at_20_max": 0.22831763946168887,
        "nauc_precision_at_20_std": 0.27573772369307004,
        "nauc_precision_at_3_diff1": 0.07860638544154737,
        "nauc_precision_at_3_max": 0.006713212806084865,
        "nauc_precision_at_3_std": 0.041755129873373716,
        "nauc_precision_at_5_diff1": 0.054791860867633047,
        "nauc_precision_at_5_max": 0.0098921018748054,
        "nauc_precision_at_5_std": 0.05630076964069638,
        "nauc_recall_at_1000_diff1": 0.1346300842095073,
        "nauc_recall_at_1000_max": 0.3985406766522976,
        "nauc_recall_at_1000_std": 0.5927809432303065,
        "nauc_recall_at_100_diff1": 0.1713503475202464,
        "nauc_recall_at_100_max": 0.3732457612526039,
        "nauc_recall_at_100_std": 0.4888119591234045,
        "nauc_recall_at_10_diff1": 0.12284655559397709,
        "nauc_recall_at_10_max": 0.12655164738763314,
        "nauc_recall_at_10_std": 0.14111055058962066,
        "nauc_recall_at_1_diff1": 0.08370318054971092,
        "nauc_recall_at_1_max": -0.05083984587735291,
        "nauc_recall_at_1_std": -0.01803923313402643,
        "nauc_recall_at_20_diff1": 0.15208076882937635,
        "nauc_recall_at_20_max": 0.22831763946168893,
        "nauc_recall_at_20_std": 0.27573772369307076,
        "nauc_recall_at_3_diff1": 0.07860638544154747,
        "nauc_recall_at_3_max": 0.006713212806084956,
        "nauc_recall_at_3_std": 0.041755129873373084,
        "nauc_recall_at_5_diff1": 0.054791860867632915,
        "nauc_recall_at_5_max": 0.00989210187480526,
        "nauc_recall_at_5_std": 0.05630076964069639,
        "ndcg_at_1": 0.21693,
        "ndcg_at_10": 0.42864,
        "ndcg_at_100": 0.4822,
        "ndcg_at_1000": 0.49027,
        "ndcg_at_20": 0.45788,
        "ndcg_at_3": 0.33458,
        "ndcg_at_5": 0.37687,
        "precision_at_1": 0.21693,
        "precision_at_10": 0.06878,
        "precision_at_100": 0.00932,
        "precision_at_1000": 0.00099,
        "precision_at_20": 0.04015,
        "precision_at_3": 0.14106,
        "precision_at_5": 0.10541,
        "recall_at_1": 0.21693,
        "recall_at_10": 0.68777,
        "recall_at_100": 0.93243,
        "recall_at_1000": 0.99431,
        "recall_at_20": 0.80299,
        "recall_at_3": 0.42319,
        "recall_at_5": 0.52703
      }
    ]
  },
  "task_name": "ArguAna"
}