{
  "dataset_revision": "c22ab2a51041ffd869aaddef7af8d8215647e41a",
  "task_name": "ArguAna",
  "mteb_version": "1.34.4",
  "scores": {
    "test": [
      {
        "ndcg_at_1": 0.21693,
        "ndcg_at_3": 0.33458,
        "ndcg_at_5": 0.37687,
        "ndcg_at_10": 0.42864,
        "ndcg_at_20": 0.45788,
        "ndcg_at_100": 0.4822,
        "ndcg_at_1000": 0.49027,
        "map_at_1": 0.21693,
        "map_at_3": 0.30417,
        "map_at_5": 0.32736,
        "map_at_10": 0.34859,
        "map_at_20": 0.35667,
        "map_at_100": 0.36014,
        "map_at_1000": 0.36047,
        "recall_at_1": 0.21693,
        "recall_at_3": 0.42319,
        "recall_at_5": 0.52703,
        "recall_at_10": 0.68777,
        "recall_at_20": 0.80299,
        "recall_at_100": 0.93243,
        "recall_at_1000": 0.99431,
        "precision_at_1": 0.21693,
        "precision_at_3": 0.14106,
        "precision_at_5": 0.10541,
        "precision_at_10": 0.06878,
        "precision_at_20": 0.04015,
        "precision_at_100": 0.00932,
        "precision_at_1000": 0.00099,
        "mrr_at_1": 0.220484,
        "mrr_at_3": 0.305239,
        "mrr_at_5": 0.328817,
        "mrr_at_10": 0.350182,
        "mrr_at_20": 0.358273,
        "mrr_at_100": 0.361735,
        "mrr_at_1000": 0.36207,
        "nauc_ndcg_at_1_max": -0.05084,
        "nauc_ndcg_at_1_std": -0.018039,
        "nauc_ndcg_at_1_diff1": 0.083703,
        "nauc_ndcg_at_3_max": -0.01835,
        "nauc_ndcg_at_3_std": 0.017181,
        "nauc_ndcg_at_3_diff1": 0.075258,
        "nauc_ndcg_at_5_max": -0.017698,
        "nauc_ndcg_at_5_std": 0.022373,
        "nauc_ndcg_at_5_diff1": 0.064549,
        "nauc_ndcg_at_10_max": 0.012923,
        "nauc_ndcg_at_10_std": 0.043644,
        "nauc_ndcg_at_10_diff1": 0.084834,
        "nauc_ndcg_at_20_max": 0.021423,
        "nauc_ndcg_at_20_std": 0.058541,
        "nauc_ndcg_at_20_diff1": 0.086358,
        "nauc_ndcg_at_100_max": 0.01189,
        "nauc_ndcg_at_100_std": 0.051624,
        "nauc_ndcg_at_100_diff1": 0.081849,
        "nauc_ndcg_at_1000_max": 0.000787,
        "nauc_ndcg_at_1000_std": 0.03831,
        "nauc_ndcg_at_1000_diff1": 0.078533,
        "nauc_map_at_1_max": -0.05084,
        "nauc_map_at_1_std": -0.018039,
        "nauc_map_at_1_diff1": 0.083703,
        "nauc_map_at_3_max": -0.027587,
        "nauc_map_at_3_std": 0.008032,
        "nauc_map_at_3_diff1": 0.074376,
        "nauc_map_at_5_max": -0.0274,
        "nauc_map_at_5_std": 0.010581,
        "nauc_map_at_5_diff1": 0.068065,
        "nauc_map_at_10_max": -0.015534,
        "nauc_map_at_10_std": 0.018735,
        "nauc_map_at_10_diff1": 0.076434,
        "nauc_map_at_20_max": -0.013888,
        "nauc_map_at_20_std": 0.021989,
        "nauc_map_at_20_diff1": 0.076425,
        "nauc_map_at_100_max": -0.015198,
        "nauc_map_at_100_std": 0.021026,
        "nauc_map_at_100_diff1": 0.075766,
        "nauc_map_at_1000_max": -0.015565,
        "nauc_map_at_1000_std": 0.020569,
        "nauc_map_at_1000_diff1": 0.075612,
        "nauc_recall_at_1_max": -0.05084,
        "nauc_recall_at_1_std": -0.018039,
        "nauc_recall_at_1_diff1": 0.083703,
        "nauc_recall_at_3_max": 0.006713,
        "nauc_recall_at_3_std": 0.041755,
        "nauc_recall_at_3_diff1": 0.078606,
        "nauc_recall_at_5_max": 0.009892,
        "nauc_recall_at_5_std": 0.056301,
        "nauc_recall_at_5_diff1": 0.054792,
        "nauc_recall_at_10_max": 0.126552,
        "nauc_recall_at_10_std": 0.141111,
        "nauc_recall_at_10_diff1": 0.122847,
        "nauc_recall_at_20_max": 0.228318,
        "nauc_recall_at_20_std": 0.275738,
        "nauc_recall_at_20_diff1": 0.152081,
        "nauc_recall_at_100_max": 0.373246,
        "nauc_recall_at_100_std": 0.488812,
        "nauc_recall_at_100_diff1": 0.17135,
        "nauc_recall_at_1000_max": 0.398541,
        "nauc_recall_at_1000_std": 0.592781,
        "nauc_recall_at_1000_diff1": 0.13463,
        "nauc_precision_at_1_max": -0.05084,
        "nauc_precision_at_1_std": -0.018039,
        "nauc_precision_at_1_diff1": 0.083703,
        "nauc_precision_at_3_max": 0.006713,
        "nauc_precision_at_3_std": 0.041755,
        "nauc_precision_at_3_diff1": 0.078606,
        "nauc_precision_at_5_max": 0.009892,
        "nauc_precision_at_5_std": 0.056301,
        "nauc_precision_at_5_diff1": 0.054792,
        "nauc_precision_at_10_max": 0.126552,
        "nauc_precision_at_10_std": 0.141111,
        "nauc_precision_at_10_diff1": 0.122847,
        "nauc_precision_at_20_max": 0.228318,
        "nauc_precision_at_20_std": 0.275738,
        "nauc_precision_at_20_diff1": 0.152081,
        "nauc_precision_at_100_max": 0.373246,
        "nauc_precision_at_100_std": 0.488812,
        "nauc_precision_at_100_diff1": 0.17135,
        "nauc_precision_at_1000_max": 0.398541,
        "nauc_precision_at_1000_std": 0.592781,
        "nauc_precision_at_1000_diff1": 0.13463,
        "nauc_mrr_at_1_max": -0.050807,
        "nauc_mrr_at_1_std": -0.017634,
        "nauc_mrr_at_1_diff1": 0.071319,
        "nauc_mrr_at_3_max": -0.037275,
        "nauc_mrr_at_3_std": 0.007863,
        "nauc_mrr_at_3_diff1": 0.05675,
        "nauc_mrr_at_5_max": -0.033122,
        "nauc_mrr_at_5_std": 0.009576,
        "nauc_mrr_at_5_diff1": 0.055083,
        "nauc_mrr_at_10_max": -0.021071,
        "nauc_mrr_at_10_std": 0.018272,
        "nauc_mrr_at_10_diff1": 0.06327,
        "nauc_mrr_at_20_max": -0.01959,
        "nauc_mrr_at_20_std": 0.021495,
        "nauc_mrr_at_20_diff1": 0.062973,
        "nauc_mrr_at_100_max": -0.020972,
        "nauc_mrr_at_100_std": 0.020526,
        "nauc_mrr_at_100_diff1": 0.062165,
        "nauc_mrr_at_1000_max": -0.021345,
        "nauc_mrr_at_1000_std": 0.020071,
        "nauc_mrr_at_1000_diff1": 0.061996,
        "main_score": 0.42864,
        "hf_subset": "default",
        "languages": [
          "eng-Latn"
        ]
      }
    ]
  },
  "evaluation_time": 3.856198787689209,
  "kg_co2_emissions": null
}