{
  "dataset_revision": "47f2ac6acb640fc46020b02a5b59fdda04d39380",
  "task_name": "ClimateFEVER",
  "mteb_version": "1.34.4",
  "scores": {
    "test": [
      {
        "ndcg_at_1": 0.17134,
        "ndcg_at_3": 0.15219,
        "ndcg_at_5": 0.16731,
        "ndcg_at_10": 0.19737,
        "ndcg_at_20": 0.22049,
        "ndcg_at_100": 0.26605,
        "ndcg_at_1000": 0.30626,
        "map_at_1": 0.0758,
        "map_at_3": 0.10871,
        "map_at_5": 0.12009,
        "map_at_10": 0.13288,
        "map_at_20": 0.13969,
        "map_at_100": 0.14778,
        "map_at_1000": 0.14982,
        "recall_at_1": 0.0758,
        "recall_at_3": 0.14111,
        "recall_at_5": 0.18141,
        "recall_at_10": 0.24907,
        "recall_at_20": 0.31623,
        "recall_at_100": 0.49186,
        "recall_at_1000": 0.72183,
        "precision_at_1": 0.17134,
        "precision_at_3": 0.11488,
        "precision_at_5": 0.09121,
        "precision_at_10": 0.06502,
        "precision_at_20": 0.04215,
        "precision_at_100": 0.01393,
        "precision_at_1000": 0.00213,
        "mrr_at_1": 0.171336,
        "mrr_at_3": 0.23203,
        "mrr_at_5": 0.249718,
        "mrr_at_10": 0.265585,
        "mrr_at_20": 0.272874,
        "mrr_at_100": 0.277062,
        "mrr_at_1000": 0.277695,
        "nauc_ndcg_at_1_max": 0.265416,
        "nauc_ndcg_at_1_std": 0.123191,
        "nauc_ndcg_at_1_diff1": 0.285916,
        "nauc_ndcg_at_3_max": 0.222772,
        "nauc_ndcg_at_3_std": 0.112801,
        "nauc_ndcg_at_3_diff1": 0.215847,
        "nauc_ndcg_at_5_max": 0.228145,
        "nauc_ndcg_at_5_std": 0.130769,
        "nauc_ndcg_at_5_diff1": 0.212279,
        "nauc_ndcg_at_10_max": 0.257222,
        "nauc_ndcg_at_10_std": 0.163133,
        "nauc_ndcg_at_10_diff1": 0.218773,
        "nauc_ndcg_at_20_max": 0.260236,
        "nauc_ndcg_at_20_std": 0.1816,
        "nauc_ndcg_at_20_diff1": 0.21352,
        "nauc_ndcg_at_100_max": 0.289034,
        "nauc_ndcg_at_100_std": 0.217007,
        "nauc_ndcg_at_100_diff1": 0.209064,
        "nauc_ndcg_at_1000_max": 0.308678,
        "nauc_ndcg_at_1000_std": 0.241158,
        "nauc_ndcg_at_1000_diff1": 0.213031,
        "nauc_map_at_1_max": 0.23278,
        "nauc_map_at_1_std": 0.065334,
        "nauc_map_at_1_diff1": 0.348444,
        "nauc_map_at_3_max": 0.208521,
        "nauc_map_at_3_std": 0.084519,
        "nauc_map_at_3_diff1": 0.253324,
        "nauc_map_at_5_max": 0.215136,
        "nauc_map_at_5_std": 0.098781,
        "nauc_map_at_5_diff1": 0.247007,
        "nauc_map_at_10_max": 0.232817,
        "nauc_map_at_10_std": 0.11764,
        "nauc_map_at_10_diff1": 0.250623,
        "nauc_map_at_20_max": 0.234794,
        "nauc_map_at_20_std": 0.125274,
        "nauc_map_at_20_diff1": 0.248297,
        "nauc_map_at_100_max": 0.243129,
        "nauc_map_at_100_std": 0.135578,
        "nauc_map_at_100_diff1": 0.247024,
        "nauc_map_at_1000_max": 0.244807,
        "nauc_map_at_1000_std": 0.13793,
        "nauc_map_at_1000_diff1": 0.247296,
        "nauc_recall_at_1_max": 0.23278,
        "nauc_recall_at_1_std": 0.065334,
        "nauc_recall_at_1_diff1": 0.348444,
        "nauc_recall_at_3_max": 0.185101,
        "nauc_recall_at_3_std": 0.096012,
        "nauc_recall_at_3_diff1": 0.178422,
        "nauc_recall_at_5_max": 0.191865,
        "nauc_recall_at_5_std": 0.125929,
        "nauc_recall_at_5_diff1": 0.159746,
        "nauc_recall_at_10_max": 0.23449,
        "nauc_recall_at_10_std": 0.178839,
        "nauc_recall_at_10_diff1": 0.162712,
        "nauc_recall_at_20_max": 0.218191,
        "nauc_recall_at_20_std": 0.204441,
        "nauc_recall_at_20_diff1": 0.140844,
        "nauc_recall_at_100_max": 0.27361,
        "nauc_recall_at_100_std": 0.281345,
        "nauc_recall_at_100_diff1": 0.114932,
        "nauc_recall_at_1000_max": 0.379311,
        "nauc_recall_at_1000_std": 0.420613,
        "nauc_recall_at_1000_diff1": 0.124808,
        "nauc_precision_at_1_max": 0.265416,
        "nauc_precision_at_1_std": 0.123191,
        "nauc_precision_at_1_diff1": 0.285916,
        "nauc_precision_at_3_max": 0.229413,
        "nauc_precision_at_3_std": 0.159481,
        "nauc_precision_at_3_diff1": 0.14487,
        "nauc_precision_at_5_max": 0.255388,
        "nauc_precision_at_5_std": 0.202923,
        "nauc_precision_at_5_diff1": 0.13059,
        "nauc_precision_at_10_max": 0.299443,
        "nauc_precision_at_10_std": 0.25168,
        "nauc_precision_at_10_diff1": 0.136189,
        "nauc_precision_at_20_max": 0.29384,
        "nauc_precision_at_20_std": 0.282941,
        "nauc_precision_at_20_diff1": 0.110165,
        "nauc_precision_at_100_max": 0.317497,
        "nauc_precision_at_100_std": 0.330309,
        "nauc_precision_at_100_diff1": 0.058398,
        "nauc_precision_at_1000_max": 0.304282,
        "nauc_precision_at_1000_std": 0.354868,
        "nauc_precision_at_1000_diff1": 0.012291,
        "nauc_mrr_at_1_max": 0.265416,
        "nauc_mrr_at_1_std": 0.123191,
        "nauc_mrr_at_1_diff1": 0.285916,
        "nauc_mrr_at_3_max": 0.250422,
        "nauc_mrr_at_3_std": 0.143477,
        "nauc_mrr_at_3_diff1": 0.215311,
        "nauc_mrr_at_5_max": 0.258813,
        "nauc_mrr_at_5_std": 0.15746,
        "nauc_mrr_at_5_diff1": 0.209028,
        "nauc_mrr_at_10_max": 0.26902,
        "nauc_mrr_at_10_std": 0.169405,
        "nauc_mrr_at_10_diff1": 0.213691,
        "nauc_mrr_at_20_max": 0.268918,
        "nauc_mrr_at_20_std": 0.173324,
        "nauc_mrr_at_20_diff1": 0.212637,
        "nauc_mrr_at_100_max": 0.269818,
        "nauc_mrr_at_100_std": 0.173281,
        "nauc_mrr_at_100_diff1": 0.214274,
        "nauc_mrr_at_1000_max": 0.269924,
        "nauc_mrr_at_1000_std": 0.173217,
        "nauc_mrr_at_1000_diff1": 0.214271,
        "main_score": 0.19737,
        "hf_subset": "default",
        "languages": [
          "eng-Latn"
        ]
      }
    ]
  },
  "evaluation_time": 1017.2251191139221,
  "kg_co2_emissions": null
}