{
  "dataset_revision": "47f2ac6acb640fc46020b02a5b59fdda04d39380",
  "evaluation_time": 1208.0620851516724,
  "kg_co2_emissions": null,
  "mteb_version": "1.14.15",
  "scores": {
    "test": [
      {
        "hf_subset": "default",
        "languages": [
          "eng-Latn"
        ],
        "main_score": 0.19737,
        "map_at_1": 0.0758,
        "map_at_10": 0.13288,
        "map_at_100": 0.14778,
        "map_at_1000": 0.14982,
        "map_at_20": 0.13969,
        "map_at_3": 0.10871,
        "map_at_5": 0.12009,
        "mrr_at_1": 0.17133550488599347,
        "mrr_at_10": 0.265584509591024,
        "mrr_at_100": 0.2770619040522194,
        "mrr_at_1000": 0.27769512197225343,
        "mrr_at_20": 0.272873997190966,
        "mrr_at_3": 0.23203040173724188,
        "mrr_at_5": 0.2497176981541797,
        "nauc_map_at_1000_diff1": 0.24729603741789769,
        "nauc_map_at_1000_max": 0.24480735633901146,
        "nauc_map_at_1000_std": 0.13793019923391536,
        "nauc_map_at_100_diff1": 0.24702427786226588,
        "nauc_map_at_100_max": 0.24312935578677994,
        "nauc_map_at_100_std": 0.13557776976404154,
        "nauc_map_at_10_diff1": 0.250623435392237,
        "nauc_map_at_10_max": 0.2328171465969397,
        "nauc_map_at_10_std": 0.11764008031776112,
        "nauc_map_at_1_diff1": 0.3484443951215321,
        "nauc_map_at_1_max": 0.2327803526667906,
        "nauc_map_at_1_std": 0.06533433240791793,
        "nauc_map_at_20_diff1": 0.24829658985975622,
        "nauc_map_at_20_max": 0.23479388707533952,
        "nauc_map_at_20_std": 0.12527441286050017,
        "nauc_map_at_3_diff1": 0.25332429880275176,
        "nauc_map_at_3_max": 0.20852134738989522,
        "nauc_map_at_3_std": 0.08451908175536312,
        "nauc_map_at_5_diff1": 0.24700749559954793,
        "nauc_map_at_5_max": 0.21513612585855957,
        "nauc_map_at_5_std": 0.09878132842170151,
        "nauc_mrr_at_1000_diff1": 0.214271286322983,
        "nauc_mrr_at_1000_max": 0.26992365852241146,
        "nauc_mrr_at_1000_std": 0.17321690450890923,
        "nauc_mrr_at_100_diff1": 0.21427383085782928,
        "nauc_mrr_at_100_max": 0.2698184853141775,
        "nauc_mrr_at_100_std": 0.17328094756874612,
        "nauc_mrr_at_10_diff1": 0.21369108071516346,
        "nauc_mrr_at_10_max": 0.26902002317172485,
        "nauc_mrr_at_10_std": 0.16940453813138268,
        "nauc_mrr_at_1_diff1": 0.2859157297539116,
        "nauc_mrr_at_1_max": 0.2654160337709027,
        "nauc_mrr_at_1_std": 0.12319135936486487,
        "nauc_mrr_at_20_diff1": 0.212637422505419,
        "nauc_mrr_at_20_max": 0.26891762697769134,
        "nauc_mrr_at_20_std": 0.17332417370892916,
        "nauc_mrr_at_3_diff1": 0.21531125666898668,
        "nauc_mrr_at_3_max": 0.250422060271623,
        "nauc_mrr_at_3_std": 0.14347699109361417,
        "nauc_mrr_at_5_diff1": 0.2090283927121716,
        "nauc_mrr_at_5_max": 0.2588130171231389,
        "nauc_mrr_at_5_std": 0.157460269053894,
        "nauc_ndcg_at_1000_diff1": 0.2130311098816425,
        "nauc_ndcg_at_1000_max": 0.30867798726301166,
        "nauc_ndcg_at_1000_std": 0.24115835259581161,
        "nauc_ndcg_at_100_diff1": 0.2090637661138601,
        "nauc_ndcg_at_100_max": 0.2890338315521905,
        "nauc_ndcg_at_100_std": 0.21700698920603986,
        "nauc_ndcg_at_10_diff1": 0.21877322734445864,
        "nauc_ndcg_at_10_max": 0.25722202242090936,
        "nauc_ndcg_at_10_std": 0.16313273898123085,
        "nauc_ndcg_at_1_diff1": 0.2859157297539116,
        "nauc_ndcg_at_1_max": 0.2654160337709027,
        "nauc_ndcg_at_1_std": 0.12319135936486487,
        "nauc_ndcg_at_20_diff1": 0.21352023081638988,
        "nauc_ndcg_at_20_max": 0.26023607863730086,
        "nauc_ndcg_at_20_std": 0.18159966552384854,
        "nauc_ndcg_at_3_diff1": 0.21584694082829325,
        "nauc_ndcg_at_3_max": 0.22277158070601683,
        "nauc_ndcg_at_3_std": 0.11280093739110814,
        "nauc_ndcg_at_5_diff1": 0.2122794762775943,
        "nauc_ndcg_at_5_max": 0.22814546433767996,
        "nauc_ndcg_at_5_std": 0.1307693075742485,
        "nauc_precision_at_1000_diff1": 0.012291278263943651,
        "nauc_precision_at_1000_max": 0.30428220237747744,
        "nauc_precision_at_1000_std": 0.35486843837030574,
        "nauc_precision_at_100_diff1": 0.058398225023589434,
        "nauc_precision_at_100_max": 0.3174968915715873,
        "nauc_precision_at_100_std": 0.3303088453755785,
        "nauc_precision_at_10_diff1": 0.13618894319397987,
        "nauc_precision_at_10_max": 0.29944256877239983,
        "nauc_precision_at_10_std": 0.2516799740254062,
        "nauc_precision_at_1_diff1": 0.2859157297539116,
        "nauc_precision_at_1_max": 0.2654160337709027,
        "nauc_precision_at_1_std": 0.12319135936486487,
        "nauc_precision_at_20_diff1": 0.11016546432068668,
        "nauc_precision_at_20_max": 0.29384029988434035,
        "nauc_precision_at_20_std": 0.2829412908144535,
        "nauc_precision_at_3_diff1": 0.14486980680974532,
        "nauc_precision_at_3_max": 0.22941300149012808,
        "nauc_precision_at_3_std": 0.15948074376558302,
        "nauc_precision_at_5_diff1": 0.1305903170977171,
        "nauc_precision_at_5_max": 0.25538800002473216,
        "nauc_precision_at_5_std": 0.20292315419905832,
        "nauc_recall_at_1000_diff1": 0.12480839027412871,
        "nauc_recall_at_1000_max": 0.3793110145252946,
        "nauc_recall_at_1000_std": 0.4206127213739258,
        "nauc_recall_at_100_diff1": 0.11493155880852662,
        "nauc_recall_at_100_max": 0.27360977043238693,
        "nauc_recall_at_100_std": 0.2813450624683099,
        "nauc_recall_at_10_diff1": 0.1627123527594846,
        "nauc_recall_at_10_max": 0.23449040506685093,
        "nauc_recall_at_10_std": 0.1788389362914695,
        "nauc_recall_at_1_diff1": 0.3484443951215321,
        "nauc_recall_at_1_max": 0.2327803526667906,
        "nauc_recall_at_1_std": 0.06533433240791793,
        "nauc_recall_at_20_diff1": 0.14084418800297216,
        "nauc_recall_at_20_max": 0.2181909793663393,
        "nauc_recall_at_20_std": 0.2044410671487353,
        "nauc_recall_at_3_diff1": 0.17842240049745378,
        "nauc_recall_at_3_max": 0.1851009355096147,
        "nauc_recall_at_3_std": 0.09601196022949464,
        "nauc_recall_at_5_diff1": 0.1597458396572008,
        "nauc_recall_at_5_max": 0.1918647734660961,
        "nauc_recall_at_5_std": 0.12592886956245533,
        "ndcg_at_1": 0.17134,
        "ndcg_at_10": 0.19737,
        "ndcg_at_100": 0.26605,
        "ndcg_at_1000": 0.30626,
        "ndcg_at_20": 0.22049,
        "ndcg_at_3": 0.15219,
        "ndcg_at_5": 0.16731,
        "precision_at_1": 0.17134,
        "precision_at_10": 0.06502,
        "precision_at_100": 0.01393,
        "precision_at_1000": 0.00213,
        "precision_at_20": 0.04215,
        "precision_at_3": 0.11488,
        "precision_at_5": 0.09121,
        "recall_at_1": 0.0758,
        "recall_at_10": 0.24907,
        "recall_at_100": 0.49186,
        "recall_at_1000": 0.72183,
        "recall_at_20": 0.31623,
        "recall_at_3": 0.14111,
        "recall_at_5": 0.18141
      }
    ]
  },
  "task_name": "ClimateFEVER"
}