{
  "dataset_revision": "5003b3064772da1887988e05400cf3806fe491f2",
  "evaluation_time": 8.278731107711792,
  "kg_co2_emissions": null,
  "mteb_version": "1.14.15",
  "scores": {
    "test": [
      {
        "hf_subset": "default",
        "languages": [
          "eng-Latn"
        ],
        "main_score": 0.20853,
        "map_at_1": 0.12659,
        "map_at_10": 0.17837,
        "map_at_100": 0.18619,
        "map_at_1000": 0.18742,
        "map_at_20": 0.18257,
        "map_at_3": 0.16283,
        "map_at_5": 0.17335,
        "mrr_at_1": 0.13785310734463277,
        "mrr_at_10": 0.19169491525423735,
        "mrr_at_100": 0.1995101655525465,
        "mrr_at_1000": 0.200562199810202,
        "mrr_at_20": 0.19592521112159572,
        "mrr_at_3": 0.17551789077212807,
        "mrr_at_5": 0.18687382297551794,
        "nauc_map_at_1000_diff1": 0.3297526567584334,
        "nauc_map_at_1000_max": 0.17827080363908074,
        "nauc_map_at_1000_std": -0.07917256868134977,
        "nauc_map_at_100_diff1": 0.33000717149126846,
        "nauc_map_at_100_max": 0.17772442471604422,
        "nauc_map_at_100_std": -0.07954025554315228,
        "nauc_map_at_10_diff1": 0.3354071972636157,
        "nauc_map_at_10_max": 0.17985491695772446,
        "nauc_map_at_10_std": -0.07856378803376327,
        "nauc_map_at_1_diff1": 0.4367494937362112,
        "nauc_map_at_1_max": 0.21124340797673946,
        "nauc_map_at_1_std": -0.12197996046930769,
        "nauc_map_at_20_diff1": 0.33223910724903205,
        "nauc_map_at_20_max": 0.17886404791497465,
        "nauc_map_at_20_std": -0.08160413951410259,
        "nauc_map_at_3_diff1": 0.35720438998243337,
        "nauc_map_at_3_max": 0.18432956304616785,
        "nauc_map_at_3_std": -0.09080010089944172,
        "nauc_map_at_5_diff1": 0.33971592181962734,
        "nauc_map_at_5_max": 0.18424185588555975,
        "nauc_map_at_5_std": -0.07577770606753287,
        "nauc_mrr_at_1000_diff1": 0.31433579780624593,
        "nauc_mrr_at_1000_max": 0.19322453443072254,
        "nauc_mrr_at_1000_std": -0.05854685619590339,
        "nauc_mrr_at_100_diff1": 0.31445404071603034,
        "nauc_mrr_at_100_max": 0.19304722387301676,
        "nauc_mrr_at_100_std": -0.05873634867990218,
        "nauc_mrr_at_10_diff1": 0.3183707006941321,
        "nauc_mrr_at_10_max": 0.19341887973008037,
        "nauc_mrr_at_10_std": -0.05745261013451921,
        "nauc_mrr_at_1_diff1": 0.4093685635066508,
        "nauc_mrr_at_1_max": 0.23439679209668945,
        "nauc_mrr_at_1_std": -0.09177572150758774,
        "nauc_mrr_at_20_diff1": 0.31592328454500934,
        "nauc_mrr_at_20_max": 0.1936391895653557,
        "nauc_mrr_at_20_std": -0.06040902065763658,
        "nauc_mrr_at_3_diff1": 0.3384195578174624,
        "nauc_mrr_at_3_max": 0.1972761095405792,
        "nauc_mrr_at_3_std": -0.06874819526162579,
        "nauc_mrr_at_5_diff1": 0.3223640949428376,
        "nauc_mrr_at_5_max": 0.19697954589210917,
        "nauc_mrr_at_5_std": -0.054516874898461624,
        "nauc_ndcg_at_1000_diff1": 0.27505013952943785,
        "nauc_ndcg_at_1000_max": 0.16809700108262368,
        "nauc_ndcg_at_1000_std": -0.053318599716935165,
        "nauc_ndcg_at_100_diff1": 0.275033876349676,
        "nauc_ndcg_at_100_max": 0.15916003406666354,
        "nauc_ndcg_at_100_std": -0.06122142723155814,
        "nauc_ndcg_at_10_diff1": 0.29664304651922324,
        "nauc_ndcg_at_10_max": 0.17007347849411075,
        "nauc_ndcg_at_10_std": -0.06266816577956438,
        "nauc_ndcg_at_1_diff1": 0.4093685635066508,
        "nauc_ndcg_at_1_max": 0.23439679209668945,
        "nauc_ndcg_at_1_std": -0.09177572150758774,
        "nauc_ndcg_at_20_diff1": 0.28647331375815643,
        "nauc_ndcg_at_20_max": 0.16877879345914942,
        "nauc_ndcg_at_20_std": -0.07258408352703308,
        "nauc_ndcg_at_3_diff1": 0.3338934212428272,
        "nauc_ndcg_at_3_max": 0.1791982977008598,
        "nauc_ndcg_at_3_std": -0.08009957293234983,
        "nauc_ndcg_at_5_diff1": 0.3061169550826665,
        "nauc_ndcg_at_5_max": 0.17918875891240638,
        "nauc_ndcg_at_5_std": -0.05585432013144523,
        "nauc_precision_at_1000_diff1": 0.004226603303036744,
        "nauc_precision_at_1000_max": 0.14332893022601742,
        "nauc_precision_at_1000_std": 0.09035818125389601,
        "nauc_precision_at_100_diff1": 0.10538061012787568,
        "nauc_precision_at_100_max": 0.114943397138104,
        "nauc_precision_at_100_std": 0.014164358406768551,
        "nauc_precision_at_10_diff1": 0.19644828725115066,
        "nauc_precision_at_10_max": 0.1564894166408731,
        "nauc_precision_at_10_std": -0.010813399392390838,
        "nauc_precision_at_1_diff1": 0.4093685635066508,
        "nauc_precision_at_1_max": 0.23439679209668945,
        "nauc_precision_at_1_std": -0.09177572150758774,
        "nauc_precision_at_20_diff1": 0.16383600154012903,
        "nauc_precision_at_20_max": 0.14882146834330157,
        "nauc_precision_at_20_std": -0.035303919234659566,
        "nauc_precision_at_3_diff1": 0.26300673270530456,
        "nauc_precision_at_3_max": 0.17728543486739576,
        "nauc_precision_at_3_std": -0.043981009675591216,
        "nauc_precision_at_5_diff1": 0.21490299955788664,
        "nauc_precision_at_5_max": 0.17908106757943346,
        "nauc_precision_at_5_std": 0.0042728730989335835,
        "nauc_recall_at_1000_diff1": 0.07740221752377091,
        "nauc_recall_at_1000_max": 0.10555708189438291,
        "nauc_recall_at_1000_std": 0.05695404463900641,
        "nauc_recall_at_100_diff1": 0.13228097861724095,
        "nauc_recall_at_100_max": 0.08046587601353371,
        "nauc_recall_at_100_std": -0.028441726501064794,
        "nauc_recall_at_10_diff1": 0.21245766737033775,
        "nauc_recall_at_10_max": 0.13355463123202746,
        "nauc_recall_at_10_std": -0.043060996874480256,
        "nauc_recall_at_1_diff1": 0.4367494937362112,
        "nauc_recall_at_1_max": 0.21124340797673946,
        "nauc_recall_at_1_std": -0.12197996046930769,
        "nauc_recall_at_20_diff1": 0.18077039106796608,
        "nauc_recall_at_20_max": 0.13019919308285566,
        "nauc_recall_at_20_std": -0.074206526771047,
        "nauc_recall_at_3_diff1": 0.29086042342675317,
        "nauc_recall_at_3_max": 0.155421583851582,
        "nauc_recall_at_3_std": -0.07123318203911005,
        "nauc_recall_at_5_diff1": 0.23409799640569168,
        "nauc_recall_at_5_max": 0.15430969619214413,
        "nauc_recall_at_5_std": -0.024671514179639677,
        "ndcg_at_1": 0.13785,
        "ndcg_at_10": 0.20853,
        "ndcg_at_100": 0.25115,
        "ndcg_at_1000": 0.28534,
        "ndcg_at_20": 0.22367,
        "ndcg_at_3": 0.17775,
        "ndcg_at_5": 0.19674,
        "precision_at_1": 0.13785,
        "precision_at_10": 0.03266,
        "precision_at_100": 0.00573,
        "precision_at_1000": 0.00091,
        "precision_at_20": 0.01994,
        "precision_at_3": 0.07721,
        "precision_at_5": 0.05695,
        "recall_at_1": 0.12659,
        "recall_at_10": 0.28828,
        "recall_at_100": 0.49171,
        "recall_at_1000": 0.75594,
        "recall_at_20": 0.34545,
        "recall_at_3": 0.20754,
        "recall_at_5": 0.25253
      }
    ]
  },
  "task_name": "CQADupstackGisRetrieval"
}