{
  "dataset_revision": "46989137a86843e03a6195de44b09deda022eec7",
  "task_name": "CQADupstackTexRetrieval",
  "mteb_version": "1.34.4",
  "scores": {
    "test": [
      {
        "ndcg_at_1": 0.09016,
        "ndcg_at_3": 0.11122,
        "ndcg_at_5": 0.12303,
        "ndcg_at_10": 0.13447,
        "ndcg_at_20": 0.14736,
        "ndcg_at_100": 0.17307,
        "ndcg_at_1000": 0.20821,
        "map_at_1": 0.07499,
        "map_at_3": 0.09777,
        "map_at_5": 0.10497,
        "map_at_10": 0.10988,
        "map_at_20": 0.11349,
        "map_at_100": 0.11698,
        "map_at_1000": 0.11822,
        "recall_at_1": 0.07499,
        "recall_at_3": 0.12435,
        "recall_at_5": 0.15444,
        "recall_at_10": 0.18843,
        "recall_at_20": 0.23538,
        "recall_at_100": 0.36508,
        "recall_at_1000": 0.62564,
        "precision_at_1": 0.09016,
        "precision_at_3": 0.05391,
        "precision_at_5": 0.04067,
        "precision_at_10": 0.02536,
        "precision_at_20": 0.01635,
        "precision_at_100": 0.00534,
        "precision_at_1000": 0.001,
        "mrr_at_1": 0.090158,
        "mrr_at_3": 0.117573,
        "mrr_at_5": 0.125574,
        "mrr_at_10": 0.131098,
        "mrr_at_20": 0.135195,
        "mrr_at_100": 0.138682,
        "mrr_at_1000": 0.139681,
        "nauc_ndcg_at_1_max": 0.181108,
        "nauc_ndcg_at_1_std": -0.017903,
        "nauc_ndcg_at_1_diff1": 0.385499,
        "nauc_ndcg_at_3_max": 0.173889,
        "nauc_ndcg_at_3_std": -0.006987,
        "nauc_ndcg_at_3_diff1": 0.312747,
        "nauc_ndcg_at_5_max": 0.163319,
        "nauc_ndcg_at_5_std": -0.007822,
        "nauc_ndcg_at_5_diff1": 0.295549,
        "nauc_ndcg_at_10_max": 0.153625,
        "nauc_ndcg_at_10_std": -0.01063,
        "nauc_ndcg_at_10_diff1": 0.279806,
        "nauc_ndcg_at_20_max": 0.151768,
        "nauc_ndcg_at_20_std": -0.005769,
        "nauc_ndcg_at_20_diff1": 0.264992,
        "nauc_ndcg_at_100_max": 0.150105,
        "nauc_ndcg_at_100_std": 0.010429,
        "nauc_ndcg_at_100_diff1": 0.252221,
        "nauc_ndcg_at_1000_max": 0.157352,
        "nauc_ndcg_at_1000_std": 0.027054,
        "nauc_ndcg_at_1000_diff1": 0.249273,
        "nauc_map_at_1_max": 0.161492,
        "nauc_map_at_1_std": -0.024218,
        "nauc_map_at_1_diff1": 0.40574,
        "nauc_map_at_3_max": 0.166151,
        "nauc_map_at_3_std": -0.016385,
        "nauc_map_at_3_diff1": 0.335257,
        "nauc_map_at_5_max": 0.162167,
        "nauc_map_at_5_std": -0.016533,
        "nauc_map_at_5_diff1": 0.323294,
        "nauc_map_at_10_max": 0.157743,
        "nauc_map_at_10_std": -0.016732,
        "nauc_map_at_10_diff1": 0.314089,
        "nauc_map_at_20_max": 0.157206,
        "nauc_map_at_20_std": -0.015063,
        "nauc_map_at_20_diff1": 0.308483,
        "nauc_map_at_100_max": 0.157343,
        "nauc_map_at_100_std": -0.011937,
        "nauc_map_at_100_diff1": 0.305873,
        "nauc_map_at_1000_max": 0.157985,
        "nauc_map_at_1000_std": -0.010859,
        "nauc_map_at_1000_diff1": 0.30567,
        "nauc_recall_at_1_max": 0.161492,
        "nauc_recall_at_1_std": -0.024218,
        "nauc_recall_at_1_diff1": 0.40574,
        "nauc_recall_at_3_max": 0.158544,
        "nauc_recall_at_3_std": -0.011534,
        "nauc_recall_at_3_diff1": 0.268523,
        "nauc_recall_at_5_max": 0.141604,
        "nauc_recall_at_5_std": -0.010056,
        "nauc_recall_at_5_diff1": 0.243489,
        "nauc_recall_at_10_max": 0.121385,
        "nauc_recall_at_10_std": -0.013591,
        "nauc_recall_at_10_diff1": 0.212275,
        "nauc_recall_at_20_max": 0.113158,
        "nauc_recall_at_20_std": -0.000816,
        "nauc_recall_at_20_diff1": 0.175303,
        "nauc_recall_at_100_max": 0.104995,
        "nauc_recall_at_100_std": 0.046754,
        "nauc_recall_at_100_diff1": 0.139043,
        "nauc_recall_at_1000_max": 0.116761,
        "nauc_recall_at_1000_std": 0.128616,
        "nauc_recall_at_1000_diff1": 0.098175,
        "nauc_precision_at_1_max": 0.181108,
        "nauc_precision_at_1_std": -0.017903,
        "nauc_precision_at_1_diff1": 0.385499,
        "nauc_precision_at_3_max": 0.194983,
        "nauc_precision_at_3_std": 0.015264,
        "nauc_precision_at_3_diff1": 0.265597,
        "nauc_precision_at_5_max": 0.182796,
        "nauc_precision_at_5_std": 0.0211,
        "nauc_precision_at_5_diff1": 0.232257,
        "nauc_precision_at_10_max": 0.167181,
        "nauc_precision_at_10_std": 0.015935,
        "nauc_precision_at_10_diff1": 0.200706,
        "nauc_precision_at_20_max": 0.179465,
        "nauc_precision_at_20_std": 0.039603,
        "nauc_precision_at_20_diff1": 0.167405,
        "nauc_precision_at_100_max": 0.193705,
        "nauc_precision_at_100_std": 0.095258,
        "nauc_precision_at_100_diff1": 0.149639,
        "nauc_precision_at_1000_max": 0.243546,
        "nauc_precision_at_1000_std": 0.17751,
        "nauc_precision_at_1000_diff1": 0.123462,
        "nauc_mrr_at_1_max": 0.181108,
        "nauc_mrr_at_1_std": -0.017903,
        "nauc_mrr_at_1_diff1": 0.385499,
        "nauc_mrr_at_3_max": 0.186228,
        "nauc_mrr_at_3_std": 0.001084,
        "nauc_mrr_at_3_diff1": 0.317844,
        "nauc_mrr_at_5_max": 0.17953,
        "nauc_mrr_at_5_std": 0.003011,
        "nauc_mrr_at_5_diff1": 0.306342,
        "nauc_mrr_at_10_max": 0.176158,
        "nauc_mrr_at_10_std": 0.002123,
        "nauc_mrr_at_10_diff1": 0.299811,
        "nauc_mrr_at_20_max": 0.175502,
        "nauc_mrr_at_20_std": 0.003324,
        "nauc_mrr_at_20_diff1": 0.294993,
        "nauc_mrr_at_100_max": 0.175293,
        "nauc_mrr_at_100_std": 0.005582,
        "nauc_mrr_at_100_diff1": 0.293232,
        "nauc_mrr_at_1000_max": 0.175349,
        "nauc_mrr_at_1000_std": 0.005842,
        "nauc_mrr_at_1000_diff1": 0.293105,
        "main_score": 0.13447,
        "hf_subset": "default",
        "languages": [
          "eng-Latn"
        ]
      }
    ]
  },
  "evaluation_time": 17.417615175247192,
  "kg_co2_emissions": null
}