{
  "dataset_revision": "90fceea13679c63fe563ded68f3b6f06e50061de",
  "task_name": "CQADupstackMathematicaRetrieval",
  "mteb_version": "1.34.4",
  "scores": {
    "test": [
      {
        "ndcg_at_1": 0.08582,
        "ndcg_at_3": 0.10735,
        "ndcg_at_5": 0.12123,
        "ndcg_at_10": 0.13624,
        "ndcg_at_20": 0.1504,
        "ndcg_at_100": 0.18361,
        "ndcg_at_1000": 0.22017,
        "map_at_1": 0.07081,
        "map_at_3": 0.09383,
        "map_at_5": 0.10235,
        "map_at_10": 0.10864,
        "map_at_20": 0.11252,
        "map_at_100": 0.11705,
        "map_at_1000": 0.11838,
        "recall_at_1": 0.07081,
        "recall_at_3": 0.12432,
        "recall_at_5": 0.15628,
        "recall_at_10": 0.20022,
        "recall_at_20": 0.25156,
        "recall_at_100": 0.41921,
        "recall_at_1000": 0.68602,
        "precision_at_1": 0.08582,
        "precision_at_3": 0.051,
        "precision_at_5": 0.04005,
        "precision_at_10": 0.02637,
        "precision_at_20": 0.01704,
        "precision_at_100": 0.0059,
        "precision_at_1000": 0.00105,
        "mrr_at_1": 0.085821,
        "mrr_at_3": 0.113806,
        "mrr_at_5": 0.122512,
        "mrr_at_10": 0.129847,
        "mrr_at_20": 0.134135,
        "mrr_at_100": 0.138504,
        "mrr_at_1000": 0.139529,
        "nauc_ndcg_at_1_max": 0.094573,
        "nauc_ndcg_at_1_std": 0.01941,
        "nauc_ndcg_at_1_diff1": 0.249029,
        "nauc_ndcg_at_3_max": 0.094832,
        "nauc_ndcg_at_3_std": 0.05,
        "nauc_ndcg_at_3_diff1": 0.156094,
        "nauc_ndcg_at_5_max": 0.109517,
        "nauc_ndcg_at_5_std": 0.045788,
        "nauc_ndcg_at_5_diff1": 0.121324,
        "nauc_ndcg_at_10_max": 0.106683,
        "nauc_ndcg_at_10_std": 0.044422,
        "nauc_ndcg_at_10_diff1": 0.102766,
        "nauc_ndcg_at_20_max": 0.11407,
        "nauc_ndcg_at_20_std": 0.057684,
        "nauc_ndcg_at_20_diff1": 0.117179,
        "nauc_ndcg_at_100_max": 0.109257,
        "nauc_ndcg_at_100_std": 0.066896,
        "nauc_ndcg_at_100_diff1": 0.123668,
        "nauc_ndcg_at_1000_max": 0.125492,
        "nauc_ndcg_at_1000_std": 0.081443,
        "nauc_ndcg_at_1000_diff1": 0.127774,
        "nauc_map_at_1_max": 0.078418,
        "nauc_map_at_1_std": 0.033785,
        "nauc_map_at_1_diff1": 0.240223,
        "nauc_map_at_3_max": 0.084266,
        "nauc_map_at_3_std": 0.050227,
        "nauc_map_at_3_diff1": 0.168511,
        "nauc_map_at_5_max": 0.094902,
        "nauc_map_at_5_std": 0.042931,
        "nauc_map_at_5_diff1": 0.141344,
        "nauc_map_at_10_max": 0.093735,
        "nauc_map_at_10_std": 0.040794,
        "nauc_map_at_10_diff1": 0.131439,
        "nauc_map_at_20_max": 0.097528,
        "nauc_map_at_20_std": 0.046545,
        "nauc_map_at_20_diff1": 0.136356,
        "nauc_map_at_100_max": 0.096865,
        "nauc_map_at_100_std": 0.0481,
        "nauc_map_at_100_diff1": 0.138603,
        "nauc_map_at_1000_max": 0.097937,
        "nauc_map_at_1000_std": 0.049007,
        "nauc_map_at_1000_diff1": 0.138691,
        "nauc_recall_at_1_max": 0.078418,
        "nauc_recall_at_1_std": 0.033785,
        "nauc_recall_at_1_diff1": 0.240223,
        "nauc_recall_at_3_max": 0.097725,
        "nauc_recall_at_3_std": 0.056499,
        "nauc_recall_at_3_diff1": 0.118673,
        "nauc_recall_at_5_max": 0.13135,
        "nauc_recall_at_5_std": 0.048683,
        "nauc_recall_at_5_diff1": 0.067943,
        "nauc_recall_at_10_max": 0.120908,
        "nauc_recall_at_10_std": 0.039687,
        "nauc_recall_at_10_diff1": 0.038579,
        "nauc_recall_at_20_max": 0.137357,
        "nauc_recall_at_20_std": 0.075011,
        "nauc_recall_at_20_diff1": 0.077817,
        "nauc_recall_at_100_max": 0.111734,
        "nauc_recall_at_100_std": 0.10672,
        "nauc_recall_at_100_diff1": 0.093691,
        "nauc_recall_at_1000_max": 0.194603,
        "nauc_recall_at_1000_std": 0.202484,
        "nauc_recall_at_1000_diff1": 0.116107,
        "nauc_precision_at_1_max": 0.094573,
        "nauc_precision_at_1_std": 0.01941,
        "nauc_precision_at_1_diff1": 0.249029,
        "nauc_precision_at_3_max": 0.11282,
        "nauc_precision_at_3_std": 0.05649,
        "nauc_precision_at_3_diff1": 0.118855,
        "nauc_precision_at_5_max": 0.130267,
        "nauc_precision_at_5_std": 0.049187,
        "nauc_precision_at_5_diff1": 0.054182,
        "nauc_precision_at_10_max": 0.1209,
        "nauc_precision_at_10_std": 0.062652,
        "nauc_precision_at_10_diff1": 0.012623,
        "nauc_precision_at_20_max": 0.117844,
        "nauc_precision_at_20_std": 0.080718,
        "nauc_precision_at_20_diff1": 0.062131,
        "nauc_precision_at_100_max": 0.092507,
        "nauc_precision_at_100_std": 0.083484,
        "nauc_precision_at_100_diff1": 0.058643,
        "nauc_precision_at_1000_max": 0.10571,
        "nauc_precision_at_1000_std": 0.086641,
        "nauc_precision_at_1000_diff1": 0.015251,
        "nauc_mrr_at_1_max": 0.094573,
        "nauc_mrr_at_1_std": 0.01941,
        "nauc_mrr_at_1_diff1": 0.249029,
        "nauc_mrr_at_3_max": 0.103661,
        "nauc_mrr_at_3_std": 0.044935,
        "nauc_mrr_at_3_diff1": 0.17611,
        "nauc_mrr_at_5_max": 0.112401,
        "nauc_mrr_at_5_std": 0.048726,
        "nauc_mrr_at_5_diff1": 0.161086,
        "nauc_mrr_at_10_max": 0.109496,
        "nauc_mrr_at_10_std": 0.046889,
        "nauc_mrr_at_10_diff1": 0.150309,
        "nauc_mrr_at_20_max": 0.110668,
        "nauc_mrr_at_20_std": 0.048481,
        "nauc_mrr_at_20_diff1": 0.153139,
        "nauc_mrr_at_100_max": 0.110685,
        "nauc_mrr_at_100_std": 0.048437,
        "nauc_mrr_at_100_diff1": 0.154103,
        "nauc_mrr_at_1000_max": 0.111302,
        "nauc_mrr_at_1000_std": 0.048778,
        "nauc_mrr_at_1000_diff1": 0.154307,
        "main_score": 0.13624,
        "hf_subset": "default",
        "languages": [
          "eng-Latn"
        ]
      }
    ]
  },
  "evaluation_time": 4.17060399055481,
  "kg_co2_emissions": null
}