{
  "dataset_revision": "46989137a86843e03a6195de44b09deda022eec7",
  "evaluation_time": 19.2901451587677,
  "kg_co2_emissions": null,
  "mteb_version": "1.14.15",
  "scores": {
    "test": [
      {
        "hf_subset": "default",
        "languages": [
          "eng-Latn"
        ],
        "main_score": 0.13447,
        "map_at_1": 0.07499,
        "map_at_10": 0.10988,
        "map_at_100": 0.11698,
        "map_at_1000": 0.11822,
        "map_at_20": 0.11349,
        "map_at_3": 0.09777,
        "map_at_5": 0.10497,
        "mrr_at_1": 0.09015829318651067,
        "mrr_at_10": 0.1310979473229988,
        "mrr_at_100": 0.13868221537379818,
        "mrr_at_1000": 0.13968069797611807,
        "mrr_at_20": 0.13519507570996245,
        "mrr_at_3": 0.1175728378068364,
        "mrr_at_5": 0.1255735260380819,
        "nauc_map_at_1000_diff1": 0.30567002294769585,
        "nauc_map_at_1000_max": 0.15798512312830035,
        "nauc_map_at_1000_std": -0.010859390117945695,
        "nauc_map_at_100_diff1": 0.30587286610445663,
        "nauc_map_at_100_max": 0.1573430549325338,
        "nauc_map_at_100_std": -0.011937200115265095,
        "nauc_map_at_10_diff1": 0.31408895433670997,
        "nauc_map_at_10_max": 0.1577429808454488,
        "nauc_map_at_10_std": -0.016732090098666632,
        "nauc_map_at_1_diff1": 0.4057399794385126,
        "nauc_map_at_1_max": 0.16149171625208833,
        "nauc_map_at_1_std": -0.024218080519307704,
        "nauc_map_at_20_diff1": 0.308482877273114,
        "nauc_map_at_20_max": 0.157206329656063,
        "nauc_map_at_20_std": -0.015062672633905415,
        "nauc_map_at_3_diff1": 0.33525694017868407,
        "nauc_map_at_3_max": 0.16615076553444597,
        "nauc_map_at_3_std": -0.016384914831039103,
        "nauc_map_at_5_diff1": 0.3232936536711786,
        "nauc_map_at_5_max": 0.16216667669611806,
        "nauc_map_at_5_std": -0.01653343535899581,
        "nauc_mrr_at_1000_diff1": 0.2931052121532543,
        "nauc_mrr_at_1000_max": 0.1753494423521252,
        "nauc_mrr_at_1000_std": 0.005840623134394628,
        "nauc_mrr_at_100_diff1": 0.29323160649455304,
        "nauc_mrr_at_100_max": 0.17529292065145696,
        "nauc_mrr_at_100_std": 0.005580584016696392,
        "nauc_mrr_at_10_diff1": 0.299811375801316,
        "nauc_mrr_at_10_max": 0.17615794933598455,
        "nauc_mrr_at_10_std": 0.002123100820677504,
        "nauc_mrr_at_1_diff1": 0.3854985300740823,
        "nauc_mrr_at_1_max": 0.18110835976336595,
        "nauc_mrr_at_1_std": -0.017903397288683683,
        "nauc_mrr_at_20_diff1": 0.2949933029136201,
        "nauc_mrr_at_20_max": 0.17550155012432753,
        "nauc_mrr_at_20_std": 0.0033244192880021073,
        "nauc_mrr_at_3_diff1": 0.3178443905858544,
        "nauc_mrr_at_3_max": 0.18622792547430922,
        "nauc_mrr_at_3_std": 0.0010837491386435653,
        "nauc_mrr_at_5_diff1": 0.30634162157096756,
        "nauc_mrr_at_5_max": 0.17953005511330145,
        "nauc_mrr_at_5_std": 0.003011188554086528,
        "nauc_ndcg_at_1000_diff1": 0.24927260803572326,
        "nauc_ndcg_at_1000_max": 0.15735187217587246,
        "nauc_ndcg_at_1000_std": 0.0270536509701587,
        "nauc_ndcg_at_100_diff1": 0.25222134569922544,
        "nauc_ndcg_at_100_max": 0.15010537382520306,
        "nauc_ndcg_at_100_std": 0.010428591825830974,
        "nauc_ndcg_at_10_diff1": 0.27980571708839425,
        "nauc_ndcg_at_10_max": 0.15362543479684104,
        "nauc_ndcg_at_10_std": -0.010630429234748152,
        "nauc_ndcg_at_1_diff1": 0.3854985300740823,
        "nauc_ndcg_at_1_max": 0.18110835976336595,
        "nauc_ndcg_at_1_std": -0.017903397288683683,
        "nauc_ndcg_at_20_diff1": 0.2649918565200889,
        "nauc_ndcg_at_20_max": 0.15176785050941796,
        "nauc_ndcg_at_20_std": -0.005768848393065947,
        "nauc_ndcg_at_3_diff1": 0.31274664013387904,
        "nauc_ndcg_at_3_max": 0.17388908933640423,
        "nauc_ndcg_at_3_std": -0.006986711713763971,
        "nauc_ndcg_at_5_diff1": 0.2955493575480121,
        "nauc_ndcg_at_5_max": 0.16331948175175767,
        "nauc_ndcg_at_5_std": -0.007821520443168124,
        "nauc_precision_at_1000_diff1": 0.12346173562167531,
        "nauc_precision_at_1000_max": 0.24354588824888587,
        "nauc_precision_at_1000_std": 0.17750963682106144,
        "nauc_precision_at_100_diff1": 0.14963876212987393,
        "nauc_precision_at_100_max": 0.19370472977151568,
        "nauc_precision_at_100_std": 0.09525768475419981,
        "nauc_precision_at_10_diff1": 0.2007061887015277,
        "nauc_precision_at_10_max": 0.1671813468561834,
        "nauc_precision_at_10_std": 0.01593454819519877,
        "nauc_precision_at_1_diff1": 0.3854985300740823,
        "nauc_precision_at_1_max": 0.18110835976336595,
        "nauc_precision_at_1_std": -0.017903397288683683,
        "nauc_precision_at_20_diff1": 0.16740457192476918,
        "nauc_precision_at_20_max": 0.17946474788321787,
        "nauc_precision_at_20_std": 0.03960315992128476,
        "nauc_precision_at_3_diff1": 0.2655973349893991,
        "nauc_precision_at_3_max": 0.19498328112386987,
        "nauc_precision_at_3_std": 0.015264173782171962,
        "nauc_precision_at_5_diff1": 0.23225740781746088,
        "nauc_precision_at_5_max": 0.18279646085091097,
        "nauc_precision_at_5_std": 0.021100122710075775,
        "nauc_recall_at_1000_diff1": 0.09817522629457587,
        "nauc_recall_at_1000_max": 0.1167612437506304,
        "nauc_recall_at_1000_std": 0.1286161652413565,
        "nauc_recall_at_100_diff1": 0.13904333022125268,
        "nauc_recall_at_100_max": 0.10499528500128406,
        "nauc_recall_at_100_std": 0.04675424240643967,
        "nauc_recall_at_10_diff1": 0.21227509281109402,
        "nauc_recall_at_10_max": 0.12138466304037836,
        "nauc_recall_at_10_std": -0.013590502364993585,
        "nauc_recall_at_1_diff1": 0.4057399794385126,
        "nauc_recall_at_1_max": 0.16149171625208833,
        "nauc_recall_at_1_std": -0.024218080519307704,
        "nauc_recall_at_20_diff1": 0.1753031727243238,
        "nauc_recall_at_20_max": 0.1131576765662995,
        "nauc_recall_at_20_std": -0.0008156700202932581,
        "nauc_recall_at_3_diff1": 0.26852256743726843,
        "nauc_recall_at_3_max": 0.15854361939492712,
        "nauc_recall_at_3_std": -0.01153367621045346,
        "nauc_recall_at_5_diff1": 0.24348877280666795,
        "nauc_recall_at_5_max": 0.14160377863254098,
        "nauc_recall_at_5_std": -0.010056142155724031,
        "ndcg_at_1": 0.09016,
        "ndcg_at_10": 0.13447,
        "ndcg_at_100": 0.17307,
        "ndcg_at_1000": 0.20821,
        "ndcg_at_20": 0.14736,
        "ndcg_at_3": 0.11122,
        "ndcg_at_5": 0.12303,
        "precision_at_1": 0.09016,
        "precision_at_10": 0.02536,
        "precision_at_100": 0.00534,
        "precision_at_1000": 0.001,
        "precision_at_20": 0.01635,
        "precision_at_3": 0.05391,
        "precision_at_5": 0.04067,
        "recall_at_1": 0.07499,
        "recall_at_10": 0.18843,
        "recall_at_100": 0.36508,
        "recall_at_1000": 0.62564,
        "recall_at_20": 0.23538,
        "recall_at_3": 0.12435,
        "recall_at_5": 0.15444
      }
    ]
  },
  "task_name": "CQADupstackTexRetrieval"
}