{
  "dataset_revision": "90fceea13679c63fe563ded68f3b6f06e50061de",
  "evaluation_time": 4.414558172225952,
  "kg_co2_emissions": null,
  "mteb_version": "1.14.15",
  "scores": {
    "test": [
      {
        "hf_subset": "default",
        "languages": [
          "eng-Latn"
        ],
        "main_score": 0.13624,
        "map_at_1": 0.07081,
        "map_at_10": 0.10864,
        "map_at_100": 0.11705,
        "map_at_1000": 0.11838,
        "map_at_20": 0.11252,
        "map_at_3": 0.09383,
        "map_at_5": 0.10235,
        "mrr_at_1": 0.08582089552238806,
        "mrr_at_10": 0.1298472913211719,
        "mrr_at_100": 0.13850379213620226,
        "mrr_at_1000": 0.13952864877234142,
        "mrr_at_20": 0.13413476285325437,
        "mrr_at_3": 0.1138059701492537,
        "mrr_at_5": 0.12251243781094524,
        "nauc_map_at_1000_diff1": 0.13869076012836792,
        "nauc_map_at_1000_max": 0.09793728325817751,
        "nauc_map_at_1000_std": 0.049006962839312836,
        "nauc_map_at_100_diff1": 0.1386032076949653,
        "nauc_map_at_100_max": 0.09686534228015688,
        "nauc_map_at_100_std": 0.04810028020121736,
        "nauc_map_at_10_diff1": 0.13143868194306985,
        "nauc_map_at_10_max": 0.09373464306802715,
        "nauc_map_at_10_std": 0.04079400193707048,
        "nauc_map_at_1_diff1": 0.24022346561431157,
        "nauc_map_at_1_max": 0.07841750008744963,
        "nauc_map_at_1_std": 0.03378481057849279,
        "nauc_map_at_20_diff1": 0.13635585210806106,
        "nauc_map_at_20_max": 0.09752805074800094,
        "nauc_map_at_20_std": 0.04654472956329851,
        "nauc_map_at_3_diff1": 0.1685106726903103,
        "nauc_map_at_3_max": 0.08426565488274039,
        "nauc_map_at_3_std": 0.0502267481356625,
        "nauc_map_at_5_diff1": 0.14134393994697025,
        "nauc_map_at_5_max": 0.09490194000223551,
        "nauc_map_at_5_std": 0.04293050389455758,
        "nauc_mrr_at_1000_diff1": 0.15430729302655086,
        "nauc_mrr_at_1000_max": 0.11130235636889112,
        "nauc_mrr_at_1000_std": 0.04877791549279745,
        "nauc_mrr_at_100_diff1": 0.15410324011690738,
        "nauc_mrr_at_100_max": 0.11068477306407296,
        "nauc_mrr_at_100_std": 0.04843658916752368,
        "nauc_mrr_at_10_diff1": 0.1503086116303493,
        "nauc_mrr_at_10_max": 0.10949618861931154,
        "nauc_mrr_at_10_std": 0.04688892607587696,
        "nauc_mrr_at_1_diff1": 0.24902916052765633,
        "nauc_mrr_at_1_max": 0.09457290628689095,
        "nauc_mrr_at_1_std": 0.019409534012355463,
        "nauc_mrr_at_20_diff1": 0.15313905861533555,
        "nauc_mrr_at_20_max": 0.11066794178767128,
        "nauc_mrr_at_20_std": 0.048481490714706546,
        "nauc_mrr_at_3_diff1": 0.17610957538062738,
        "nauc_mrr_at_3_max": 0.10366089044859501,
        "nauc_mrr_at_3_std": 0.044935451149964896,
        "nauc_mrr_at_5_diff1": 0.16108630589516296,
        "nauc_mrr_at_5_max": 0.1124008940766748,
        "nauc_mrr_at_5_std": 0.04872629531537419,
        "nauc_ndcg_at_1000_diff1": 0.1277738687769916,
        "nauc_ndcg_at_1000_max": 0.12549168176821332,
        "nauc_ndcg_at_1000_std": 0.08144261457560836,
        "nauc_ndcg_at_100_diff1": 0.12366782181161681,
        "nauc_ndcg_at_100_max": 0.10925739246857757,
        "nauc_ndcg_at_100_std": 0.06689593820129615,
        "nauc_ndcg_at_10_diff1": 0.10276586656903589,
        "nauc_ndcg_at_10_max": 0.10668336952263012,
        "nauc_ndcg_at_10_std": 0.044421604549442,
        "nauc_ndcg_at_1_diff1": 0.24902916052765633,
        "nauc_ndcg_at_1_max": 0.09457290628689095,
        "nauc_ndcg_at_1_std": 0.019409534012355463,
        "nauc_ndcg_at_20_diff1": 0.11717938489930228,
        "nauc_ndcg_at_20_max": 0.11406968575351918,
        "nauc_ndcg_at_20_std": 0.057684024647444126,
        "nauc_ndcg_at_3_diff1": 0.1560942938229517,
        "nauc_ndcg_at_3_max": 0.09483164984948264,
        "nauc_ndcg_at_3_std": 0.0500001827156152,
        "nauc_ndcg_at_5_diff1": 0.12132383932726348,
        "nauc_ndcg_at_5_max": 0.10951658963146887,
        "nauc_ndcg_at_5_std": 0.04578775711947606,
        "nauc_precision_at_1000_diff1": 0.01525064048392746,
        "nauc_precision_at_1000_max": 0.10570950987477232,
        "nauc_precision_at_1000_std": 0.08664086750905611,
        "nauc_precision_at_100_diff1": 0.058643392920971954,
        "nauc_precision_at_100_max": 0.09250679060906934,
        "nauc_precision_at_100_std": 0.08348394285666982,
        "nauc_precision_at_10_diff1": 0.012622567591326675,
        "nauc_precision_at_10_max": 0.12089966028497381,
        "nauc_precision_at_10_std": 0.06265235180800634,
        "nauc_precision_at_1_diff1": 0.24902916052765633,
        "nauc_precision_at_1_max": 0.09457290628689095,
        "nauc_precision_at_1_std": 0.019409534012355463,
        "nauc_precision_at_20_diff1": 0.062130573353417436,
        "nauc_precision_at_20_max": 0.11784391613266772,
        "nauc_precision_at_20_std": 0.0807175929908232,
        "nauc_precision_at_3_diff1": 0.11885541011959809,
        "nauc_precision_at_3_max": 0.11281984764236645,
        "nauc_precision_at_3_std": 0.05648992643310995,
        "nauc_precision_at_5_diff1": 0.054182482281740565,
        "nauc_precision_at_5_max": 0.13026748231164703,
        "nauc_precision_at_5_std": 0.04918677235989275,
        "nauc_recall_at_1000_diff1": 0.11610656629742032,
        "nauc_recall_at_1000_max": 0.19460310253620186,
        "nauc_recall_at_1000_std": 0.20248445144276528,
        "nauc_recall_at_100_diff1": 0.09369087091417064,
        "nauc_recall_at_100_max": 0.11173394514490449,
        "nauc_recall_at_100_std": 0.10671999236699661,
        "nauc_recall_at_10_diff1": 0.03857884024952969,
        "nauc_recall_at_10_max": 0.12090794523545023,
        "nauc_recall_at_10_std": 0.03968681656968226,
        "nauc_recall_at_1_diff1": 0.24022346561431157,
        "nauc_recall_at_1_max": 0.07841750008744963,
        "nauc_recall_at_1_std": 0.03378481057849279,
        "nauc_recall_at_20_diff1": 0.07781704905111496,
        "nauc_recall_at_20_max": 0.137356823026863,
        "nauc_recall_at_20_std": 0.07501144309245157,
        "nauc_recall_at_3_diff1": 0.11867264801692083,
        "nauc_recall_at_3_max": 0.09772515269996167,
        "nauc_recall_at_3_std": 0.056498982249027246,
        "nauc_recall_at_5_diff1": 0.06794344524288809,
        "nauc_recall_at_5_max": 0.13134954628949208,
        "nauc_recall_at_5_std": 0.04868331134057947,
        "ndcg_at_1": 0.08582,
        "ndcg_at_10": 0.13624,
        "ndcg_at_100": 0.18361,
        "ndcg_at_1000": 0.22017,
        "ndcg_at_20": 0.1504,
        "ndcg_at_3": 0.10735,
        "ndcg_at_5": 0.12123,
        "precision_at_1": 0.08582,
        "precision_at_10": 0.02637,
        "precision_at_100": 0.0059,
        "precision_at_1000": 0.00105,
        "precision_at_20": 0.01704,
        "precision_at_3": 0.051,
        "precision_at_5": 0.04005,
        "recall_at_1": 0.07081,
        "recall_at_10": 0.20022,
        "recall_at_100": 0.41921,
        "recall_at_1000": 0.68602,
        "recall_at_20": 0.25156,
        "recall_at_3": 0.12432,
        "recall_at_5": 0.15628
      }
    ]
  },
  "task_name": "CQADupstackMathematicaRetrieval"
}