{
  "dataset_revision": "79531abbd1fb92d06c6d6315a0cbbbf5bb247ea4",
  "task_name": "CQADupstackPhysicsRetrieval",
  "mteb_version": "1.34.4",
  "scores": {
    "test": [
      {
        "ndcg_at_1": 0.21752,
        "ndcg_at_3": 0.2399,
        "ndcg_at_5": 0.2594,
        "ndcg_at_10": 0.281,
        "ndcg_at_20": 0.29844,
        "ndcg_at_100": 0.33794,
        "ndcg_at_1000": 0.3683,
        "map_at_1": 0.17408,
        "map_at_3": 0.21317,
        "map_at_5": 0.22615,
        "map_at_10": 0.23634,
        "map_at_20": 0.24144,
        "map_at_100": 0.2476,
        "map_at_1000": 0.24901,
        "recall_at_1": 0.17408,
        "recall_at_3": 0.256,
        "recall_at_5": 0.30655,
        "recall_at_10": 0.37165,
        "recall_at_20": 0.43446,
        "recall_at_100": 0.62651,
        "recall_at_1000": 0.83469,
        "precision_at_1": 0.21752,
        "precision_at_3": 0.11229,
        "precision_at_5": 0.08316,
        "precision_at_10": 0.05207,
        "precision_at_20": 0.03152,
        "precision_at_100": 0.0098,
        "precision_at_1000": 0.00143,
        "mrr_at_1": 0.217517,
        "mrr_at_3": 0.25794,
        "mrr_at_5": 0.271752,
        "mrr_at_10": 0.282055,
        "mrr_at_20": 0.287218,
        "mrr_at_100": 0.291354,
        "mrr_at_1000": 0.292166,
        "nauc_ndcg_at_1_max": 0.303943,
        "nauc_ndcg_at_1_std": 0.01442,
        "nauc_ndcg_at_1_diff1": 0.477259,
        "nauc_ndcg_at_3_max": 0.260475,
        "nauc_ndcg_at_3_std": -0.019063,
        "nauc_ndcg_at_3_diff1": 0.424267,
        "nauc_ndcg_at_5_max": 0.253665,
        "nauc_ndcg_at_5_std": -0.018421,
        "nauc_ndcg_at_5_diff1": 0.411307,
        "nauc_ndcg_at_10_max": 0.245935,
        "nauc_ndcg_at_10_std": -0.018816,
        "nauc_ndcg_at_10_diff1": 0.395992,
        "nauc_ndcg_at_20_max": 0.238729,
        "nauc_ndcg_at_20_std": -0.012296,
        "nauc_ndcg_at_20_diff1": 0.384921,
        "nauc_ndcg_at_100_max": 0.241643,
        "nauc_ndcg_at_100_std": 0.004705,
        "nauc_ndcg_at_100_diff1": 0.388451,
        "nauc_ndcg_at_1000_max": 0.255685,
        "nauc_ndcg_at_1000_std": 0.020843,
        "nauc_ndcg_at_1000_diff1": 0.395755,
        "nauc_map_at_1_max": 0.296417,
        "nauc_map_at_1_std": -0.028066,
        "nauc_map_at_1_diff1": 0.512324,
        "nauc_map_at_3_max": 0.261925,
        "nauc_map_at_3_std": -0.032581,
        "nauc_map_at_3_diff1": 0.451629,
        "nauc_map_at_5_max": 0.259869,
        "nauc_map_at_5_std": -0.029688,
        "nauc_map_at_5_diff1": 0.442702,
        "nauc_map_at_10_max": 0.259726,
        "nauc_map_at_10_std": -0.027683,
        "nauc_map_at_10_diff1": 0.434745,
        "nauc_map_at_20_max": 0.257962,
        "nauc_map_at_20_std": -0.025275,
        "nauc_map_at_20_diff1": 0.431649,
        "nauc_map_at_100_max": 0.258802,
        "nauc_map_at_100_std": -0.022139,
        "nauc_map_at_100_diff1": 0.432249,
        "nauc_map_at_1000_max": 0.259799,
        "nauc_map_at_1000_std": -0.020849,
        "nauc_map_at_1000_diff1": 0.432604,
        "nauc_recall_at_1_max": 0.296417,
        "nauc_recall_at_1_std": -0.028066,
        "nauc_recall_at_1_diff1": 0.512324,
        "nauc_recall_at_3_max": 0.215237,
        "nauc_recall_at_3_std": -0.036419,
        "nauc_recall_at_3_diff1": 0.370322,
        "nauc_recall_at_5_max": 0.202994,
        "nauc_recall_at_5_std": -0.029021,
        "nauc_recall_at_5_diff1": 0.337294,
        "nauc_recall_at_10_max": 0.183685,
        "nauc_recall_at_10_std": -0.025415,
        "nauc_recall_at_10_diff1": 0.292262,
        "nauc_recall_at_20_max": 0.153501,
        "nauc_recall_at_20_std": -0.004273,
        "nauc_recall_at_20_diff1": 0.249823,
        "nauc_recall_at_100_max": 0.135632,
        "nauc_recall_at_100_std": 0.074619,
        "nauc_recall_at_100_diff1": 0.233378,
        "nauc_recall_at_1000_max": 0.205725,
        "nauc_recall_at_1000_std": 0.298371,
        "nauc_recall_at_1000_diff1": 0.230693,
        "nauc_precision_at_1_max": 0.303943,
        "nauc_precision_at_1_std": 0.01442,
        "nauc_precision_at_1_diff1": 0.477259,
        "nauc_precision_at_3_max": 0.252819,
        "nauc_precision_at_3_std": 0.018787,
        "nauc_precision_at_3_diff1": 0.336468,
        "nauc_precision_at_5_max": 0.250967,
        "nauc_precision_at_5_std": 0.0399,
        "nauc_precision_at_5_diff1": 0.296091,
        "nauc_precision_at_10_max": 0.232768,
        "nauc_precision_at_10_std": 0.063952,
        "nauc_precision_at_10_diff1": 0.234197,
        "nauc_precision_at_20_max": 0.19925,
        "nauc_precision_at_20_std": 0.091993,
        "nauc_precision_at_20_diff1": 0.178732,
        "nauc_precision_at_100_max": 0.170898,
        "nauc_precision_at_100_std": 0.156215,
        "nauc_precision_at_100_diff1": 0.117534,
        "nauc_precision_at_1000_max": 0.138821,
        "nauc_precision_at_1000_std": 0.212617,
        "nauc_precision_at_1000_diff1": 0.017292,
        "nauc_mrr_at_1_max": 0.303943,
        "nauc_mrr_at_1_std": 0.01442,
        "nauc_mrr_at_1_diff1": 0.477259,
        "nauc_mrr_at_3_max": 0.270275,
        "nauc_mrr_at_3_std": -0.003484,
        "nauc_mrr_at_3_diff1": 0.421495,
        "nauc_mrr_at_5_max": 0.270675,
        "nauc_mrr_at_5_std": 0.002472,
        "nauc_mrr_at_5_diff1": 0.413952,
        "nauc_mrr_at_10_max": 0.267226,
        "nauc_mrr_at_10_std": 0.003297,
        "nauc_mrr_at_10_diff1": 0.409578,
        "nauc_mrr_at_20_max": 0.264963,
        "nauc_mrr_at_20_std": 0.004198,
        "nauc_mrr_at_20_diff1": 0.406391,
        "nauc_mrr_at_100_max": 0.264786,
        "nauc_mrr_at_100_std": 0.005016,
        "nauc_mrr_at_100_diff1": 0.40726,
        "nauc_mrr_at_1000_max": 0.26528,
        "nauc_mrr_at_1000_std": 0.005361,
        "nauc_mrr_at_1000_diff1": 0.407632,
        "main_score": 0.281,
        "hf_subset": "default",
        "languages": [
          "eng-Latn"
        ]
      }
    ]
  },
  "evaluation_time": 8.184566974639893,
  "kg_co2_emissions": null
}