{
  "dataset_revision": "ad9991cb51e31e31e430383c75ffb2885547b5f0",
  "task_name": "CQADupstackEnglishRetrieval",
  "mteb_version": "1.34.4",
  "scores": {
    "test": [
      {
        "ndcg_at_1": 0.2172,
        "ndcg_at_3": 0.23726,
        "ndcg_at_5": 0.25189,
        "ndcg_at_10": 0.2715,
        "ndcg_at_20": 0.28663,
        "ndcg_at_100": 0.31439,
        "ndcg_at_1000": 0.34277,
        "map_at_1": 0.1743,
        "map_at_3": 0.21189,
        "map_at_5": 0.22255,
        "map_at_10": 0.23204,
        "map_at_20": 0.23686,
        "map_at_100": 0.24145,
        "map_at_1000": 0.24265,
        "recall_at_1": 0.1743,
        "recall_at_3": 0.24982,
        "recall_at_5": 0.28786,
        "recall_at_10": 0.34688,
        "recall_at_20": 0.40198,
        "recall_at_100": 0.53301,
        "recall_at_1000": 0.72772,
        "precision_at_1": 0.2172,
        "precision_at_3": 0.1104,
        "precision_at_5": 0.07975,
        "precision_at_10": 0.05,
        "precision_at_20": 0.03057,
        "precision_at_100": 0.00907,
        "precision_at_1000": 0.00141,
        "mrr_at_1": 0.217197,
        "mrr_at_3": 0.255945,
        "mrr_at_5": 0.266359,
        "mrr_at_10": 0.275076,
        "mrr_at_20": 0.279519,
        "mrr_at_100": 0.283001,
        "mrr_at_1000": 0.283687,
        "nauc_ndcg_at_1_max": 0.201392,
        "nauc_ndcg_at_1_std": -0.011738,
        "nauc_ndcg_at_1_diff1": 0.425762,
        "nauc_ndcg_at_3_max": 0.162208,
        "nauc_ndcg_at_3_std": -0.028136,
        "nauc_ndcg_at_3_diff1": 0.388253,
        "nauc_ndcg_at_5_max": 0.158799,
        "nauc_ndcg_at_5_std": -0.027491,
        "nauc_ndcg_at_5_diff1": 0.3834,
        "nauc_ndcg_at_10_max": 0.154514,
        "nauc_ndcg_at_10_std": -0.018785,
        "nauc_ndcg_at_10_diff1": 0.3723,
        "nauc_ndcg_at_20_max": 0.149957,
        "nauc_ndcg_at_20_std": -0.010539,
        "nauc_ndcg_at_20_diff1": 0.368389,
        "nauc_ndcg_at_100_max": 0.151814,
        "nauc_ndcg_at_100_std": 0.000904,
        "nauc_ndcg_at_100_diff1": 0.368907,
        "nauc_ndcg_at_1000_max": 0.155867,
        "nauc_ndcg_at_1000_std": 0.007907,
        "nauc_ndcg_at_1000_diff1": 0.364351,
        "nauc_map_at_1_max": 0.171238,
        "nauc_map_at_1_std": -0.043111,
        "nauc_map_at_1_diff1": 0.469674,
        "nauc_map_at_3_max": 0.163597,
        "nauc_map_at_3_std": -0.042947,
        "nauc_map_at_3_diff1": 0.417017,
        "nauc_map_at_5_max": 0.162794,
        "nauc_map_at_5_std": -0.038828,
        "nauc_map_at_5_diff1": 0.410284,
        "nauc_map_at_10_max": 0.162648,
        "nauc_map_at_10_std": -0.0327,
        "nauc_map_at_10_diff1": 0.404804,
        "nauc_map_at_20_max": 0.162126,
        "nauc_map_at_20_std": -0.028819,
        "nauc_map_at_20_diff1": 0.402724,
        "nauc_map_at_100_max": 0.163406,
        "nauc_map_at_100_std": -0.024939,
        "nauc_map_at_100_diff1": 0.401627,
        "nauc_map_at_1000_max": 0.163749,
        "nauc_map_at_1000_std": -0.024134,
        "nauc_map_at_1000_diff1": 0.401141,
        "nauc_recall_at_1_max": 0.171238,
        "nauc_recall_at_1_std": -0.043111,
        "nauc_recall_at_1_diff1": 0.469674,
        "nauc_recall_at_3_max": 0.135261,
        "nauc_recall_at_3_std": -0.043322,
        "nauc_recall_at_3_diff1": 0.361991,
        "nauc_recall_at_5_max": 0.127233,
        "nauc_recall_at_5_std": -0.037825,
        "nauc_recall_at_5_diff1": 0.34404,
        "nauc_recall_at_10_max": 0.117525,
        "nauc_recall_at_10_std": -0.012802,
        "nauc_recall_at_10_diff1": 0.305299,
        "nauc_recall_at_20_max": 0.099005,
        "nauc_recall_at_20_std": 0.013183,
        "nauc_recall_at_20_diff1": 0.283583,
        "nauc_recall_at_100_max": 0.096422,
        "nauc_recall_at_100_std": 0.058637,
        "nauc_recall_at_100_diff1": 0.274999,
        "nauc_recall_at_1000_max": 0.108622,
        "nauc_recall_at_1000_std": 0.113501,
        "nauc_recall_at_1000_diff1": 0.22618,
        "nauc_precision_at_1_max": 0.201392,
        "nauc_precision_at_1_std": -0.011738,
        "nauc_precision_at_1_diff1": 0.425762,
        "nauc_precision_at_3_max": 0.167077,
        "nauc_precision_at_3_std": 0.012391,
        "nauc_precision_at_3_diff1": 0.296649,
        "nauc_precision_at_5_max": 0.16277,
        "nauc_precision_at_5_std": 0.031803,
        "nauc_precision_at_5_diff1": 0.260466,
        "nauc_precision_at_10_max": 0.145945,
        "nauc_precision_at_10_std": 0.064536,
        "nauc_precision_at_10_diff1": 0.200631,
        "nauc_precision_at_20_max": 0.124777,
        "nauc_precision_at_20_std": 0.113364,
        "nauc_precision_at_20_diff1": 0.139592,
        "nauc_precision_at_100_max": 0.111069,
        "nauc_precision_at_100_std": 0.180112,
        "nauc_precision_at_100_diff1": 0.060778,
        "nauc_precision_at_1000_max": 0.074352,
        "nauc_precision_at_1000_std": 0.196445,
        "nauc_precision_at_1000_diff1": -0.047317,
        "nauc_mrr_at_1_max": 0.201392,
        "nauc_mrr_at_1_std": -0.011738,
        "nauc_mrr_at_1_diff1": 0.425762,
        "nauc_mrr_at_3_max": 0.171534,
        "nauc_mrr_at_3_std": -0.012801,
        "nauc_mrr_at_3_diff1": 0.382533,
        "nauc_mrr_at_5_max": 0.170939,
        "nauc_mrr_at_5_std": -0.013623,
        "nauc_mrr_at_5_diff1": 0.38066,
        "nauc_mrr_at_10_max": 0.168222,
        "nauc_mrr_at_10_std": -0.010643,
        "nauc_mrr_at_10_diff1": 0.374402,
        "nauc_mrr_at_20_max": 0.167762,
        "nauc_mrr_at_20_std": -0.007804,
        "nauc_mrr_at_20_diff1": 0.373394,
        "nauc_mrr_at_100_max": 0.167858,
        "nauc_mrr_at_100_std": -0.007141,
        "nauc_mrr_at_100_diff1": 0.373732,
        "nauc_mrr_at_1000_max": 0.167895,
        "nauc_mrr_at_1000_std": -0.007027,
        "nauc_mrr_at_1000_diff1": 0.373524,
        "main_score": 0.2715,
        "hf_subset": "default",
        "languages": [
          "eng-Latn"
        ]
      }
    ]
  },
  "evaluation_time": 9.908638000488281,
  "kg_co2_emissions": null
}