{
  "dataset_revision": "4ffe81d471b1924886b33c7567bfb200e9eec5c4",
  "evaluation_time": 10.001461029052734,
  "kg_co2_emissions": null,
  "mteb_version": "1.14.15",
  "scores": {
    "test": [
      {
        "hf_subset": "default",
        "languages": [
          "eng-Latn"
        ],
        "main_score": 0.18494,
        "map_at_1": 0.12113,
        "map_at_10": 0.15742,
        "map_at_100": 0.16588,
        "map_at_1000": 0.16696,
        "map_at_20": 0.16133,
        "map_at_3": 0.14236,
        "map_at_5": 0.14864,
        "mrr_at_1": 0.13123844731977818,
        "mrr_at_10": 0.17048748643018513,
        "mrr_at_100": 0.1792317861781634,
        "mrr_at_1000": 0.18016778085159457,
        "mrr_at_20": 0.17490177094746379,
        "mrr_at_3": 0.15372766481823782,
        "mrr_at_5": 0.1609365372766482,
        "nauc_map_at_1000_diff1": 0.29177576432015334,
        "nauc_map_at_1000_max": 0.15675654084454016,
        "nauc_map_at_1000_std": -0.049403699285513046,
        "nauc_map_at_100_diff1": 0.2917418032816123,
        "nauc_map_at_100_max": 0.1570613463825502,
        "nauc_map_at_100_std": -0.049800704154039165,
        "nauc_map_at_10_diff1": 0.2952509707922253,
        "nauc_map_at_10_max": 0.15554777819804486,
        "nauc_map_at_10_std": -0.056596595076215006,
        "nauc_map_at_1_diff1": 0.3419820381105881,
        "nauc_map_at_1_max": 0.1940226008766731,
        "nauc_map_at_1_std": -0.06841796961195136,
        "nauc_map_at_20_diff1": 0.2925644111895755,
        "nauc_map_at_20_max": 0.1560193203494247,
        "nauc_map_at_20_std": -0.05234632550119407,
        "nauc_map_at_3_diff1": 0.29839926969290953,
        "nauc_map_at_3_max": 0.15167659779156203,
        "nauc_map_at_3_std": -0.07424881973369861,
        "nauc_map_at_5_diff1": 0.29554402844383715,
        "nauc_map_at_5_max": 0.15476818672588766,
        "nauc_map_at_5_std": -0.06489967221653721,
        "nauc_mrr_at_1000_diff1": 0.2870581853365928,
        "nauc_mrr_at_1000_max": 0.16670096662760278,
        "nauc_mrr_at_1000_std": -0.048854799116351114,
        "nauc_mrr_at_100_diff1": 0.28686498093818563,
        "nauc_mrr_at_100_max": 0.166881739458544,
        "nauc_mrr_at_100_std": -0.0490598798803822,
        "nauc_mrr_at_10_diff1": 0.2882460941424038,
        "nauc_mrr_at_10_max": 0.16510644042417086,
        "nauc_mrr_at_10_std": -0.05339958505172009,
        "nauc_mrr_at_1_diff1": 0.34338077746777323,
        "nauc_mrr_at_1_max": 0.2045291712510333,
        "nauc_mrr_at_1_std": -0.06922645236892996,
        "nauc_mrr_at_20_diff1": 0.2869247665330908,
        "nauc_mrr_at_20_max": 0.1662791528528386,
        "nauc_mrr_at_20_std": -0.050927858876007114,
        "nauc_mrr_at_3_diff1": 0.29290860767239313,
        "nauc_mrr_at_3_max": 0.1638255487970124,
        "nauc_mrr_at_3_std": -0.07432562336997352,
        "nauc_mrr_at_5_diff1": 0.288281488936624,
        "nauc_mrr_at_5_max": 0.16912586765582904,
        "nauc_mrr_at_5_std": -0.06185804675986914,
        "nauc_ndcg_at_1000_diff1": 0.27309410657571787,
        "nauc_ndcg_at_1000_max": 0.14649682696366165,
        "nauc_ndcg_at_1000_std": -0.005489983812758055,
        "nauc_ndcg_at_100_diff1": 0.2691052574149839,
        "nauc_ndcg_at_100_max": 0.15076985446932192,
        "nauc_ndcg_at_100_std": -0.018950871581487897,
        "nauc_ndcg_at_10_diff1": 0.2800932597205862,
        "nauc_ndcg_at_10_max": 0.14797077867874442,
        "nauc_ndcg_at_10_std": -0.042678430550748936,
        "nauc_ndcg_at_1_diff1": 0.34338077746777323,
        "nauc_ndcg_at_1_max": 0.2045291712510333,
        "nauc_ndcg_at_1_std": -0.06922645236892996,
        "nauc_ndcg_at_20_diff1": 0.27382899464152366,
        "nauc_ndcg_at_20_max": 0.14986274451755072,
        "nauc_ndcg_at_20_std": -0.030822069038645667,
        "nauc_ndcg_at_3_diff1": 0.28432220536421776,
        "nauc_ndcg_at_3_max": 0.1432178535470819,
        "nauc_ndcg_at_3_std": -0.07499686293742729,
        "nauc_ndcg_at_5_diff1": 0.27880753061285807,
        "nauc_ndcg_at_5_max": 0.148722766712663,
        "nauc_ndcg_at_5_std": -0.05843553028670821,
        "nauc_precision_at_1000_diff1": 0.012054794765973806,
        "nauc_precision_at_1000_max": -0.029890375928858195,
        "nauc_precision_at_1000_std": 0.09673411560271315,
        "nauc_precision_at_100_diff1": 0.15520027853569504,
        "nauc_precision_at_100_max": 0.10613328032221543,
        "nauc_precision_at_100_std": 0.062020434736903274,
        "nauc_precision_at_10_diff1": 0.22519305955225968,
        "nauc_precision_at_10_max": 0.13175610226423182,
        "nauc_precision_at_10_std": 0.0020653933581209643,
        "nauc_precision_at_1_diff1": 0.34338077746777323,
        "nauc_precision_at_1_max": 0.2045291712510333,
        "nauc_precision_at_1_std": -0.06922645236892996,
        "nauc_precision_at_20_diff1": 0.20245876915517066,
        "nauc_precision_at_20_max": 0.13163241999366476,
        "nauc_precision_at_20_std": 0.0331158401781611,
        "nauc_precision_at_3_diff1": 0.2383680559850096,
        "nauc_precision_at_3_max": 0.11393759154805143,
        "nauc_precision_at_3_std": -0.08438766003819105,
        "nauc_precision_at_5_diff1": 0.22838234962034168,
        "nauc_precision_at_5_max": 0.1388105883337765,
        "nauc_precision_at_5_std": -0.03733704551377175,
        "nauc_recall_at_1000_diff1": 0.2215205340453375,
        "nauc_recall_at_1000_max": 0.0873027409332576,
        "nauc_recall_at_1000_std": 0.22372560720625623,
        "nauc_recall_at_100_diff1": 0.20880311660083647,
        "nauc_recall_at_100_max": 0.12338348522414508,
        "nauc_recall_at_100_std": 0.0633249895227732,
        "nauc_recall_at_10_diff1": 0.25400373762163714,
        "nauc_recall_at_10_max": 0.12475974675193605,
        "nauc_recall_at_10_std": -0.012784524840082802,
        "nauc_recall_at_1_diff1": 0.3419820381105881,
        "nauc_recall_at_1_max": 0.1940226008766731,
        "nauc_recall_at_1_std": -0.06841796961195136,
        "nauc_recall_at_20_diff1": 0.23652449835317318,
        "nauc_recall_at_20_max": 0.1293974662930953,
        "nauc_recall_at_20_std": 0.019368049837461983,
        "nauc_recall_at_3_diff1": 0.25239472329225576,
        "nauc_recall_at_3_max": 0.10851916276600769,
        "nauc_recall_at_3_std": -0.0784547894117581,
        "nauc_recall_at_5_diff1": 0.24587232792243802,
        "nauc_recall_at_5_max": 0.12327381094603336,
        "nauc_recall_at_5_std": -0.04431325781211059,
        "ndcg_at_1": 0.13124,
        "ndcg_at_10": 0.18494,
        "ndcg_at_100": 0.23307,
        "ndcg_at_1000": 0.26522,
        "ndcg_at_20": 0.19932,
        "ndcg_at_3": 0.15227,
        "ndcg_at_5": 0.16352,
        "precision_at_1": 0.13124,
        "precision_at_10": 0.02994,
        "precision_at_100": 0.00588,
        "precision_at_1000": 0.00093,
        "precision_at_20": 0.01848,
        "precision_at_3": 0.06161,
        "precision_at_5": 0.04325,
        "recall_at_1": 0.12113,
        "recall_at_10": 0.25912,
        "recall_at_100": 0.49112,
        "recall_at_1000": 0.74208,
        "recall_at_20": 0.31226,
        "recall_at_3": 0.16956,
        "recall_at_5": 0.19667
      }
    ]
  },
  "task_name": "CQADupstackWordpressRetrieval"
}