{
  "dataset_revision": "bea83ef9e8fb933d90a2f1d5515737465d613e12",
  "evaluation_time": 1300.152086019516,
  "kg_co2_emissions": null,
  "mteb_version": "1.14.15",
  "scores": {
    "test": [
      {
        "hf_subset": "default",
        "languages": [
          "eng-Latn"
        ],
        "main_score": 0.33504,
        "map_at_1": 0.18044,
        "map_at_10": 0.27644,
        "map_at_100": 0.28679,
        "map_at_1000": 0.28747,
        "map_at_20": 0.28245,
        "map_at_3": 0.24621,
        "map_at_5": 0.26263,
        "mrr_at_1": 0.19336933693369338,
        "mrr_at_10": 0.2938629577243423,
        "mrr_at_100": 0.3039355523079069,
        "mrr_at_1000": 0.30453245469699536,
        "mrr_at_20": 0.299842151301138,
        "mrr_at_3": 0.26240124012401084,
        "mrr_at_5": 0.2796604660466039,
        "nauc_map_at_1000_diff1": 0.21197113358912173,
        "nauc_map_at_1000_max": 0.05360224767609041,
        "nauc_map_at_1000_std": -0.07226277841712087,
        "nauc_map_at_100_diff1": 0.2119307050690646,
        "nauc_map_at_100_max": 0.05356701213156949,
        "nauc_map_at_100_std": -0.07234472044843086,
        "nauc_map_at_10_diff1": 0.2121214854687487,
        "nauc_map_at_10_max": 0.05013072982452992,
        "nauc_map_at_10_std": -0.07794680387167296,
        "nauc_map_at_1_diff1": 0.2512872909973596,
        "nauc_map_at_1_max": 0.03207160376933345,
        "nauc_map_at_1_std": -0.08943144740029736,
        "nauc_map_at_20_diff1": 0.21155814570928588,
        "nauc_map_at_20_max": 0.05259582088223792,
        "nauc_map_at_20_std": -0.07385539946755028,
        "nauc_map_at_3_diff1": 0.22103849786883734,
        "nauc_map_at_3_max": 0.04351764088403068,
        "nauc_map_at_3_std": -0.0859002521517384,
        "nauc_map_at_5_diff1": 0.21584255518496323,
        "nauc_map_at_5_max": 0.04555448236787204,
        "nauc_map_at_5_std": -0.08365665226907985,
        "nauc_mrr_at_1000_diff1": 0.21116177599117905,
        "nauc_mrr_at_1000_max": 0.05379088881401016,
        "nauc_mrr_at_1000_std": -0.07396050121471304,
        "nauc_mrr_at_100_diff1": 0.21106146481160898,
        "nauc_mrr_at_100_max": 0.05388746595523867,
        "nauc_mrr_at_100_std": -0.07388052758239189,
        "nauc_mrr_at_10_diff1": 0.2106141412827479,
        "nauc_mrr_at_10_max": 0.05066514297953804,
        "nauc_mrr_at_10_std": -0.07851387966112142,
        "nauc_mrr_at_1_diff1": 0.24939902487459603,
        "nauc_mrr_at_1_max": 0.02934019757965467,
        "nauc_mrr_at_1_std": -0.09197995552521035,
        "nauc_mrr_at_20_diff1": 0.21039101291564996,
        "nauc_mrr_at_20_max": 0.05324147531031454,
        "nauc_mrr_at_20_std": -0.07494277750700694,
        "nauc_mrr_at_3_diff1": 0.21911864158855585,
        "nauc_mrr_at_3_max": 0.04338076809740059,
        "nauc_mrr_at_3_std": -0.08647194753014166,
        "nauc_mrr_at_5_diff1": 0.21420994334374488,
        "nauc_mrr_at_5_max": 0.0460819661350377,
        "nauc_mrr_at_5_std": -0.08375080168033569,
        "nauc_ndcg_at_1000_diff1": 0.19729128639177979,
        "nauc_ndcg_at_1000_max": 0.07646491748940033,
        "nauc_ndcg_at_1000_std": -0.0407147298781353,
        "nauc_ndcg_at_100_diff1": 0.19611359257064237,
        "nauc_ndcg_at_100_max": 0.07756100472689009,
        "nauc_ndcg_at_100_std": -0.04062699446620666,
        "nauc_ndcg_at_10_diff1": 0.1952738041897796,
        "nauc_ndcg_at_10_max": 0.06236042095635773,
        "nauc_ndcg_at_10_std": -0.06644807690678321,
        "nauc_ndcg_at_1_diff1": 0.24939902487459603,
        "nauc_ndcg_at_1_max": 0.02934019757965467,
        "nauc_ndcg_at_1_std": -0.09197995552521035,
        "nauc_ndcg_at_20_diff1": 0.19332438175725639,
        "nauc_ndcg_at_20_max": 0.07146935296531151,
        "nauc_ndcg_at_20_std": -0.05175504991507281,
        "nauc_ndcg_at_3_diff1": 0.21154756174209308,
        "nauc_ndcg_at_3_max": 0.04713982551973281,
        "nauc_ndcg_at_3_std": -0.08380199025472018,
        "nauc_ndcg_at_5_diff1": 0.20324843060516953,
        "nauc_ndcg_at_5_max": 0.05130345378847693,
        "nauc_ndcg_at_5_std": -0.07943266710819419,
        "nauc_precision_at_1000_diff1": 0.004664007752705989,
        "nauc_precision_at_1000_max": 0.19178304880632005,
        "nauc_precision_at_1000_std": 0.1897537247447329,
        "nauc_precision_at_100_diff1": 0.08442165363066985,
        "nauc_precision_at_100_max": 0.18426727112237953,
        "nauc_precision_at_100_std": 0.13668898642865268,
        "nauc_precision_at_10_diff1": 0.13955990554790848,
        "nauc_precision_at_10_max": 0.10114627302552769,
        "nauc_precision_at_10_std": -0.026328324881532264,
        "nauc_precision_at_1_diff1": 0.24939902487459603,
        "nauc_precision_at_1_max": 0.02934019757965467,
        "nauc_precision_at_1_std": -0.09197995552521035,
        "nauc_precision_at_20_diff1": 0.1181009397896608,
        "nauc_precision_at_20_max": 0.13552268095662073,
        "nauc_precision_at_20_std": 0.0340206785511483,
        "nauc_precision_at_3_diff1": 0.18571494545732914,
        "nauc_precision_at_3_max": 0.05863463077194485,
        "nauc_precision_at_3_std": -0.07616080429294618,
        "nauc_precision_at_5_diff1": 0.16529672676412613,
        "nauc_precision_at_5_max": 0.06739757756034394,
        "nauc_precision_at_5_std": -0.06696702432485899,
        "nauc_recall_at_1000_diff1": 0.0821901292719372,
        "nauc_recall_at_1000_max": 0.24727650913551372,
        "nauc_recall_at_1000_std": 0.2725469920285314,
        "nauc_recall_at_100_diff1": 0.121659312543603,
        "nauc_recall_at_100_max": 0.18333798430261503,
        "nauc_recall_at_100_std": 0.13073233154192657,
        "nauc_recall_at_10_diff1": 0.14210250438173627,
        "nauc_recall_at_10_max": 0.09272403472015942,
        "nauc_recall_at_10_std": -0.030236654339158398,
        "nauc_recall_at_1_diff1": 0.2512872909973596,
        "nauc_recall_at_1_max": 0.03207160376933345,
        "nauc_recall_at_1_std": -0.08943144740029736,
        "nauc_recall_at_20_diff1": 0.1294916894413693,
        "nauc_recall_at_20_max": 0.1284207035565345,
        "nauc_recall_at_20_std": 0.028699205836337983,
        "nauc_recall_at_3_diff1": 0.18496377801915956,
        "nauc_recall_at_3_max": 0.05467087584819722,
        "nauc_recall_at_3_std": -0.0756424448936203,
        "nauc_recall_at_5_diff1": 0.1666309779367226,
        "nauc_recall_at_5_max": 0.06313983077243061,
        "nauc_recall_at_5_std": -0.06606213139129608,
        "ndcg_at_1": 0.19337,
        "ndcg_at_10": 0.33504,
        "ndcg_at_100": 0.3868,
        "ndcg_at_1000": 0.40474,
        "ndcg_at_20": 0.35663,
        "ndcg_at_3": 0.27232,
        "ndcg_at_5": 0.30177,
        "precision_at_1": 0.19337,
        "precision_at_10": 0.05473,
        "precision_at_100": 0.00825,
        "precision_at_1000": 0.001,
        "precision_at_20": 0.03212,
        "precision_at_3": 0.11901,
        "precision_at_5": 0.08713,
        "recall_at_1": 0.18044,
        "recall_at_10": 0.50262,
        "recall_at_100": 0.7425,
        "recall_at_1000": 0.87905,
        "recall_at_20": 0.58551,
        "recall_at_3": 0.33161,
        "recall_at_5": 0.40198
      }
    ]
  },
  "task_name": "FEVER"
}