{
  "dataset_revision": "27a168819829fe9bcd655c2df245fb19452e8e06",
  "evaluation_time": 11.518653869628906,
  "kg_co2_emissions": null,
  "mteb_version": "1.14.15",
  "scores": {
    "test": [
      {
        "hf_subset": "default",
        "languages": [
          "eng-Latn"
        ],
        "main_score": 0.17976,
        "map_at_1": 0.07792,
        "map_at_10": 0.13,
        "map_at_100": 0.14101,
        "map_at_1000": 0.14301,
        "map_at_20": 0.1352,
        "map_at_3": 0.10843,
        "map_at_5": 0.11878,
        "mrr_at_1": 0.15895061728395063,
        "mrr_at_10": 0.2231193660591808,
        "mrr_at_100": 0.23287769962726598,
        "mrr_at_1000": 0.23381067507259456,
        "mrr_at_20": 0.22827454136542827,
        "mrr_at_3": 0.19881687242798352,
        "mrr_at_5": 0.20961934156378598,
        "nauc_map_at_1000_diff1": 0.26692130203802295,
        "nauc_map_at_1000_max": 0.06407584933483657,
        "nauc_map_at_1000_std": -0.0373275024757571,
        "nauc_map_at_100_diff1": 0.26632161984458724,
        "nauc_map_at_100_max": 0.06228709329630933,
        "nauc_map_at_100_std": -0.03846917465734305,
        "nauc_map_at_10_diff1": 0.2682793337901525,
        "nauc_map_at_10_max": 0.05964060354762653,
        "nauc_map_at_10_std": -0.04866678549363917,
        "nauc_map_at_1_diff1": 0.34384366407953126,
        "nauc_map_at_1_max": 0.09604169568417986,
        "nauc_map_at_1_std": -0.06260955282260347,
        "nauc_map_at_20_diff1": 0.2693171611922343,
        "nauc_map_at_20_max": 0.058341954099439784,
        "nauc_map_at_20_std": -0.046810066002569345,
        "nauc_map_at_3_diff1": 0.2836058264123047,
        "nauc_map_at_3_max": 0.07508527545122337,
        "nauc_map_at_3_std": -0.049886720720968634,
        "nauc_map_at_5_diff1": 0.272345922474392,
        "nauc_map_at_5_max": 0.062336319181965825,
        "nauc_map_at_5_std": -0.055913022326061386,
        "nauc_mrr_at_1000_diff1": 0.250035885940064,
        "nauc_mrr_at_1000_max": 0.06896052718656624,
        "nauc_mrr_at_1000_std": -0.06481600423055105,
        "nauc_mrr_at_100_diff1": 0.24993122116083757,
        "nauc_mrr_at_100_max": 0.06837774558302377,
        "nauc_mrr_at_100_std": -0.06476270787729838,
        "nauc_mrr_at_10_diff1": 0.24986704881829325,
        "nauc_mrr_at_10_max": 0.06730638735416299,
        "nauc_mrr_at_10_std": -0.06875384862951013,
        "nauc_mrr_at_1_diff1": 0.3075746270414447,
        "nauc_mrr_at_1_max": 0.0949403604797888,
        "nauc_mrr_at_1_std": -0.0855327939175485,
        "nauc_mrr_at_20_diff1": 0.250665822061342,
        "nauc_mrr_at_20_max": 0.06640370084188472,
        "nauc_mrr_at_20_std": -0.06861230381817542,
        "nauc_mrr_at_3_diff1": 0.24700095299205674,
        "nauc_mrr_at_3_max": 0.0681056900129325,
        "nauc_mrr_at_3_std": -0.0754289500858466,
        "nauc_mrr_at_5_diff1": 0.2491183032495743,
        "nauc_mrr_at_5_max": 0.06487419609168332,
        "nauc_mrr_at_5_std": -0.075591916424165,
        "nauc_ndcg_at_1000_diff1": 0.24271059266102715,
        "nauc_ndcg_at_1000_max": 0.09036727250049996,
        "nauc_ndcg_at_1000_std": 0.009146422915784614,
        "nauc_ndcg_at_100_diff1": 0.233906476337681,
        "nauc_ndcg_at_100_max": 0.06666510188169236,
        "nauc_ndcg_at_100_std": -0.0013425031252447504,
        "nauc_ndcg_at_10_diff1": 0.24467859958572238,
        "nauc_ndcg_at_10_max": 0.05180189255703774,
        "nauc_ndcg_at_10_std": -0.04564295424146644,
        "nauc_ndcg_at_1_diff1": 0.3075746270414447,
        "nauc_ndcg_at_1_max": 0.0949403604797888,
        "nauc_ndcg_at_1_std": -0.0855327939175485,
        "nauc_ndcg_at_20_diff1": 0.24423852550652708,
        "nauc_ndcg_at_20_max": 0.04621408762131097,
        "nauc_ndcg_at_20_std": -0.04174045549905429,
        "nauc_ndcg_at_3_diff1": 0.25581953443217886,
        "nauc_ndcg_at_3_max": 0.07124469256934023,
        "nauc_ndcg_at_3_std": -0.06179824512286984,
        "nauc_ndcg_at_5_diff1": 0.24993103868344949,
        "nauc_ndcg_at_5_max": 0.05556772674359943,
        "nauc_ndcg_at_5_std": -0.0644181066458889,
        "nauc_precision_at_1000_diff1": 0.09053641426096849,
        "nauc_precision_at_1000_max": 0.1591160424741351,
        "nauc_precision_at_1000_std": 0.0595795049822808,
        "nauc_precision_at_100_diff1": 0.14495341408480997,
        "nauc_precision_at_100_max": 0.10619524667734845,
        "nauc_precision_at_100_std": 0.0694473626177151,
        "nauc_precision_at_10_diff1": 0.17681863001899456,
        "nauc_precision_at_10_max": 0.029333792171236488,
        "nauc_precision_at_10_std": -0.061895490612521045,
        "nauc_precision_at_1_diff1": 0.3075746270414447,
        "nauc_precision_at_1_max": 0.0949403604797888,
        "nauc_precision_at_1_std": -0.0855327939175485,
        "nauc_precision_at_20_diff1": 0.16858198083824621,
        "nauc_precision_at_20_max": 0.018703103333361615,
        "nauc_precision_at_20_std": -0.040953342437090784,
        "nauc_precision_at_3_diff1": 0.21936934551805676,
        "nauc_precision_at_3_max": 0.05700969823325045,
        "nauc_precision_at_3_std": -0.0750541930072883,
        "nauc_precision_at_5_diff1": 0.204629322334308,
        "nauc_precision_at_5_max": 0.03570606410878902,
        "nauc_precision_at_5_std": -0.08072847794719719,
        "nauc_recall_at_1000_diff1": 0.12640253594366951,
        "nauc_recall_at_1000_max": 0.15416517388620204,
        "nauc_recall_at_1000_std": 0.22104957683222753,
        "nauc_recall_at_100_diff1": 0.11611361782989557,
        "nauc_recall_at_100_max": 0.05315964969533011,
        "nauc_recall_at_100_std": 0.10769204073301539,
        "nauc_recall_at_10_diff1": 0.17641989640006983,
        "nauc_recall_at_10_max": 0.025061019158062237,
        "nauc_recall_at_10_std": -0.01405488559040536,
        "nauc_recall_at_1_diff1": 0.34384366407953126,
        "nauc_recall_at_1_max": 0.09604169568417986,
        "nauc_recall_at_1_std": -0.06260955282260347,
        "nauc_recall_at_20_diff1": 0.17306971008788066,
        "nauc_recall_at_20_max": 0.011784631496778171,
        "nauc_recall_at_20_std": -0.012622013006761976,
        "nauc_recall_at_3_diff1": 0.21599954957857087,
        "nauc_recall_at_3_max": 0.045988093302070404,
        "nauc_recall_at_3_std": -0.04111196297634325,
        "nauc_recall_at_5_diff1": 0.18407905604598662,
        "nauc_recall_at_5_max": 0.02227515887769542,
        "nauc_recall_at_5_std": -0.05122348436923138,
        "ndcg_at_1": 0.15895,
        "ndcg_at_10": 0.17976,
        "ndcg_at_100": 0.23543,
        "ndcg_at_1000": 0.27942,
        "ndcg_at_20": 0.1973,
        "ndcg_at_3": 0.14652,
        "ndcg_at_5": 0.15581,
        "precision_at_1": 0.15895,
        "precision_at_10": 0.05278,
        "precision_at_100": 0.01071,
        "precision_at_1000": 0.00185,
        "precision_at_20": 0.0331,
        "precision_at_3": 0.09774,
        "precision_at_5": 0.07438,
        "recall_at_1": 0.07792,
        "recall_at_10": 0.23492,
        "recall_at_100": 0.4601,
        "recall_at_1000": 0.72858,
        "recall_at_20": 0.29262,
        "recall_at_3": 0.13442,
        "recall_at_5": 0.16885
      }
    ]
  },
  "task_name": "FiQA2018"
}