{
  "dataset_revision": "59042f120c80e8afa9cdbb224f67076cec0fc9a7",
  "evaluation_time": 45.38772463798523,
  "kg_co2_emissions": null,
  "mteb_version": "1.14.15",
  "scores": {
    "test": [
      {
        "hf_subset": "default",
        "languages": [
          "eng-Latn"
        ],
        "main_score": 0.30666907553958656,
        "map": 0.30666907553958656,
        "mrr": 0.31595166716117407,
        "nAUC_map_diff1": 0.09044336186410719,
        "nAUC_map_max": -0.22251125661239812,
        "nAUC_map_std": -0.07843708225558461,
        "nAUC_mrr_diff1": 0.09290814967375317,
        "nAUC_mrr_max": -0.16507108590097266,
        "nAUC_mrr_std": -0.04804937846268291
      }
    ]
  },
  "task_name": "MindSmallReranking"
}