{
  "dataset_revision": "ec0fa4fe99da2ff19ca1214b7966684033a58814",
  "evaluation_time": 1.878035306930542,
  "kg_co2_emissions": null,
  "mteb_version": "1.14.15",
  "scores": {
    "test": [
      {
        "hf_subset": "default",
        "languages": [
          "eng-Latn"
        ],
        "main_score": 0.2716,
        "map_at_1": 0.04561,
        "map_at_10": 0.0927,
        "map_at_100": 0.11644,
        "map_at_1000": 0.12843,
        "map_at_20": 0.10327,
        "map_at_3": 0.07053,
        "map_at_5": 0.08038,
        "mrr_at_1": 0.38080495356037153,
        "mrr_at_10": 0.4706840630989237,
        "mrr_at_100": 0.47745395526965334,
        "mrr_at_1000": 0.47793984282386015,
        "mrr_at_20": 0.47390112132369805,
        "mrr_at_3": 0.44943240454076366,
        "mrr_at_5": 0.4608875128998968,
        "nauc_map_at_1000_diff1": 0.40404142359812395,
        "nauc_map_at_1000_max": 0.28030317236467306,
        "nauc_map_at_1000_std": 0.101274414873409,
        "nauc_map_at_100_diff1": 0.4211665366054116,
        "nauc_map_at_100_max": 0.2621149470991564,
        "nauc_map_at_100_std": 0.06062707293500967,
        "nauc_map_at_10_diff1": 0.4693633791543067,
        "nauc_map_at_10_max": 0.21297836855982794,
        "nauc_map_at_10_std": -0.011914488274665421,
        "nauc_map_at_1_diff1": 0.5061355369486035,
        "nauc_map_at_1_max": 0.07072899231939653,
        "nauc_map_at_1_std": -0.08829084633669,
        "nauc_map_at_20_diff1": 0.44918181632667586,
        "nauc_map_at_20_max": 0.24078228227069873,
        "nauc_map_at_20_std": 0.02199092642576738,
        "nauc_map_at_3_diff1": 0.4880951904378301,
        "nauc_map_at_3_max": 0.15221884690575532,
        "nauc_map_at_3_std": -0.06438393157982664,
        "nauc_map_at_5_diff1": 0.48314911451618753,
        "nauc_map_at_5_max": 0.1754244302114833,
        "nauc_map_at_5_std": -0.04641665567742891,
        "nauc_mrr_at_1000_diff1": 0.39630708141059745,
        "nauc_mrr_at_1000_max": 0.39811442869557356,
        "nauc_mrr_at_1000_std": 0.23130168597259634,
        "nauc_mrr_at_100_diff1": 0.3960800937804102,
        "nauc_mrr_at_100_max": 0.3981499208988893,
        "nauc_mrr_at_100_std": 0.23157626527293326,
        "nauc_mrr_at_10_diff1": 0.3969919504330851,
        "nauc_mrr_at_10_max": 0.40135379961488254,
        "nauc_mrr_at_10_std": 0.2320287097378104,
        "nauc_mrr_at_1_diff1": 0.4161660765429233,
        "nauc_mrr_at_1_max": 0.3429667639278016,
        "nauc_mrr_at_1_std": 0.1832511578460585,
        "nauc_mrr_at_20_diff1": 0.39565437895082733,
        "nauc_mrr_at_20_max": 0.39912772847130745,
        "nauc_mrr_at_20_std": 0.23220799720122964,
        "nauc_mrr_at_3_diff1": 0.41558644626992475,
        "nauc_mrr_at_3_max": 0.38667026193486886,
        "nauc_mrr_at_3_std": 0.2081970742720606,
        "nauc_mrr_at_5_diff1": 0.4061298765750478,
        "nauc_mrr_at_5_max": 0.39536762467602404,
        "nauc_mrr_at_5_std": 0.2241710324364052,
        "nauc_ndcg_at_1000_diff1": 0.3241669085796749,
        "nauc_ndcg_at_1000_max": 0.39388959255510403,
        "nauc_ndcg_at_1000_std": 0.24296772406334552,
        "nauc_ndcg_at_100_diff1": 0.33242790506882836,
        "nauc_ndcg_at_100_max": 0.3389885981955953,
        "nauc_ndcg_at_100_std": 0.1861550812422668,
        "nauc_ndcg_at_10_diff1": 0.30975196813400374,
        "nauc_ndcg_at_10_max": 0.3660390595104405,
        "nauc_ndcg_at_10_std": 0.22910262023142636,
        "nauc_ndcg_at_1_diff1": 0.40932001833131476,
        "nauc_ndcg_at_1_max": 0.33727327384812406,
        "nauc_ndcg_at_1_std": 0.1778687891610563,
        "nauc_ndcg_at_20_diff1": 0.3073076927291107,
        "nauc_ndcg_at_20_max": 0.3539053254406316,
        "nauc_ndcg_at_20_std": 0.2307863559841926,
        "nauc_ndcg_at_3_diff1": 0.3365874073836436,
        "nauc_ndcg_at_3_max": 0.3613180757709057,
        "nauc_ndcg_at_3_std": 0.19982713692950183,
        "nauc_ndcg_at_5_diff1": 0.3284341462025322,
        "nauc_ndcg_at_5_max": 0.3628085467882011,
        "nauc_ndcg_at_5_std": 0.20688003202979321,
        "nauc_precision_at_1000_diff1": -0.06708168699596635,
        "nauc_precision_at_1000_max": 0.2189155039384331,
        "nauc_precision_at_1000_std": 0.4162103756428509,
        "nauc_precision_at_100_diff1": -0.042462696352518786,
        "nauc_precision_at_100_max": 0.28116955819732453,
        "nauc_precision_at_100_std": 0.413128873672253,
        "nauc_precision_at_10_diff1": 0.1394389231812758,
        "nauc_precision_at_10_max": 0.4016753554948771,
        "nauc_precision_at_10_std": 0.3480848592525572,
        "nauc_precision_at_1_diff1": 0.4161660765429233,
        "nauc_precision_at_1_max": 0.3429667639278016,
        "nauc_precision_at_1_std": 0.1832511578460585,
        "nauc_precision_at_20_diff1": 0.06987363832906253,
        "nauc_precision_at_20_max": 0.36402771888837665,
        "nauc_precision_at_20_std": 0.3797660622154215,
        "nauc_precision_at_3_diff1": 0.2651797121166522,
        "nauc_precision_at_3_max": 0.38022503715074896,
        "nauc_precision_at_3_std": 0.2375378167439284,
        "nauc_precision_at_5_diff1": 0.22753969907185442,
        "nauc_precision_at_5_max": 0.38653742545235853,
        "nauc_precision_at_5_std": 0.2653319799305755,
        "nauc_recall_at_1000_diff1": 0.10443813741265864,
        "nauc_recall_at_1000_max": 0.16714137409220198,
        "nauc_recall_at_1000_std": 0.1322317774140933,
        "nauc_recall_at_100_diff1": 0.19626335453220103,
        "nauc_recall_at_100_max": 0.16781431613595685,
        "nauc_recall_at_100_std": 0.04407503051751801,
        "nauc_recall_at_10_diff1": 0.3440744658686842,
        "nauc_recall_at_10_max": 0.19697069742799597,
        "nauc_recall_at_10_std": 0.0006436545050773495,
        "nauc_recall_at_1_diff1": 0.5061355369486035,
        "nauc_recall_at_1_max": 0.07072899231939653,
        "nauc_recall_at_1_std": -0.08829084633669,
        "nauc_recall_at_20_diff1": 0.3036339862343048,
        "nauc_recall_at_20_max": 0.2146180231299773,
        "nauc_recall_at_20_std": 0.025214200672465065,
        "nauc_recall_at_3_diff1": 0.4334447340049952,
        "nauc_recall_at_3_max": 0.1527252008740136,
        "nauc_recall_at_3_std": -0.057599558002700356,
        "nauc_recall_at_5_diff1": 0.40314057652048096,
        "nauc_recall_at_5_max": 0.18203301814299264,
        "nauc_recall_at_5_std": -0.02833863969265613,
        "ndcg_at_1": 0.36068,
        "ndcg_at_10": 0.2716,
        "ndcg_at_100": 0.25111,
        "ndcg_at_1000": 0.33936,
        "ndcg_at_20": 0.25572,
        "ndcg_at_3": 0.31658,
        "ndcg_at_5": 0.2941,
        "precision_at_1": 0.3808,
        "precision_at_10": 0.19721,
        "precision_at_100": 0.06495,
        "precision_at_1000": 0.01901,
        "precision_at_20": 0.15263,
        "precision_at_3": 0.29412,
        "precision_at_5": 0.24892,
        "recall_at_1": 0.04561,
        "recall_at_10": 0.13171,
        "recall_at_100": 0.26686,
        "recall_at_1000": 0.58371,
        "recall_at_20": 0.16256,
        "recall_at_3": 0.08121,
        "recall_at_5": 0.10015
      }
    ]
  },
  "task_name": "NFCorpus"
}