{
  "dataset_revision": "e4e08e0b7dbe3c8700f0daef558ff32256715259",
  "evaluation_time": 150.53328680992126,
  "kg_co2_emissions": null,
  "mteb_version": "1.14.15",
  "scores": {
    "test": [
      {
        "hf_subset": "default",
        "languages": [
          "eng-Latn"
        ],
        "main_score": 0.82012,
        "map_at_1": 0.64592,
        "map_at_10": 0.77402,
        "map_at_100": 0.78148,
        "map_at_1000": 0.7818,
        "map_at_20": 0.77879,
        "map_at_3": 0.74311,
        "map_at_5": 0.76204,
        "mrr_at_1": 0.742,
        "mrr_at_10": 0.8138854365079324,
        "mrr_at_100": 0.8159512445792092,
        "mrr_at_1000": 0.816002378032512,
        "mrr_at_20": 0.8153637988855781,
        "mrr_at_3": 0.7995333333333293,
        "mrr_at_5": 0.8087783333333273,
        "nauc_map_at_1000_diff1": 0.71563144427743,
        "nauc_map_at_1000_max": 0.36738106607298904,
        "nauc_map_at_1000_std": -0.21980738033181832,
        "nauc_map_at_100_diff1": 0.7156530276635175,
        "nauc_map_at_100_max": 0.36721476880678805,
        "nauc_map_at_100_std": -0.2201274484366413,
        "nauc_map_at_10_diff1": 0.7154359439771537,
        "nauc_map_at_10_max": 0.3626354669846701,
        "nauc_map_at_10_std": -0.2301333797908391,
        "nauc_map_at_1_diff1": 0.7380903272269792,
        "nauc_map_at_1_max": 0.2997715650504089,
        "nauc_map_at_1_std": -0.2100007771976864,
        "nauc_map_at_20_diff1": 0.7157688339120255,
        "nauc_map_at_20_max": 0.36618589942433394,
        "nauc_map_at_20_std": -0.2233064443082938,
        "nauc_map_at_3_diff1": 0.7172670742525665,
        "nauc_map_at_3_max": 0.346281120452265,
        "nauc_map_at_3_std": -0.23899175833520125,
        "nauc_map_at_5_diff1": 0.7147259917882022,
        "nauc_map_at_5_max": 0.3562412436441212,
        "nauc_map_at_5_std": -0.23479988842892047,
        "nauc_mrr_at_1000_diff1": 0.7280796546579287,
        "nauc_mrr_at_1000_max": 0.3925693300384676,
        "nauc_mrr_at_1000_std": -0.19601139084660538,
        "nauc_mrr_at_100_diff1": 0.728069359087882,
        "nauc_mrr_at_100_max": 0.39259132516017925,
        "nauc_mrr_at_100_std": -0.19597248510226006,
        "nauc_mrr_at_10_diff1": 0.7273505807995162,
        "nauc_mrr_at_10_max": 0.39276454616539713,
        "nauc_mrr_at_10_std": -0.19717754697854192,
        "nauc_mrr_at_1_diff1": 0.7432519392972422,
        "nauc_mrr_at_1_max": 0.3847663661997117,
        "nauc_mrr_at_1_std": -0.1907942039393952,
        "nauc_mrr_at_20_diff1": 0.7278854375041741,
        "nauc_mrr_at_20_max": 0.3931033803827273,
        "nauc_mrr_at_20_std": -0.19556039050947172,
        "nauc_mrr_at_3_diff1": 0.7245226928418507,
        "nauc_mrr_at_3_max": 0.3902048177756944,
        "nauc_mrr_at_3_std": -0.19990652853472365,
        "nauc_mrr_at_5_diff1": 0.7255978195949998,
        "nauc_mrr_at_5_max": 0.39236843644306985,
        "nauc_mrr_at_5_std": -0.19821588662337117,
        "nauc_ndcg_at_1000_diff1": 0.7153703986610873,
        "nauc_ndcg_at_1000_max": 0.38239081470858405,
        "nauc_ndcg_at_1000_std": -0.20260928963957578,
        "nauc_ndcg_at_100_diff1": 0.7153867175889834,
        "nauc_ndcg_at_100_max": 0.3813196515267871,
        "nauc_ndcg_at_100_std": -0.20251462418761684,
        "nauc_ndcg_at_10_diff1": 0.7106503354591641,
        "nauc_ndcg_at_10_max": 0.37385715494867217,
        "nauc_ndcg_at_10_std": -0.22258604100812554,
        "nauc_ndcg_at_1_diff1": 0.7422381616523879,
        "nauc_ndcg_at_1_max": 0.38678662109624456,
        "nauc_ndcg_at_1_std": -0.1893974180166645,
        "nauc_ndcg_at_20_diff1": 0.7142183736397989,
        "nauc_ndcg_at_20_max": 0.38048227080358266,
        "nauc_ndcg_at_20_std": -0.20868258633569195,
        "nauc_ndcg_at_3_diff1": 0.7056404049371293,
        "nauc_ndcg_at_3_max": 0.3644618012763879,
        "nauc_ndcg_at_3_std": -0.22537077598994543,
        "nauc_ndcg_at_5_diff1": 0.7059978302123124,
        "nauc_ndcg_at_5_max": 0.3683084353944159,
        "nauc_ndcg_at_5_std": -0.22506208564791555,
        "nauc_precision_at_1000_diff1": -0.3704415583634801,
        "nauc_precision_at_1000_max": -0.050657194582008284,
        "nauc_precision_at_1000_std": 0.22616085445440956,
        "nauc_precision_at_100_diff1": -0.3482554531006301,
        "nauc_precision_at_100_max": -0.03042419426157817,
        "nauc_precision_at_100_std": 0.21684667518110853,
        "nauc_precision_at_10_diff1": -0.23077641035092186,
        "nauc_precision_at_10_max": 0.0536093469591455,
        "nauc_precision_at_10_std": 0.11906515810765315,
        "nauc_precision_at_1_diff1": 0.7422381616523879,
        "nauc_precision_at_1_max": 0.38678662109624456,
        "nauc_precision_at_1_std": -0.1893974180166645,
        "nauc_precision_at_20_diff1": -0.2910386449188717,
        "nauc_precision_at_20_max": 0.019096690929564352,
        "nauc_precision_at_20_std": 0.1763695836627726,
        "nauc_precision_at_3_diff1": 0.04397256394687356,
        "nauc_precision_at_3_max": 0.1701622079466081,
        "nauc_precision_at_3_std": -0.019983365904184952,
        "nauc_precision_at_5_diff1": -0.10944029853590333,
        "nauc_precision_at_5_max": 0.11352086411823323,
        "nauc_precision_at_5_std": 0.05534830549712375,
        "nauc_recall_at_1000_diff1": 0.5763858758830721,
        "nauc_recall_at_1000_max": 0.5615482030715508,
        "nauc_recall_at_1000_std": 0.37297558664297453,
        "nauc_recall_at_100_diff1": 0.6512971448538716,
        "nauc_recall_at_100_max": 0.37459434024112326,
        "nauc_recall_at_100_std": -0.034712878121583336,
        "nauc_recall_at_10_diff1": 0.6405584648206661,
        "nauc_recall_at_10_max": 0.34334390035941864,
        "nauc_recall_at_10_std": -0.2602442898543855,
        "nauc_recall_at_1_diff1": 0.7380903272269792,
        "nauc_recall_at_1_max": 0.2997715650504089,
        "nauc_recall_at_1_std": -0.2100007771976864,
        "nauc_recall_at_20_diff1": 0.6481380914632466,
        "nauc_recall_at_20_max": 0.38069501270450606,
        "nauc_recall_at_20_std": -0.1595444205912522,
        "nauc_recall_at_3_diff1": 0.6690914558056422,
        "nauc_recall_at_3_max": 0.3223359446748229,
        "nauc_recall_at_3_std": -0.2618188347743054,
        "nauc_recall_at_5_diff1": 0.650856724732645,
        "nauc_recall_at_5_max": 0.3326433283889179,
        "nauc_recall_at_5_std": -0.2659355203187721,
        "ndcg_at_1": 0.7425,
        "ndcg_at_10": 0.82012,
        "ndcg_at_100": 0.83907,
        "ndcg_at_1000": 0.84237,
        "ndcg_at_20": 0.82983,
        "ndcg_at_3": 0.78318,
        "ndcg_at_5": 0.80257,
        "precision_at_1": 0.7425,
        "precision_at_10": 0.12433,
        "precision_at_100": 0.01471,
        "precision_at_1000": 0.00155,
        "precision_at_20": 0.06679,
        "precision_at_3": 0.33947,
        "precision_at_5": 0.2252,
        "recall_at_1": 0.64592,
        "recall_at_10": 0.9099,
        "recall_at_100": 0.97878,
        "recall_at_1000": 0.9969,
        "recall_at_20": 0.9421,
        "recall_at_3": 0.80487,
        "recall_at_5": 0.85794
      }
    ]
  },
  "task_name": "QuoraRetrieval"
}