{
  "dataset_revision": "f8c2fcf00f625baaa80f62ec5bd9e1fff3b8ae88",
  "evaluation_time": 6.449648141860962,
  "kg_co2_emissions": null,
  "mteb_version": "1.14.15",
  "scores": {
    "test": [
      {
        "hf_subset": "default",
        "languages": [
          "eng-Latn"
        ],
        "main_score": 0.13587,
        "map_at_1": 0.03368,
        "map_at_10": 0.07712,
        "map_at_100": 0.09141,
        "map_at_1000": 0.09414,
        "map_at_20": 0.08419,
        "map_at_3": 0.05683,
        "map_at_5": 0.06627,
        "mrr_at_1": 0.166,
        "mrr_at_10": 0.24389166666666656,
        "mrr_at_100": 0.25564348279710203,
        "mrr_at_1000": 0.2565219733433818,
        "mrr_at_20": 0.2501180169460743,
        "mrr_at_3": 0.2150000000000001,
        "mrr_at_5": 0.23075000000000007,
        "nauc_map_at_1000_diff1": 0.1579205455987339,
        "nauc_map_at_1000_max": 0.1356634783353828,
        "nauc_map_at_1000_std": 0.13522494963276946,
        "nauc_map_at_100_diff1": 0.1575666330397116,
        "nauc_map_at_100_max": 0.13371620548211777,
        "nauc_map_at_100_std": 0.13041945684128556,
        "nauc_map_at_10_diff1": 0.15948702753831337,
        "nauc_map_at_10_max": 0.11707911515178243,
        "nauc_map_at_10_std": 0.08727495324693499,
        "nauc_map_at_1_diff1": 0.1729360255890909,
        "nauc_map_at_1_max": 0.1072310668533521,
        "nauc_map_at_1_std": 0.04112759851902581,
        "nauc_map_at_20_diff1": 0.16037701154664327,
        "nauc_map_at_20_max": 0.12828849813839474,
        "nauc_map_at_20_std": 0.10795705865130165,
        "nauc_map_at_3_diff1": 0.1823195167071921,
        "nauc_map_at_3_max": 0.09801116024411058,
        "nauc_map_at_3_std": 0.05213983881776522,
        "nauc_map_at_5_diff1": 0.175626604163625,
        "nauc_map_at_5_max": 0.09970369227992304,
        "nauc_map_at_5_std": 0.06735083895176833,
        "nauc_mrr_at_1000_diff1": 0.15510099983807085,
        "nauc_mrr_at_1000_max": 0.11343645637837431,
        "nauc_mrr_at_1000_std": 0.07566937985959651,
        "nauc_mrr_at_100_diff1": 0.1550698580937815,
        "nauc_mrr_at_100_max": 0.11340883862596678,
        "nauc_mrr_at_100_std": 0.07620646271034096,
        "nauc_mrr_at_10_diff1": 0.15490875842909002,
        "nauc_mrr_at_10_max": 0.11231094796251513,
        "nauc_mrr_at_10_std": 0.07130502639986691,
        "nauc_mrr_at_1_diff1": 0.1688352672719328,
        "nauc_mrr_at_1_max": 0.10173624986461804,
        "nauc_mrr_at_1_std": 0.04256034299244473,
        "nauc_mrr_at_20_diff1": 0.15485170013873922,
        "nauc_mrr_at_20_max": 0.11233104363368977,
        "nauc_mrr_at_20_std": 0.0745451688565917,
        "nauc_mrr_at_3_diff1": 0.1534991113239244,
        "nauc_mrr_at_3_max": 0.09961720650018537,
        "nauc_mrr_at_3_std": 0.05382293027747789,
        "nauc_mrr_at_5_diff1": 0.15873465265800968,
        "nauc_mrr_at_5_max": 0.10838561422578016,
        "nauc_mrr_at_5_std": 0.06441461173575752,
        "nauc_ndcg_at_1000_diff1": 0.14352637695984038,
        "nauc_ndcg_at_1000_max": 0.17013971425841104,
        "nauc_ndcg_at_1000_std": 0.2197010413330881,
        "nauc_ndcg_at_100_diff1": 0.13886964830324594,
        "nauc_ndcg_at_100_max": 0.15552160909918156,
        "nauc_ndcg_at_100_std": 0.19266222092273066,
        "nauc_ndcg_at_10_diff1": 0.14639378627164512,
        "nauc_ndcg_at_10_max": 0.12825984197211926,
        "nauc_ndcg_at_10_std": 0.10391285942640946,
        "nauc_ndcg_at_1_diff1": 0.1688352672719328,
        "nauc_ndcg_at_1_max": 0.10173624986461804,
        "nauc_ndcg_at_1_std": 0.04256034299244473,
        "nauc_ndcg_at_20_diff1": 0.14995243704619315,
        "nauc_ndcg_at_20_max": 0.1426525727222302,
        "nauc_ndcg_at_20_std": 0.13639982949452376,
        "nauc_ndcg_at_3_diff1": 0.1691652612412296,
        "nauc_ndcg_at_3_max": 0.09789899312190631,
        "nauc_ndcg_at_3_std": 0.05732330748163062,
        "nauc_ndcg_at_5_diff1": 0.1700999871755564,
        "nauc_ndcg_at_5_max": 0.10924554915253575,
        "nauc_ndcg_at_5_std": 0.07537589771075501,
        "nauc_precision_at_1000_diff1": 0.08009592365347004,
        "nauc_precision_at_1000_max": 0.20058744449789942,
        "nauc_precision_at_1000_std": 0.36798991550887034,
        "nauc_precision_at_100_diff1": 0.08255276158647745,
        "nauc_precision_at_100_max": 0.17580852368830027,
        "nauc_precision_at_100_std": 0.30633816908045636,
        "nauc_precision_at_10_diff1": 0.11553031122695996,
        "nauc_precision_at_10_max": 0.14482109658676057,
        "nauc_precision_at_10_std": 0.14259782606679594,
        "nauc_precision_at_1_diff1": 0.1688352672719328,
        "nauc_precision_at_1_max": 0.10173624986461804,
        "nauc_precision_at_1_std": 0.04256034299244473,
        "nauc_precision_at_20_diff1": 0.12005709487312277,
        "nauc_precision_at_20_max": 0.1645307012250548,
        "nauc_precision_at_20_std": 0.1976001006238579,
        "nauc_precision_at_3_diff1": 0.17121112206808523,
        "nauc_precision_at_3_max": 0.10282548766937094,
        "nauc_precision_at_3_std": 0.06628229870593426,
        "nauc_precision_at_5_diff1": 0.16639581424506922,
        "nauc_precision_at_5_max": 0.11595216280079104,
        "nauc_precision_at_5_std": 0.09706804262911702,
        "nauc_recall_at_1000_diff1": 0.07944908337255163,
        "nauc_recall_at_1000_max": 0.20888140916483883,
        "nauc_recall_at_1000_std": 0.3743522863327242,
        "nauc_recall_at_100_diff1": 0.08145521632469906,
        "nauc_recall_at_100_max": 0.1781624018390958,
        "nauc_recall_at_100_std": 0.3082204083429204,
        "nauc_recall_at_10_diff1": 0.11626320851379472,
        "nauc_recall_at_10_max": 0.14568333470882427,
        "nauc_recall_at_10_std": 0.14086250979150067,
        "nauc_recall_at_1_diff1": 0.1729360255890909,
        "nauc_recall_at_1_max": 0.1072310668533521,
        "nauc_recall_at_1_std": 0.04112759851902581,
        "nauc_recall_at_20_diff1": 0.12125684404199848,
        "nauc_recall_at_20_max": 0.16596620432069137,
        "nauc_recall_at_20_std": 0.196497179331056,
        "nauc_recall_at_3_diff1": 0.17332586222101803,
        "nauc_recall_at_3_max": 0.10609602723354439,
        "nauc_recall_at_3_std": 0.06326563940802694,
        "nauc_recall_at_5_diff1": 0.16793084037141298,
        "nauc_recall_at_5_max": 0.11809252198719196,
        "nauc_recall_at_5_std": 0.0944067075649909,
        "ndcg_at_1": 0.166,
        "ndcg_at_10": 0.13587,
        "ndcg_at_100": 0.19981,
        "ndcg_at_1000": 0.25484,
        "ndcg_at_20": 0.15742,
        "ndcg_at_3": 0.12859,
        "ndcg_at_5": 0.11135,
        "precision_at_1": 0.166,
        "precision_at_10": 0.0701,
        "precision_at_100": 0.01632,
        "precision_at_1000": 0.00296,
        "precision_at_20": 0.04755,
        "precision_at_3": 0.118,
        "precision_at_5": 0.096,
        "recall_at_1": 0.03368,
        "recall_at_10": 0.14193,
        "recall_at_100": 0.33107,
        "recall_at_1000": 0.60145,
        "recall_at_20": 0.19233,
        "recall_at_3": 0.07163,
        "recall_at_5": 0.09713
      }
    ]
  },
  "task_name": "SCIDOCS"
}