{
  "dataset_revision": "d3c5e1fc0b855ab6097bf1cda04dd73947d7caab",
  "evaluation_time": 16.66589593887329,
  "kg_co2_emissions": null,
  "mteb_version": "1.14.15",
  "scores": {
    "test": [
      {
        "hf_subset": "default",
        "languages": [
          "eng-Latn"
        ],
        "main_score": 0.7482680371550936,
        "map": 0.7482680371550936,
        "mrr": 0.9193418963026806,
        "nAUC_map_diff1": 0.09068255025841693,
        "nAUC_map_max": 0.5383045488537594,
        "nAUC_map_std": 0.6566457388284374,
        "nAUC_mrr_diff1": 0.4605085316225451,
        "nAUC_mrr_max": 0.7559509312588396,
        "nAUC_mrr_std": 0.7087824623580906
      }
    ]
  },
  "task_name": "SciDocsRR"
}