{
  "dataset_revision": "0228b52cf27578f30900b9e5271d331663a030d7",
  "evaluation_time": 2.2476859092712402,
  "kg_co2_emissions": null,
  "mteb_version": "1.14.15",
  "scores": {
    "test": [
      {
        "hf_subset": "default",
        "languages": [
          "eng-Latn"
        ],
        "main_score": 0.562,
        "map_at_1": 0.40667,
        "map_at_10": 0.5113,
        "map_at_100": 0.52057,
        "map_at_1000": 0.52098,
        "map_at_20": 0.51686,
        "map_at_3": 0.48634,
        "map_at_5": 0.50066,
        "mrr_at_1": 0.4266666666666667,
        "mrr_at_10": 0.5248214285714285,
        "mrr_at_100": 0.5319823245085252,
        "mrr_at_1000": 0.5323357269611506,
        "mrr_at_20": 0.5287664766434116,
        "mrr_at_3": 0.5049999999999999,
        "mrr_at_5": 0.514,
        "nauc_map_at_1000_diff1": 0.5567952417034014,
        "nauc_map_at_1000_max": 0.3534368225457809,
        "nauc_map_at_1000_std": -0.02043911326695919,
        "nauc_map_at_100_diff1": 0.5564964353245028,
        "nauc_map_at_100_max": 0.35337226317798925,
        "nauc_map_at_100_std": -0.020539617122568625,
        "nauc_map_at_10_diff1": 0.5582499509356933,
        "nauc_map_at_10_max": 0.34593177818506815,
        "nauc_map_at_10_std": -0.03186054124830936,
        "nauc_map_at_1_diff1": 0.5910174915043725,
        "nauc_map_at_1_max": 0.3341649272912318,
        "nauc_map_at_1_std": -0.051952700488175046,
        "nauc_map_at_20_diff1": 0.5562343123244691,
        "nauc_map_at_20_max": 0.3529657483811909,
        "nauc_map_at_20_std": -0.02007783275001443,
        "nauc_map_at_3_diff1": 0.5655676665525449,
        "nauc_map_at_3_max": 0.333155647194758,
        "nauc_map_at_3_std": -0.037964967547169104,
        "nauc_map_at_5_diff1": 0.5655341850231368,
        "nauc_map_at_5_max": 0.34136394680252846,
        "nauc_map_at_5_std": -0.03970855003533535,
        "nauc_mrr_at_1000_diff1": 0.5533155507688058,
        "nauc_mrr_at_1000_max": 0.3702746344445961,
        "nauc_mrr_at_1000_std": 0.019690692773511223,
        "nauc_mrr_at_100_diff1": 0.5528850823087701,
        "nauc_mrr_at_100_max": 0.3703565595888509,
        "nauc_mrr_at_100_std": 0.019754212228406436,
        "nauc_mrr_at_10_diff1": 0.5535398010609678,
        "nauc_mrr_at_10_max": 0.3681374978978346,
        "nauc_mrr_at_10_std": 0.0169908309119671,
        "nauc_mrr_at_1_diff1": 0.5969835798662833,
        "nauc_mrr_at_1_max": 0.3619184535975336,
        "nauc_mrr_at_1_std": -0.003732635881802827,
        "nauc_mrr_at_20_diff1": 0.5526305584448552,
        "nauc_mrr_at_20_max": 0.3711198171015867,
        "nauc_mrr_at_20_std": 0.021612218864195815,
        "nauc_mrr_at_3_diff1": 0.5625662215357208,
        "nauc_mrr_at_3_max": 0.35810314784810104,
        "nauc_mrr_at_3_std": 0.01408422730019326,
        "nauc_mrr_at_5_diff1": 0.56409279532488,
        "nauc_mrr_at_5_max": 0.3624764657740795,
        "nauc_mrr_at_5_std": 0.009191877090789675,
        "nauc_ndcg_at_1000_diff1": 0.5392105210889138,
        "nauc_ndcg_at_1000_max": 0.3723673471367524,
        "nauc_ndcg_at_1000_std": 0.012797242206174547,
        "nauc_ndcg_at_100_diff1": 0.5308910074626929,
        "nauc_ndcg_at_100_max": 0.37583075495995627,
        "nauc_ndcg_at_100_std": 0.016730489754502,
        "nauc_ndcg_at_10_diff1": 0.534900294437438,
        "nauc_ndcg_at_10_max": 0.3563914186917353,
        "nauc_ndcg_at_10_std": -0.012567885269168116,
        "nauc_ndcg_at_1_diff1": 0.5969835798662833,
        "nauc_ndcg_at_1_max": 0.3619184535975336,
        "nauc_ndcg_at_1_std": -0.003732635881802827,
        "nauc_ndcg_at_20_diff1": 0.5291626708083731,
        "nauc_ndcg_at_20_max": 0.373727463545816,
        "nauc_ndcg_at_20_std": 0.01794148757644209,
        "nauc_ndcg_at_3_diff1": 0.5541497362862389,
        "nauc_ndcg_at_3_max": 0.33846062079709544,
        "nauc_ndcg_at_3_std": -0.015037390857368865,
        "nauc_ndcg_at_5_diff1": 0.5556165025340571,
        "nauc_ndcg_at_5_max": 0.34554782393058187,
        "nauc_ndcg_at_5_std": -0.026884049705546455,
        "nauc_precision_at_1000_diff1": -0.14220538808948627,
        "nauc_precision_at_1000_max": 0.3083250183804236,
        "nauc_precision_at_1000_std": 0.5161025627560141,
        "nauc_precision_at_100_diff1": 0.04485132985527867,
        "nauc_precision_at_100_max": 0.42019199750825836,
        "nauc_precision_at_100_std": 0.44598262455921794,
        "nauc_precision_at_10_diff1": 0.31128531158716916,
        "nauc_precision_at_10_max": 0.40014303427714293,
        "nauc_precision_at_10_std": 0.1866086480010028,
        "nauc_precision_at_1_diff1": 0.5969835798662833,
        "nauc_precision_at_1_max": 0.3619184535975336,
        "nauc_precision_at_1_std": -0.003732635881802827,
        "nauc_precision_at_20_diff1": 0.19729038153986753,
        "nauc_precision_at_20_max": 0.43018048891935096,
        "nauc_precision_at_20_std": 0.3493305917294951,
        "nauc_precision_at_3_diff1": 0.47693672116977565,
        "nauc_precision_at_3_max": 0.3667930202405817,
        "nauc_precision_at_3_std": 0.10015396528127898,
        "nauc_precision_at_5_diff1": 0.40112747160286033,
        "nauc_precision_at_5_max": 0.3652208666386196,
        "nauc_precision_at_5_std": 0.10298695835086277,
        "nauc_recall_at_1000_diff1": 0.15490555196437267,
        "nauc_recall_at_1000_max": 0.6577784960137889,
        "nauc_recall_at_1000_std": 0.556956115779644,
        "nauc_recall_at_100_diff1": 0.31420573665344187,
        "nauc_recall_at_100_max": 0.5147851797081598,
        "nauc_recall_at_100_std": 0.21866729955199402,
        "nauc_recall_at_10_diff1": 0.43811043753262646,
        "nauc_recall_at_10_max": 0.35251432327366394,
        "nauc_recall_at_10_std": -0.015842166373120425,
        "nauc_recall_at_1_diff1": 0.5910174915043725,
        "nauc_recall_at_1_max": 0.3341649272912318,
        "nauc_recall_at_1_std": -0.051952700488175046,
        "nauc_recall_at_20_diff1": 0.39869129286563876,
        "nauc_recall_at_20_max": 0.438582881229973,
        "nauc_recall_at_20_std": 0.12572449527758672,
        "nauc_recall_at_3_diff1": 0.519577529837867,
        "nauc_recall_at_3_max": 0.3089306983640824,
        "nauc_recall_at_3_std": -0.01959211453851564,
        "nauc_recall_at_5_diff1": 0.5175561843815882,
        "nauc_recall_at_5_max": 0.3215736743162173,
        "nauc_recall_at_5_std": -0.047724747365424376,
        "ndcg_at_1": 0.42667,
        "ndcg_at_10": 0.562,
        "ndcg_at_100": 0.6026,
        "ndcg_at_1000": 0.61483,
        "ndcg_at_20": 0.57909,
        "ndcg_at_3": 0.51711,
        "ndcg_at_5": 0.53783,
        "precision_at_1": 0.42667,
        "precision_at_10": 0.07767,
        "precision_at_100": 0.00993,
        "precision_at_1000": 0.00111,
        "precision_at_20": 0.043,
        "precision_at_3": 0.20889,
        "precision_at_5": 0.13867,
        "recall_at_1": 0.40667,
        "recall_at_10": 0.70244,
        "recall_at_100": 0.88656,
        "recall_at_1000": 0.98267,
        "recall_at_20": 0.76589,
        "recall_at_3": 0.58333,
        "recall_at_5": 0.6325
      }
    ]
  },
  "task_name": "SciFact"
}