{
  "dataset_revision": "0228b52cf27578f30900b9e5271d331663a030d7",
  "task_name": "SciFact",
  "mteb_version": "1.34.4",
  "scores": {
    "test": [
      {
        "ndcg_at_1": 0.42667,
        "ndcg_at_3": 0.51711,
        "ndcg_at_5": 0.53783,
        "ndcg_at_10": 0.562,
        "ndcg_at_20": 0.57909,
        "ndcg_at_100": 0.6026,
        "ndcg_at_1000": 0.61483,
        "map_at_1": 0.40667,
        "map_at_3": 0.48634,
        "map_at_5": 0.50066,
        "map_at_10": 0.5113,
        "map_at_20": 0.51686,
        "map_at_100": 0.52057,
        "map_at_1000": 0.52098,
        "recall_at_1": 0.40667,
        "recall_at_3": 0.58333,
        "recall_at_5": 0.6325,
        "recall_at_10": 0.70244,
        "recall_at_20": 0.76589,
        "recall_at_100": 0.88656,
        "recall_at_1000": 0.98267,
        "precision_at_1": 0.42667,
        "precision_at_3": 0.20889,
        "precision_at_5": 0.13867,
        "precision_at_10": 0.07767,
        "precision_at_20": 0.043,
        "precision_at_100": 0.00993,
        "precision_at_1000": 0.00111,
        "mrr_at_1": 0.426667,
        "mrr_at_3": 0.505,
        "mrr_at_5": 0.514,
        "mrr_at_10": 0.524821,
        "mrr_at_20": 0.528766,
        "mrr_at_100": 0.531982,
        "mrr_at_1000": 0.532336,
        "nauc_ndcg_at_1_max": 0.361918,
        "nauc_ndcg_at_1_std": -0.003733,
        "nauc_ndcg_at_1_diff1": 0.596984,
        "nauc_ndcg_at_3_max": 0.338461,
        "nauc_ndcg_at_3_std": -0.015037,
        "nauc_ndcg_at_3_diff1": 0.55415,
        "nauc_ndcg_at_5_max": 0.345548,
        "nauc_ndcg_at_5_std": -0.026884,
        "nauc_ndcg_at_5_diff1": 0.555617,
        "nauc_ndcg_at_10_max": 0.356391,
        "nauc_ndcg_at_10_std": -0.012568,
        "nauc_ndcg_at_10_diff1": 0.5349,
        "nauc_ndcg_at_20_max": 0.373727,
        "nauc_ndcg_at_20_std": 0.017941,
        "nauc_ndcg_at_20_diff1": 0.529163,
        "nauc_ndcg_at_100_max": 0.375831,
        "nauc_ndcg_at_100_std": 0.01673,
        "nauc_ndcg_at_100_diff1": 0.530891,
        "nauc_ndcg_at_1000_max": 0.372367,
        "nauc_ndcg_at_1000_std": 0.012797,
        "nauc_ndcg_at_1000_diff1": 0.539211,
        "nauc_map_at_1_max": 0.334165,
        "nauc_map_at_1_std": -0.051953,
        "nauc_map_at_1_diff1": 0.591017,
        "nauc_map_at_3_max": 0.333156,
        "nauc_map_at_3_std": -0.037965,
        "nauc_map_at_3_diff1": 0.565568,
        "nauc_map_at_5_max": 0.341364,
        "nauc_map_at_5_std": -0.039709,
        "nauc_map_at_5_diff1": 0.565534,
        "nauc_map_at_10_max": 0.345932,
        "nauc_map_at_10_std": -0.031861,
        "nauc_map_at_10_diff1": 0.55825,
        "nauc_map_at_20_max": 0.352966,
        "nauc_map_at_20_std": -0.020078,
        "nauc_map_at_20_diff1": 0.556234,
        "nauc_map_at_100_max": 0.353372,
        "nauc_map_at_100_std": -0.02054,
        "nauc_map_at_100_diff1": 0.556496,
        "nauc_map_at_1000_max": 0.353437,
        "nauc_map_at_1000_std": -0.020439,
        "nauc_map_at_1000_diff1": 0.556795,
        "nauc_recall_at_1_max": 0.334165,
        "nauc_recall_at_1_std": -0.051953,
        "nauc_recall_at_1_diff1": 0.591017,
        "nauc_recall_at_3_max": 0.308931,
        "nauc_recall_at_3_std": -0.019592,
        "nauc_recall_at_3_diff1": 0.519578,
        "nauc_recall_at_5_max": 0.321574,
        "nauc_recall_at_5_std": -0.047725,
        "nauc_recall_at_5_diff1": 0.517556,
        "nauc_recall_at_10_max": 0.352514,
        "nauc_recall_at_10_std": -0.015842,
        "nauc_recall_at_10_diff1": 0.43811,
        "nauc_recall_at_20_max": 0.438583,
        "nauc_recall_at_20_std": 0.125724,
        "nauc_recall_at_20_diff1": 0.398691,
        "nauc_recall_at_100_max": 0.514785,
        "nauc_recall_at_100_std": 0.218667,
        "nauc_recall_at_100_diff1": 0.314206,
        "nauc_recall_at_1000_max": 0.657778,
        "nauc_recall_at_1000_std": 0.556956,
        "nauc_recall_at_1000_diff1": 0.154906,
        "nauc_precision_at_1_max": 0.361918,
        "nauc_precision_at_1_std": -0.003733,
        "nauc_precision_at_1_diff1": 0.596984,
        "nauc_precision_at_3_max": 0.366793,
        "nauc_precision_at_3_std": 0.100154,
        "nauc_precision_at_3_diff1": 0.476937,
        "nauc_precision_at_5_max": 0.365221,
        "nauc_precision_at_5_std": 0.102987,
        "nauc_precision_at_5_diff1": 0.401127,
        "nauc_precision_at_10_max": 0.400143,
        "nauc_precision_at_10_std": 0.186609,
        "nauc_precision_at_10_diff1": 0.311285,
        "nauc_precision_at_20_max": 0.43018,
        "nauc_precision_at_20_std": 0.349331,
        "nauc_precision_at_20_diff1": 0.19729,
        "nauc_precision_at_100_max": 0.420192,
        "nauc_precision_at_100_std": 0.445983,
        "nauc_precision_at_100_diff1": 0.044851,
        "nauc_precision_at_1000_max": 0.308325,
        "nauc_precision_at_1000_std": 0.516103,
        "nauc_precision_at_1000_diff1": -0.142205,
        "nauc_mrr_at_1_max": 0.361918,
        "nauc_mrr_at_1_std": -0.003733,
        "nauc_mrr_at_1_diff1": 0.596984,
        "nauc_mrr_at_3_max": 0.358103,
        "nauc_mrr_at_3_std": 0.014084,
        "nauc_mrr_at_3_diff1": 0.562566,
        "nauc_mrr_at_5_max": 0.362476,
        "nauc_mrr_at_5_std": 0.009192,
        "nauc_mrr_at_5_diff1": 0.564093,
        "nauc_mrr_at_10_max": 0.368137,
        "nauc_mrr_at_10_std": 0.016991,
        "nauc_mrr_at_10_diff1": 0.55354,
        "nauc_mrr_at_20_max": 0.37112,
        "nauc_mrr_at_20_std": 0.021612,
        "nauc_mrr_at_20_diff1": 0.552631,
        "nauc_mrr_at_100_max": 0.370357,
        "nauc_mrr_at_100_std": 0.019754,
        "nauc_mrr_at_100_diff1": 0.552885,
        "nauc_mrr_at_1000_max": 0.370275,
        "nauc_mrr_at_1000_std": 0.019691,
        "nauc_mrr_at_1000_diff1": 0.553316,
        "main_score": 0.562,
        "hf_subset": "default",
        "languages": [
          "eng-Latn"
        ]
      }
    ]
  },
  "evaluation_time": 2.5840392112731934,
  "kg_co2_emissions": null
}