{
  "dataset_revision": "e185fbe320c72810689fc5848eb6114e1ef5ec69",
  "evaluation_time": 15.366175889968872,
  "kg_co2_emissions": null,
  "mteb_version": "1.14.15",
  "scores": {
    "test": [
      {
        "hf_subset": "default",
        "languages": [
          "eng-Latn"
        ],
        "main_score": 0.43964645324667606,
        "map": 0.43964645324667606,
        "mrr": 0.44378660555131144,
        "nAUC_map_diff1": 0.3495374640225194,
        "nAUC_map_max": 0.14380255206196887,
        "nAUC_map_std": 0.04730399252834778,
        "nAUC_mrr_diff1": 0.34073976544924567,
        "nAUC_mrr_max": 0.14993446781842393,
        "nAUC_mrr_std": 0.04877254318669808
      }
    ]
  },
  "task_name": "StackOverflowDupQuestions"
}