{
  "dataset_revision": "7e90230a92c190f1bf69ae9002b8cea547a64cca",
  "evaluation_time": 0.12193679809570312,
  "kg_co2_emissions": null,
  "mteb_version": "1.14.15",
  "scores": {
    "test": [
      {
        "cosine_pearson": 0.7670618047980291,
        "cosine_spearman": 0.7759358804164447,
        "euclidean_pearson": 0.7710766267433689,
        "euclidean_spearman": 0.7759339585903179,
        "hf_subset": "default",
        "languages": [
          "eng-Latn"
        ],
        "main_score": 0.7759358804164447,
        "manhattan_pearson": 0.7557885428606301,
        "manhattan_spearman": 0.759068297217428,
        "pearson": 0.7670618047980291,
        "spearman": 0.7759358804164447
      }
    ]
  },
  "task_name": "STS13"
}