{
  "dataset_revision": "bb9466bac8153a0349341eb1b22e06409e78ef4e",
  "evaluation_time": 35.80604887008667,
  "kg_co2_emissions": null,
  "mteb_version": "1.14.15",
  "scores": {
    "test": [
      {
        "hf_subset": "default",
        "languages": [
          "eng-Latn"
        ],
        "main_score": 0.41931,
        "map_at_1": 0.00135,
        "map_at_10": 0.00855,
        "map_at_100": 0.04484,
        "map_at_1000": 0.11498,
        "map_at_20": 0.01478,
        "map_at_3": 0.00336,
        "map_at_5": 0.00503,
        "mrr_at_1": 0.56,
        "mrr_at_10": 0.6468888888888888,
        "mrr_at_100": 0.6545360311215017,
        "mrr_at_1000": 0.6545360311215017,
        "mrr_at_20": 0.6514263689526848,
        "mrr_at_3": 0.6199999999999999,
        "mrr_at_5": 0.6379999999999999,
        "nauc_map_at_1000_diff1": -0.048155890033475396,
        "nauc_map_at_1000_max": 0.2888855432647378,
        "nauc_map_at_1000_std": 0.39027710048234127,
        "nauc_map_at_100_diff1": -0.06763033694479544,
        "nauc_map_at_100_max": 0.18195653444872212,
        "nauc_map_at_100_std": 0.2044353677299162,
        "nauc_map_at_10_diff1": -0.08372434926443631,
        "nauc_map_at_10_max": 0.21020465459436982,
        "nauc_map_at_10_std": -0.07766784888512321,
        "nauc_map_at_1_diff1": -0.11726444894941686,
        "nauc_map_at_1_max": 0.2809894462385901,
        "nauc_map_at_1_std": -0.08992714094540932,
        "nauc_map_at_20_diff1": -0.09035785185072163,
        "nauc_map_at_20_max": 0.18506302521346918,
        "nauc_map_at_20_std": 0.008278714327228345,
        "nauc_map_at_3_diff1": -0.04256022640946661,
        "nauc_map_at_3_max": 0.26426928222979024,
        "nauc_map_at_3_std": -0.13986031228577922,
        "nauc_map_at_5_diff1": -0.007971498197036771,
        "nauc_map_at_5_max": 0.28264906005693896,
        "nauc_map_at_5_std": -0.09864600825268975,
        "nauc_mrr_at_1000_diff1": -0.004613350723093772,
        "nauc_mrr_at_1000_max": 0.352848281150233,
        "nauc_mrr_at_1000_std": -0.017243940208394374,
        "nauc_mrr_at_100_diff1": -0.004613350723093772,
        "nauc_mrr_at_100_max": 0.352848281150233,
        "nauc_mrr_at_100_std": -0.017243940208394374,
        "nauc_mrr_at_10_diff1": -0.011774961298584272,
        "nauc_mrr_at_10_max": 0.3450238596824853,
        "nauc_mrr_at_10_std": -0.018035899462487705,
        "nauc_mrr_at_1_diff1": 0.053401090165795556,
        "nauc_mrr_at_1_max": 0.38541903247785547,
        "nauc_mrr_at_1_std": 0.061293436293435824,
        "nauc_mrr_at_20_diff1": -0.0016879233702767956,
        "nauc_mrr_at_20_max": 0.35280815463947035,
        "nauc_mrr_at_20_std": -0.01474513578251734,
        "nauc_mrr_at_3_diff1": -0.017688495464888414,
        "nauc_mrr_at_3_max": 0.3294164095211376,
        "nauc_mrr_at_3_std": -0.0687747405167847,
        "nauc_mrr_at_5_diff1": -0.019018790708586215,
        "nauc_mrr_at_5_max": 0.34416506194601876,
        "nauc_mrr_at_5_std": -0.04076153362419267,
        "nauc_ndcg_at_1000_diff1": -0.0711758000334035,
        "nauc_ndcg_at_1000_max": 0.2633768168184003,
        "nauc_ndcg_at_1000_std": 0.3144189217491199,
        "nauc_ndcg_at_100_diff1": 0.059459014789973216,
        "nauc_ndcg_at_100_max": 0.25317381446915604,
        "nauc_ndcg_at_100_std": 0.25557558325471347,
        "nauc_ndcg_at_10_diff1": 0.043257569057077394,
        "nauc_ndcg_at_10_max": 0.25232156948625345,
        "nauc_ndcg_at_10_std": 0.038168250010393354,
        "nauc_ndcg_at_1_diff1": 0.074718526100307,
        "nauc_ndcg_at_1_max": 0.32290685772773814,
        "nauc_ndcg_at_1_std": 0.02819515523712047,
        "nauc_ndcg_at_20_diff1": 0.0478610883045762,
        "nauc_ndcg_at_20_max": 0.23592795858981058,
        "nauc_ndcg_at_20_std": 0.11465220742781466,
        "nauc_ndcg_at_3_diff1": 0.07681506521236629,
        "nauc_ndcg_at_3_max": 0.2890636434919282,
        "nauc_ndcg_at_3_std": -0.06057560500143322,
        "nauc_ndcg_at_5_diff1": 0.07174553606416768,
        "nauc_ndcg_at_5_max": 0.2832458435468132,
        "nauc_ndcg_at_5_std": -0.013744649180278934,
        "nauc_precision_at_1000_diff1": 0.05584231801519359,
        "nauc_precision_at_1000_max": 0.28002541879211845,
        "nauc_precision_at_1000_std": 0.3327730700949564,
        "nauc_precision_at_100_diff1": 0.06346489878855957,
        "nauc_precision_at_100_max": 0.2695277497012729,
        "nauc_precision_at_100_std": 0.28645191802637154,
        "nauc_precision_at_10_diff1": 0.023502489108128827,
        "nauc_precision_at_10_max": 0.27281466664077225,
        "nauc_precision_at_10_std": 0.06936487282567168,
        "nauc_precision_at_1_diff1": 0.053401090165795556,
        "nauc_precision_at_1_max": 0.38541903247785547,
        "nauc_precision_at_1_std": 0.061293436293435824,
        "nauc_precision_at_20_diff1": 0.038399723372386736,
        "nauc_precision_at_20_max": 0.2722170962215984,
        "nauc_precision_at_20_std": 0.17733276643490875,
        "nauc_precision_at_3_diff1": 0.06598478731146103,
        "nauc_precision_at_3_max": 0.27451625444866445,
        "nauc_precision_at_3_std": -0.09193408499566358,
        "nauc_precision_at_5_diff1": 0.06452908005912722,
        "nauc_precision_at_5_max": 0.31655017610453134,
        "nauc_precision_at_5_std": 0.00867444081488652,
        "nauc_recall_at_1000_diff1": -0.09719516261417362,
        "nauc_recall_at_1000_max": 0.2506055928220044,
        "nauc_recall_at_1000_std": 0.3323548730908827,
        "nauc_recall_at_100_diff1": -0.11518579756795684,
        "nauc_recall_at_100_max": 0.15646642192110277,
        "nauc_recall_at_100_std": 0.19192418060016228,
        "nauc_recall_at_10_diff1": -0.1348419022233322,
        "nauc_recall_at_10_max": 0.1901331205096834,
        "nauc_recall_at_10_std": -0.07251182068836386,
        "nauc_recall_at_1_diff1": -0.11726444894941686,
        "nauc_recall_at_1_max": 0.2809894462385901,
        "nauc_recall_at_1_std": -0.08992714094540932,
        "nauc_recall_at_20_diff1": -0.14398393925439895,
        "nauc_recall_at_20_max": 0.17206581017531397,
        "nauc_recall_at_20_std": 0.013585608911222674,
        "nauc_recall_at_3_diff1": -0.08290744359014761,
        "nauc_recall_at_3_max": 0.21881683099047936,
        "nauc_recall_at_3_std": -0.18361115623762855,
        "nauc_recall_at_5_diff1": -0.05286572307527278,
        "nauc_recall_at_5_max": 0.25256200846766613,
        "nauc_recall_at_5_std": -0.10683496663885045,
        "ndcg_at_1": 0.51,
        "ndcg_at_10": 0.41931,
        "ndcg_at_100": 0.31928,
        "ndcg_at_1000": 0.29409,
        "ndcg_at_20": 0.40937,
        "ndcg_at_3": 0.47704,
        "ndcg_at_5": 0.44912,
        "precision_at_1": 0.56,
        "precision_at_10": 0.444,
        "precision_at_100": 0.3314,
        "precision_at_1000": 0.14198,
        "precision_at_20": 0.436,
        "precision_at_3": 0.5,
        "precision_at_5": 0.468,
        "recall_at_1": 0.00135,
        "recall_at_10": 0.01061,
        "recall_at_100": 0.07166,
        "recall_at_1000": 0.28379,
        "recall_at_20": 0.01998,
        "recall_at_3": 0.00367,
        "recall_at_5": 0.00578
      }
    ]
  },
  "task_name": "TRECCOVID"
}