{
  "dataset_revision": "ebfcd844eadd3d667efa3c57fc5c8c87f5c2867e",
  "task_name": "AILAStatutes",
  "mteb_version": "1.34.4",
  "scores": {
    "test": [
      {
        "ndcg_at_1": 0.0,
        "ndcg_at_3": 0.03654,
        "ndcg_at_5": 0.03844,
        "ndcg_at_10": 0.06643,
        "ndcg_at_20": 0.11531,
        "ndcg_at_100": 0.33619,
        "ndcg_at_1000": 0.33619,
        "map_at_1": 0.0,
        "map_at_3": 0.01333,
        "map_at_5": 0.01658,
        "map_at_10": 0.02497,
        "map_at_20": 0.03807,
        "map_at_100": 0.08431,
        "map_at_1000": 0.08431,
        "recall_at_1": 0.0,
        "recall_at_3": 0.033,
        "recall_at_5": 0.046,
        "recall_at_10": 0.099,
        "recall_at_20": 0.22467,
        "recall_at_100": 1.0,
        "recall_at_1000": 1.0,
        "precision_at_1": 0.0,
        "precision_at_3": 0.04667,
        "precision_at_5": 0.04,
        "precision_at_10": 0.044,
        "precision_at_20": 0.048,
        "precision_at_100": 0.0434,
        "precision_at_1000": 0.00434,
        "mrr_at_1": 0.0,
        "mrr_at_3": 0.056667,
        "mrr_at_5": 0.071667,
        "mrr_at_10": 0.097238,
        "mrr_at_20": 0.115426,
        "mrr_at_100": 0.124703,
        "mrr_at_1000": 0.124703,
        "nauc_ndcg_at_1_max": NaN,
        "nauc_ndcg_at_1_std": NaN,
        "nauc_ndcg_at_1_diff1": NaN,
        "nauc_ndcg_at_3_max": -0.378227,
        "nauc_ndcg_at_3_std": -0.12351,
        "nauc_ndcg_at_3_diff1": 0.13844,
        "nauc_ndcg_at_5_max": -0.251532,
        "nauc_ndcg_at_5_std": 0.000875,
        "nauc_ndcg_at_5_diff1": -0.016844,
        "nauc_ndcg_at_10_max": -0.308164,
        "nauc_ndcg_at_10_std": -0.047232,
        "nauc_ndcg_at_10_diff1": -0.05269,
        "nauc_ndcg_at_20_max": -0.096571,
        "nauc_ndcg_at_20_std": 0.211727,
        "nauc_ndcg_at_20_diff1": -0.043894,
        "nauc_ndcg_at_100_max": -0.265721,
        "nauc_ndcg_at_100_std": 0.003279,
        "nauc_ndcg_at_100_diff1": 0.042563,
        "nauc_ndcg_at_1000_max": -0.265721,
        "nauc_ndcg_at_1000_std": 0.003279,
        "nauc_ndcg_at_1000_diff1": 0.042563,
        "nauc_map_at_1_max": NaN,
        "nauc_map_at_1_std": NaN,
        "nauc_map_at_1_diff1": NaN,
        "nauc_map_at_3_max": -0.374002,
        "nauc_map_at_3_std": -0.120982,
        "nauc_map_at_3_diff1": 0.107122,
        "nauc_map_at_5_max": -0.271419,
        "nauc_map_at_5_std": -0.024029,
        "nauc_map_at_5_diff1": 0.005017,
        "nauc_map_at_10_max": -0.327172,
        "nauc_map_at_10_std": -0.071245,
        "nauc_map_at_10_diff1": 0.002752,
        "nauc_map_at_20_max": -0.162021,
        "nauc_map_at_20_std": 0.120648,
        "nauc_map_at_20_diff1": -0.005755,
        "nauc_map_at_100_max": -0.219953,
        "nauc_map_at_100_std": 0.059562,
        "nauc_map_at_100_diff1": -0.01099,
        "nauc_map_at_1000_max": -0.219953,
        "nauc_map_at_1000_std": 0.059562,
        "nauc_map_at_1000_diff1": -0.01099,
        "nauc_recall_at_1_max": NaN,
        "nauc_recall_at_1_std": NaN,
        "nauc_recall_at_1_diff1": NaN,
        "nauc_recall_at_3_max": -0.357769,
        "nauc_recall_at_3_std": -0.086838,
        "nauc_recall_at_3_diff1": 0.087467,
        "nauc_recall_at_5_max": -0.208722,
        "nauc_recall_at_5_std": 0.049868,
        "nauc_recall_at_5_diff1": -0.060111,
        "nauc_recall_at_10_max": -0.300707,
        "nauc_recall_at_10_std": -0.033945,
        "nauc_recall_at_10_diff1": -0.096852,
        "nauc_recall_at_20_max": 0.042085,
        "nauc_recall_at_20_std": 0.319262,
        "nauc_recall_at_20_diff1": -0.082618,
        "nauc_recall_at_100_max": NaN,
        "nauc_recall_at_100_std": NaN,
        "nauc_recall_at_100_diff1": NaN,
        "nauc_recall_at_1000_max": NaN,
        "nauc_recall_at_1000_std": NaN,
        "nauc_recall_at_1000_diff1": NaN,
        "nauc_precision_at_1_max": NaN,
        "nauc_precision_at_1_std": NaN,
        "nauc_precision_at_1_diff1": NaN,
        "nauc_precision_at_3_max": -0.371038,
        "nauc_precision_at_3_std": -0.103611,
        "nauc_precision_at_3_diff1": 0.125674,
        "nauc_precision_at_5_max": -0.230643,
        "nauc_precision_at_5_std": 0.028576,
        "nauc_precision_at_5_diff1": -0.04824,
        "nauc_precision_at_10_max": -0.305785,
        "nauc_precision_at_10_std": -0.032834,
        "nauc_precision_at_10_diff1": -0.092841,
        "nauc_precision_at_20_max": -0.003069,
        "nauc_precision_at_20_std": 0.287228,
        "nauc_precision_at_20_diff1": -0.02778,
        "nauc_precision_at_100_max": -0.31174,
        "nauc_precision_at_100_std": -0.365398,
        "nauc_precision_at_100_diff1": 0.35303,
        "nauc_precision_at_1000_max": -0.31174,
        "nauc_precision_at_1000_std": -0.365398,
        "nauc_precision_at_1000_diff1": 0.35303,
        "nauc_mrr_at_1_max": NaN,
        "nauc_mrr_at_1_std": NaN,
        "nauc_mrr_at_1_diff1": NaN,
        "nauc_mrr_at_3_max": -0.383511,
        "nauc_mrr_at_3_std": -0.138137,
        "nauc_mrr_at_3_diff1": 0.147825,
        "nauc_mrr_at_5_max": -0.287566,
        "nauc_mrr_at_5_std": -0.044158,
        "nauc_mrr_at_5_diff1": 0.027902,
        "nauc_mrr_at_10_max": -0.293585,
        "nauc_mrr_at_10_std": -0.051059,
        "nauc_mrr_at_10_diff1": -0.029879,
        "nauc_mrr_at_20_max": -0.252867,
        "nauc_mrr_at_20_std": -0.005848,
        "nauc_mrr_at_20_diff1": -0.011538,
        "nauc_mrr_at_100_max": -0.269475,
        "nauc_mrr_at_100_std": -0.027346,
        "nauc_mrr_at_100_diff1": 0.001708,
        "nauc_mrr_at_1000_max": -0.269475,
        "nauc_mrr_at_1000_std": -0.027346,
        "nauc_mrr_at_1000_diff1": 0.001708,
        "main_score": 0.06643,
        "hf_subset": "default",
        "languages": [
          "eng-Latn"
        ]
      }
    ]
  },
  "evaluation_time": 0.16489338874816895,
  "kg_co2_emissions": null
}