{
  "dataset_revision": "1271c7809071a13532e05f25fb53511ffce77117",
  "task_name": "CovidRetrieval",
  "mteb_version": "1.34.4",
  "scores": {
    "dev": [
      {
        "ndcg_at_1": 0.00421,
        "ndcg_at_3": 0.0066,
        "ndcg_at_5": 0.00796,
        "ndcg_at_10": 0.0113,
        "ndcg_at_20": 0.01334,
        "ndcg_at_100": 0.02044,
        "ndcg_at_1000": 0.04183,
        "map_at_1": 0.00421,
        "map_at_3": 0.00597,
        "map_at_5": 0.00676,
        "map_at_10": 0.0081,
        "map_at_20": 0.00862,
        "map_at_100": 0.00943,
        "map_at_1000": 0.01007,
        "recall_at_1": 0.00421,
        "recall_at_3": 0.00843,
        "recall_at_5": 0.01159,
        "recall_at_10": 0.02213,
        "recall_at_20": 0.03056,
        "recall_at_100": 0.07086,
        "recall_at_1000": 0.24816,
        "precision_at_1": 0.00421,
        "precision_at_3": 0.00281,
        "precision_at_5": 0.00232,
        "precision_at_10": 0.00221,
        "precision_at_20": 0.00153,
        "precision_at_100": 0.00073,
        "precision_at_1000": 0.00025,
        "mrr_at_1": 0.004215,
        "mrr_at_3": 0.005971,
        "mrr_at_5": 0.006762,
        "mrr_at_10": 0.008097,
        "mrr_at_20": 0.008616,
        "mrr_at_100": 0.009454,
        "mrr_at_1000": 0.010079,
        "nauc_ndcg_at_1_max": -0.518952,
        "nauc_ndcg_at_1_std": 0.661905,
        "nauc_ndcg_at_1_diff1": 0.408334,
        "nauc_ndcg_at_3_max": -0.454853,
        "nauc_ndcg_at_3_std": 0.409772,
        "nauc_ndcg_at_3_diff1": 0.372144,
        "nauc_ndcg_at_5_max": -0.466888,
        "nauc_ndcg_at_5_std": 0.401494,
        "nauc_ndcg_at_5_diff1": 0.440982,
        "nauc_ndcg_at_10_max": -0.427263,
        "nauc_ndcg_at_10_std": 0.304153,
        "nauc_ndcg_at_10_diff1": 0.373674,
        "nauc_ndcg_at_20_max": -0.428856,
        "nauc_ndcg_at_20_std": 0.353968,
        "nauc_ndcg_at_20_diff1": 0.39571,
        "nauc_ndcg_at_100_max": -0.401837,
        "nauc_ndcg_at_100_std": 0.358879,
        "nauc_ndcg_at_100_diff1": 0.359047,
        "nauc_ndcg_at_1000_max": -0.464669,
        "nauc_ndcg_at_1000_std": 0.492764,
        "nauc_ndcg_at_1000_diff1": 0.388773,
        "nauc_map_at_1_max": -0.518952,
        "nauc_map_at_1_std": 0.661905,
        "nauc_map_at_1_diff1": 0.408334,
        "nauc_map_at_3_max": -0.470018,
        "nauc_map_at_3_std": 0.460374,
        "nauc_map_at_3_diff1": 0.388778,
        "nauc_map_at_5_max": -0.47647,
        "nauc_map_at_5_std": 0.448803,
        "nauc_map_at_5_diff1": 0.433874,
        "nauc_map_at_10_max": -0.453879,
        "nauc_map_at_10_std": 0.387626,
        "nauc_map_at_10_diff1": 0.399112,
        "nauc_map_at_20_max": -0.452984,
        "nauc_map_at_20_std": 0.40242,
        "nauc_map_at_20_diff1": 0.406983,
        "nauc_map_at_100_max": -0.445798,
        "nauc_map_at_100_std": 0.401388,
        "nauc_map_at_100_diff1": 0.400951,
        "nauc_map_at_1000_max": -0.447505,
        "nauc_map_at_1000_std": 0.410696,
        "nauc_map_at_1000_diff1": 0.399621,
        "nauc_recall_at_1_max": -0.518952,
        "nauc_recall_at_1_std": 0.661905,
        "nauc_recall_at_1_diff1": 0.408334,
        "nauc_recall_at_3_max": -0.422608,
        "nauc_recall_at_3_std": 0.304088,
        "nauc_recall_at_3_diff1": 0.33508,
        "nauc_recall_at_5_max": -0.450593,
        "nauc_recall_at_5_std": 0.319712,
        "nauc_recall_at_5_diff1": 0.45495,
        "nauc_recall_at_10_max": -0.392355,
        "nauc_recall_at_10_std": 0.199842,
        "nauc_recall_at_10_diff1": 0.336681,
        "nauc_recall_at_20_max": -0.404622,
        "nauc_recall_at_20_std": 0.317593,
        "nauc_recall_at_20_diff1": 0.384809,
        "nauc_recall_at_100_max": -0.370663,
        "nauc_recall_at_100_std": 0.338204,
        "nauc_recall_at_100_diff1": 0.322262,
        "nauc_recall_at_1000_max": -0.496644,
        "nauc_recall_at_1000_std": 0.567727,
        "nauc_recall_at_1000_diff1": 0.401702,
        "nauc_precision_at_1_max": -0.518952,
        "nauc_precision_at_1_std": 0.661905,
        "nauc_precision_at_1_diff1": 0.408334,
        "nauc_precision_at_3_max": -0.422608,
        "nauc_precision_at_3_std": 0.304088,
        "nauc_precision_at_3_diff1": 0.33508,
        "nauc_precision_at_5_max": -0.450593,
        "nauc_precision_at_5_std": 0.319712,
        "nauc_precision_at_5_diff1": 0.45495,
        "nauc_precision_at_10_max": -0.392355,
        "nauc_precision_at_10_std": 0.199842,
        "nauc_precision_at_10_diff1": 0.336681,
        "nauc_precision_at_20_max": -0.404622,
        "nauc_precision_at_20_std": 0.317593,
        "nauc_precision_at_20_diff1": 0.384809,
        "nauc_precision_at_100_max": -0.369347,
        "nauc_precision_at_100_std": 0.354988,
        "nauc_precision_at_100_diff1": 0.319035,
        "nauc_precision_at_1000_max": -0.491388,
        "nauc_precision_at_1000_std": 0.581229,
        "nauc_precision_at_1000_diff1": 0.396411,
        "nauc_mrr_at_1_max": -0.518952,
        "nauc_mrr_at_1_std": 0.661905,
        "nauc_mrr_at_1_diff1": 0.408334,
        "nauc_mrr_at_3_max": -0.470018,
        "nauc_mrr_at_3_std": 0.460374,
        "nauc_mrr_at_3_diff1": 0.388778,
        "nauc_mrr_at_5_max": -0.47647,
        "nauc_mrr_at_5_std": 0.448803,
        "nauc_mrr_at_5_diff1": 0.433874,
        "nauc_mrr_at_10_max": -0.453879,
        "nauc_mrr_at_10_std": 0.387626,
        "nauc_mrr_at_10_diff1": 0.399112,
        "nauc_mrr_at_20_max": -0.452984,
        "nauc_mrr_at_20_std": 0.40242,
        "nauc_mrr_at_20_diff1": 0.406983,
        "nauc_mrr_at_100_max": -0.445481,
        "nauc_mrr_at_100_std": 0.402884,
        "nauc_mrr_at_100_diff1": 0.400893,
        "nauc_mrr_at_1000_max": -0.447388,
        "nauc_mrr_at_1000_std": 0.41105,
        "nauc_mrr_at_1000_diff1": 0.399623,
        "main_score": 0.0113,
        "hf_subset": "default",
        "languages": [
          "cmn-Hans"
        ]
      }
    ]
  },
  "evaluation_time": 185.5777051448822,
  "kg_co2_emissions": null
}