{
  "dataset_revision": "b2a085913606be3c4f2f1a8bff1810e38bade8fa",
  "task_name": "HagridRetrieval",
  "mteb_version": "1.34.4",
  "scores": {
    "dev": [
      {
        "ndcg_at_1": 0.09274,
        "ndcg_at_3": 0.11278,
        "ndcg_at_5": 0.11938,
        "ndcg_at_10": 0.12335,
        "ndcg_at_20": 0.12788,
        "ndcg_at_100": 0.16242,
        "ndcg_at_1000": 0.24098,
        "map_at_1": 0.09274,
        "map_at_3": 0.10786,
        "map_at_5": 0.11149,
        "map_at_10": 0.11317,
        "map_at_20": 0.11438,
        "map_at_100": 0.11841,
        "map_at_1000": 0.12103,
        "recall_at_1": 0.09274,
        "recall_at_3": 0.12702,
        "recall_at_5": 0.14315,
        "recall_at_10": 0.15524,
        "recall_at_20": 0.17339,
        "recall_at_100": 0.37097,
        "recall_at_1000": 1.0,
        "precision_at_1": 0.09274,
        "precision_at_3": 0.04234,
        "precision_at_5": 0.02863,
        "precision_at_10": 0.01552,
        "precision_at_20": 0.00867,
        "precision_at_100": 0.00371,
        "precision_at_1000": 0.001,
        "mrr_at_1": 0.092742,
        "mrr_at_3": 0.107863,
        "mrr_at_5": 0.111492,
        "mrr_at_10": 0.113166,
        "mrr_at_20": 0.114384,
        "mrr_at_100": 0.118414,
        "mrr_at_1000": 0.121034,
        "nauc_ndcg_at_1_max": -0.469682,
        "nauc_ndcg_at_1_std": -0.492532,
        "nauc_ndcg_at_1_diff1": 0.846869,
        "nauc_ndcg_at_3_max": -0.507544,
        "nauc_ndcg_at_3_std": -0.528187,
        "nauc_ndcg_at_3_diff1": 0.886397,
        "nauc_ndcg_at_5_max": -0.488688,
        "nauc_ndcg_at_5_std": -0.51713,
        "nauc_ndcg_at_5_diff1": 0.867021,
        "nauc_ndcg_at_10_max": -0.4775,
        "nauc_ndcg_at_10_std": -0.507909,
        "nauc_ndcg_at_10_diff1": 0.850565,
        "nauc_ndcg_at_20_max": -0.470744,
        "nauc_ndcg_at_20_std": -0.501192,
        "nauc_ndcg_at_20_diff1": 0.830149,
        "nauc_ndcg_at_100_max": -0.419091,
        "nauc_ndcg_at_100_std": -0.438921,
        "nauc_ndcg_at_100_diff1": 0.736754,
        "nauc_ndcg_at_1000_max": -0.449432,
        "nauc_ndcg_at_1000_std": -0.473946,
        "nauc_ndcg_at_1000_diff1": 0.797166,
        "nauc_map_at_1_max": -0.469682,
        "nauc_map_at_1_std": -0.492532,
        "nauc_map_at_1_diff1": 0.846869,
        "nauc_map_at_3_max": -0.499179,
        "nauc_map_at_3_std": -0.520318,
        "nauc_map_at_3_diff1": 0.877722,
        "nauc_map_at_5_max": -0.488518,
        "nauc_map_at_5_std": -0.51418,
        "nauc_map_at_5_diff1": 0.866896,
        "nauc_map_at_10_max": -0.483461,
        "nauc_map_at_10_std": -0.509789,
        "nauc_map_at_10_diff1": 0.85977,
        "nauc_map_at_20_max": -0.481671,
        "nauc_map_at_20_std": -0.508116,
        "nauc_map_at_20_diff1": 0.85424,
        "nauc_map_at_100_max": -0.47353,
        "nauc_map_at_100_std": -0.498437,
        "nauc_map_at_100_diff1": 0.840133,
        "nauc_map_at_1000_max": -0.473953,
        "nauc_map_at_1000_std": -0.499049,
        "nauc_map_at_1000_diff1": 0.841241,
        "nauc_recall_at_1_max": -0.469682,
        "nauc_recall_at_1_std": -0.492532,
        "nauc_recall_at_1_diff1": 0.846869,
        "nauc_recall_at_3_max": -0.528895,
        "nauc_recall_at_3_std": -0.548266,
        "nauc_recall_at_3_diff1": 0.908518,
        "nauc_recall_at_5_max": -0.486743,
        "nauc_recall_at_5_std": -0.522766,
        "nauc_recall_at_5_diff1": 0.864754,
        "nauc_recall_at_10_max": -0.458392,
        "nauc_recall_at_10_std": -0.500014,
        "nauc_recall_at_10_diff1": 0.821713,
        "nauc_recall_at_20_max": -0.437387,
        "nauc_recall_at_20_std": -0.477792,
        "nauc_recall_at_20_diff1": 0.7568,
        "nauc_recall_at_100_max": -0.271063,
        "nauc_recall_at_100_std": -0.271786,
        "nauc_recall_at_100_diff1": 0.454032,
        "nauc_recall_at_1000_max": NaN,
        "nauc_recall_at_1000_std": NaN,
        "nauc_recall_at_1000_diff1": NaN,
        "nauc_precision_at_1_max": -0.469682,
        "nauc_precision_at_1_std": -0.492532,
        "nauc_precision_at_1_diff1": 0.846869,
        "nauc_precision_at_3_max": -0.528895,
        "nauc_precision_at_3_std": -0.548266,
        "nauc_precision_at_3_diff1": 0.908518,
        "nauc_precision_at_5_max": -0.486743,
        "nauc_precision_at_5_std": -0.522766,
        "nauc_precision_at_5_diff1": 0.864754,
        "nauc_precision_at_10_max": -0.458392,
        "nauc_precision_at_10_std": -0.500014,
        "nauc_precision_at_10_diff1": 0.821713,
        "nauc_precision_at_20_max": -0.437387,
        "nauc_precision_at_20_std": -0.477792,
        "nauc_precision_at_20_diff1": 0.7568,
        "nauc_precision_at_100_max": -0.271063,
        "nauc_precision_at_100_std": -0.271786,
        "nauc_precision_at_100_diff1": 0.454032,
        "nauc_precision_at_1000_max": 1.0,
        "nauc_precision_at_1000_std": 1.0,
        "nauc_precision_at_1000_diff1": 1.0,
        "nauc_mrr_at_1_max": -0.469682,
        "nauc_mrr_at_1_std": -0.492532,
        "nauc_mrr_at_1_diff1": 0.846869,
        "nauc_mrr_at_3_max": -0.499179,
        "nauc_mrr_at_3_std": -0.520318,
        "nauc_mrr_at_3_diff1": 0.877722,
        "nauc_mrr_at_5_max": -0.488518,
        "nauc_mrr_at_5_std": -0.51418,
        "nauc_mrr_at_5_diff1": 0.866896,
        "nauc_mrr_at_10_max": -0.483461,
        "nauc_mrr_at_10_std": -0.509789,
        "nauc_mrr_at_10_diff1": 0.85977,
        "nauc_mrr_at_20_max": -0.481671,
        "nauc_mrr_at_20_std": -0.508116,
        "nauc_mrr_at_20_diff1": 0.85424,
        "nauc_mrr_at_100_max": -0.47353,
        "nauc_mrr_at_100_std": -0.498436,
        "nauc_mrr_at_100_diff1": 0.840132,
        "nauc_mrr_at_1000_max": -0.473954,
        "nauc_mrr_at_1000_std": -0.499047,
        "nauc_mrr_at_1000_diff1": 0.84124,
        "main_score": 0.12335,
        "hf_subset": "default",
        "languages": [
          "eng-Latn"
        ]
      }
    ]
  },
  "evaluation_time": 0.3040308952331543,
  "kg_co2_emissions": null
}