{
  "dataset_revision": "a5a1c4fe2bc528ac12e83f8cdf82178da85d2f1d",
  "task_name": "Robust04InstructionRetrieval",
  "mteb_version": "1.34.4",
  "scores": {
    "test": [
      {
        "p-MRR": -0.001033,
        "individual": {
          "original": {
            "ndcg_at_1": 0.05769,
            "ndcg_at_3": 0.03414,
            "ndcg_at_5": 0.02656,
            "ndcg_at_10": 0.02088,
            "ndcg_at_20": 0.02283,
            "ndcg_at_100": 0.05473,
            "ndcg_at_1000": 0.30552,
            "map_at_1": 0.00332,
            "map_at_3": 0.00394,
            "map_at_5": 0.00431,
            "map_at_10": 0.005,
            "map_at_20": 0.00597,
            "map_at_100": 0.0093,
            "map_at_1000": 0.02872,
            "recall_at_1": 0.00332,
            "recall_at_3": 0.00453,
            "recall_at_5": 0.00601,
            "recall_at_10": 0.01031,
            "recall_at_20": 0.01869,
            "recall_at_100": 0.11197,
            "recall_at_1000": 1.0,
            "precision_at_1": 0.07692,
            "precision_at_3": 0.03846,
            "precision_at_5": 0.02692,
            "precision_at_10": 0.01923,
            "precision_at_20": 0.01731,
            "precision_at_100": 0.01731,
            "precision_at_1000": 0.01981,
            "naucs_at_1_max": 0.023556,
            "naucs_at_1_std": 0.068872,
            "naucs_at_1_diff1": 0.369123,
            "naucs_at_3_max": -0.002267,
            "naucs_at_3_std": 0.113994,
            "naucs_at_3_diff1": 0.364645,
            "naucs_at_5_max": 0.034252,
            "naucs_at_5_std": 0.078532,
            "naucs_at_5_diff1": 0.320051,
            "naucs_at_10_max": 0.023884,
            "naucs_at_10_std": 0.072523,
            "naucs_at_10_diff1": 0.319427,
            "naucs_at_20_max": 0.011958,
            "naucs_at_20_std": 0.062924,
            "naucs_at_20_diff1": 0.321959,
            "naucs_at_100_max": 0.010538,
            "naucs_at_100_std": 0.05636,
            "naucs_at_100_diff1": 0.312822,
            "naucs_at_1000_max": 0.011425,
            "naucs_at_1000_std": 0.057009,
            "naucs_at_1000_diff1": 0.313558,
            "mrr_at_1": 0.076923,
            "mrr_at_3": 0.083333,
            "mrr_at_5": 0.088141,
            "mrr_at_10": 0.09375,
            "mrr_at_20": 0.099648,
            "mrr_at_100": 0.110088,
            "mrr_at_1000": 0.111302
          },
          "changed": {
            "ndcg_at_1": 0.07692,
            "ndcg_at_3": 0.04571,
            "ndcg_at_5": 0.04104,
            "ndcg_at_10": 0.03801,
            "ndcg_at_20": 0.03316,
            "ndcg_at_100": 0.06937,
            "ndcg_at_1000": 0.37199,
            "map_at_1": 0.00275,
            "map_at_3": 0.00353,
            "map_at_5": 0.00421,
            "map_at_10": 0.00525,
            "map_at_20": 0.00614,
            "map_at_100": 0.012,
            "map_at_1000": 0.04458,
            "recall_at_1": 0.00275,
            "recall_at_3": 0.0043,
            "recall_at_5": 0.0062,
            "recall_at_10": 0.01196,
            "recall_at_20": 0.01808,
            "recall_at_100": 0.10954,
            "recall_at_1000": 1.0,
            "precision_at_1": 0.09615,
            "precision_at_3": 0.05128,
            "precision_at_5": 0.04615,
            "precision_at_10": 0.04423,
            "precision_at_20": 0.03365,
            "precision_at_100": 0.03462,
            "precision_at_1000": 0.03369,
            "naucs_at_1_max": -0.036065,
            "naucs_at_1_std": -0.041134,
            "naucs_at_1_diff1": 0.415258,
            "naucs_at_3_max": -0.042657,
            "naucs_at_3_std": -0.01581,
            "naucs_at_3_diff1": 0.452139,
            "naucs_at_5_max": -0.03142,
            "naucs_at_5_std": 0.035484,
            "naucs_at_5_diff1": 0.389057,
            "naucs_at_10_max": -0.051547,
            "naucs_at_10_std": 0.000147,
            "naucs_at_10_diff1": 0.373094,
            "naucs_at_20_max": -0.052467,
            "naucs_at_20_std": -0.002818,
            "naucs_at_20_diff1": 0.370922,
            "naucs_at_100_max": -0.050632,
            "naucs_at_100_std": 0.00414,
            "naucs_at_100_diff1": 0.364336,
            "naucs_at_1000_max": -0.050925,
            "naucs_at_1000_std": 0.003585,
            "naucs_at_1000_diff1": 0.364933,
            "mrr_at_1": 0.096154,
            "mrr_at_3": 0.112179,
            "mrr_at_5": 0.120833,
            "mrr_at_10": 0.136668,
            "mrr_at_20": 0.140164,
            "mrr_at_100": 0.151349,
            "mrr_at_1000": 0.151968
          }
        },
        "main_score": -0.001033,
        "hf_subset": "default",
        "languages": [
          "eng-Latn"
        ]
      }
    ]
  },
  "evaluation_time": 157.1658070087433,
  "kg_co2_emissions": null
}