{
  "dataset_revision": "f8c2fcf00f625baaa80f62ec5bd9e1fff3b8ae88",
  "task_name": "SCIDOCS",
  "mteb_version": "1.34.4",
  "scores": {
    "test": [
      {
        "ndcg_at_1": 0.007,
        "ndcg_at_3": 0.00677,
        "ndcg_at_5": 0.00623,
        "ndcg_at_10": 0.00817,
        "ndcg_at_20": 0.00893,
        "ndcg_at_100": 0.01495,
        "ndcg_at_1000": 0.02914,
        "map_at_1": 0.0014,
        "map_at_3": 0.00268,
        "map_at_5": 0.00327,
        "map_at_10": 0.00398,
        "map_at_20": 0.00414,
        "map_at_100": 0.0048,
        "map_at_1000": 0.00516,
        "recall_at_1": 0.0014,
        "recall_at_3": 0.0041,
        "recall_at_5": 0.00595,
        "recall_at_10": 0.0096,
        "recall_at_20": 0.0114,
        "recall_at_100": 0.03125,
        "recall_at_1000": 0.10342,
        "precision_at_1": 0.007,
        "precision_at_3": 0.00667,
        "precision_at_5": 0.0058,
        "precision_at_10": 0.0047,
        "precision_at_20": 0.0028,
        "precision_at_100": 0.00154,
        "precision_at_1000": 0.00051,
        "mrr_at_1": 0.007,
        "mrr_at_3": 0.011833,
        "mrr_at_5": 0.013283,
        "mrr_at_10": 0.014927,
        "mrr_at_20": 0.015386,
        "mrr_at_100": 0.016907,
        "mrr_at_1000": 0.01759,
        "nauc_ndcg_at_1_max": -0.285791,
        "nauc_ndcg_at_1_std": 0.225421,
        "nauc_ndcg_at_1_diff1": 0.29384,
        "nauc_ndcg_at_3_max": -0.354401,
        "nauc_ndcg_at_3_std": 0.310396,
        "nauc_ndcg_at_3_diff1": 0.319144,
        "nauc_ndcg_at_5_max": -0.366672,
        "nauc_ndcg_at_5_std": 0.311732,
        "nauc_ndcg_at_5_diff1": 0.32946,
        "nauc_ndcg_at_10_max": -0.335227,
        "nauc_ndcg_at_10_std": 0.274809,
        "nauc_ndcg_at_10_diff1": 0.299615,
        "nauc_ndcg_at_20_max": -0.297032,
        "nauc_ndcg_at_20_std": 0.249376,
        "nauc_ndcg_at_20_diff1": 0.264279,
        "nauc_ndcg_at_100_max": -0.278374,
        "nauc_ndcg_at_100_std": 0.257878,
        "nauc_ndcg_at_100_diff1": 0.24667,
        "nauc_ndcg_at_1000_max": -0.276787,
        "nauc_ndcg_at_1000_std": 0.313789,
        "nauc_ndcg_at_1000_diff1": 0.268415,
        "nauc_map_at_1_max": -0.285791,
        "nauc_map_at_1_std": 0.225421,
        "nauc_map_at_1_diff1": 0.29384,
        "nauc_map_at_3_max": -0.352272,
        "nauc_map_at_3_std": 0.303295,
        "nauc_map_at_3_diff1": 0.320793,
        "nauc_map_at_5_max": -0.361764,
        "nauc_map_at_5_std": 0.297705,
        "nauc_map_at_5_diff1": 0.322894,
        "nauc_map_at_10_max": -0.347781,
        "nauc_map_at_10_std": 0.284621,
        "nauc_map_at_10_diff1": 0.300844,
        "nauc_map_at_20_max": -0.335741,
        "nauc_map_at_20_std": 0.275886,
        "nauc_map_at_20_diff1": 0.288643,
        "nauc_map_at_100_max": -0.329579,
        "nauc_map_at_100_std": 0.277169,
        "nauc_map_at_100_diff1": 0.279373,
        "nauc_map_at_1000_max": -0.329224,
        "nauc_map_at_1000_std": 0.288036,
        "nauc_map_at_1000_diff1": 0.282201,
        "nauc_recall_at_1_max": -0.285791,
        "nauc_recall_at_1_std": 0.225421,
        "nauc_recall_at_1_diff1": 0.29384,
        "nauc_recall_at_3_max": -0.378389,
        "nauc_recall_at_3_std": 0.339716,
        "nauc_recall_at_3_diff1": 0.330096,
        "nauc_recall_at_5_max": -0.387723,
        "nauc_recall_at_5_std": 0.329102,
        "nauc_recall_at_5_diff1": 0.335731,
        "nauc_recall_at_10_max": -0.326904,
        "nauc_recall_at_10_std": 0.26194,
        "nauc_recall_at_10_diff1": 0.285026,
        "nauc_recall_at_20_max": -0.257739,
        "nauc_recall_at_20_std": 0.217347,
        "nauc_recall_at_20_diff1": 0.222925,
        "nauc_recall_at_100_max": -0.251244,
        "nauc_recall_at_100_std": 0.255051,
        "nauc_recall_at_100_diff1": 0.218392,
        "nauc_recall_at_1000_max": -0.255953,
        "nauc_recall_at_1000_std": 0.334352,
        "nauc_recall_at_1000_diff1": 0.261522,
        "nauc_precision_at_1_max": -0.285791,
        "nauc_precision_at_1_std": 0.225421,
        "nauc_precision_at_1_diff1": 0.29384,
        "nauc_precision_at_3_max": -0.376415,
        "nauc_precision_at_3_std": 0.334478,
        "nauc_precision_at_3_diff1": 0.324618,
        "nauc_precision_at_5_max": -0.386286,
        "nauc_precision_at_5_std": 0.327295,
        "nauc_precision_at_5_diff1": 0.334095,
        "nauc_precision_at_10_max": -0.325092,
        "nauc_precision_at_10_std": 0.259424,
        "nauc_precision_at_10_diff1": 0.283001,
        "nauc_precision_at_20_max": -0.254983,
        "nauc_precision_at_20_std": 0.214439,
        "nauc_precision_at_20_diff1": 0.220117,
        "nauc_precision_at_100_max": -0.248914,
        "nauc_precision_at_100_std": 0.252652,
        "nauc_precision_at_100_diff1": 0.215782,
        "nauc_precision_at_1000_max": -0.253228,
        "nauc_precision_at_1000_std": 0.328883,
        "nauc_precision_at_1000_diff1": 0.257347,
        "nauc_mrr_at_1_max": -0.285791,
        "nauc_mrr_at_1_std": 0.225421,
        "nauc_mrr_at_1_diff1": 0.29384,
        "nauc_mrr_at_3_max": -0.333981,
        "nauc_mrr_at_3_std": 0.295782,
        "nauc_mrr_at_3_diff1": 0.315622,
        "nauc_mrr_at_5_max": -0.34349,
        "nauc_mrr_at_5_std": 0.302664,
        "nauc_mrr_at_5_diff1": 0.326913,
        "nauc_mrr_at_10_max": -0.329043,
        "nauc_mrr_at_10_std": 0.277783,
        "nauc_mrr_at_10_diff1": 0.317631,
        "nauc_mrr_at_20_max": -0.311028,
        "nauc_mrr_at_20_std": 0.265803,
        "nauc_mrr_at_20_diff1": 0.300924,
        "nauc_mrr_at_100_max": -0.30281,
        "nauc_mrr_at_100_std": 0.261319,
        "nauc_mrr_at_100_diff1": 0.295377,
        "nauc_mrr_at_1000_max": -0.301601,
        "nauc_mrr_at_1000_std": 0.262678,
        "nauc_mrr_at_1000_diff1": 0.2951,
        "main_score": 0.00817,
        "hf_subset": "default",
        "languages": [
          "eng-Latn"
        ]
      }
    ]
  },
  "evaluation_time": 48.88056397438049,
  "kg_co2_emissions": null
}