{
  "dataset_revision": "db8f169f3894c14a00251061f957b2063eef2bd5",
  "task_name": "StackOverflowQA",
  "mteb_version": "1.34.4",
  "scores": {
    "test": [
      {
        "ndcg_at_1": 0.06018,
        "ndcg_at_3": 0.07072,
        "ndcg_at_5": 0.07441,
        "ndcg_at_10": 0.07988,
        "ndcg_at_20": 0.08499,
        "ndcg_at_100": 0.09488,
        "ndcg_at_1000": 0.10848,
        "map_at_1": 0.06018,
        "map_at_3": 0.06812,
        "map_at_5": 0.07015,
        "map_at_10": 0.07238,
        "map_at_20": 0.07374,
        "map_at_100": 0.07498,
        "map_at_1000": 0.07537,
        "recall_at_1": 0.06018,
        "recall_at_3": 0.07823,
        "recall_at_5": 0.08726,
        "recall_at_10": 0.10431,
        "recall_at_20": 0.12487,
        "recall_at_100": 0.18004,
        "recall_at_1000": 0.29438,
        "precision_at_1": 0.06018,
        "precision_at_3": 0.02608,
        "precision_at_5": 0.01745,
        "precision_at_10": 0.01043,
        "precision_at_20": 0.00624,
        "precision_at_100": 0.0018,
        "precision_at_1000": 0.00029,
        "mrr_at_1": 0.060181,
        "mrr_at_3": 0.068121,
        "mrr_at_5": 0.070152,
        "mrr_at_10": 0.072383,
        "mrr_at_20": 0.073737,
        "mrr_at_100": 0.074976,
        "mrr_at_1000": 0.075366,
        "nauc_ndcg_at_1_max": -0.142801,
        "nauc_ndcg_at_1_std": 0.287294,
        "nauc_ndcg_at_1_diff1": 0.535986,
        "nauc_ndcg_at_3_max": -0.143031,
        "nauc_ndcg_at_3_std": 0.249725,
        "nauc_ndcg_at_3_diff1": 0.469094,
        "nauc_ndcg_at_5_max": -0.14694,
        "nauc_ndcg_at_5_std": 0.248462,
        "nauc_ndcg_at_5_diff1": 0.453847,
        "nauc_ndcg_at_10_max": -0.14028,
        "nauc_ndcg_at_10_std": 0.242041,
        "nauc_ndcg_at_10_diff1": 0.427471,
        "nauc_ndcg_at_20_max": -0.150342,
        "nauc_ndcg_at_20_std": 0.247406,
        "nauc_ndcg_at_20_diff1": 0.425156,
        "nauc_ndcg_at_100_max": -0.15478,
        "nauc_ndcg_at_100_std": 0.252098,
        "nauc_ndcg_at_100_diff1": 0.408705,
        "nauc_ndcg_at_1000_max": -0.145914,
        "nauc_ndcg_at_1000_std": 0.246814,
        "nauc_ndcg_at_1000_diff1": 0.380442,
        "nauc_map_at_1_max": -0.142801,
        "nauc_map_at_1_std": 0.287294,
        "nauc_map_at_1_diff1": 0.535986,
        "nauc_map_at_3_max": -0.142951,
        "nauc_map_at_3_std": 0.257481,
        "nauc_map_at_3_diff1": 0.483001,
        "nauc_map_at_5_max": -0.145297,
        "nauc_map_at_5_std": 0.256307,
        "nauc_map_at_5_diff1": 0.473665,
        "nauc_map_at_10_max": -0.14262,
        "nauc_map_at_10_std": 0.253224,
        "nauc_map_at_10_diff1": 0.461151,
        "nauc_map_at_20_max": -0.14558,
        "nauc_map_at_20_std": 0.254664,
        "nauc_map_at_20_diff1": 0.460024,
        "nauc_map_at_100_max": -0.146205,
        "nauc_map_at_100_std": 0.255285,
        "nauc_map_at_100_diff1": 0.457631,
        "nauc_map_at_1000_max": -0.146199,
        "nauc_map_at_1000_std": 0.255345,
        "nauc_map_at_1000_diff1": 0.456654,
        "nauc_recall_at_1_max": -0.142801,
        "nauc_recall_at_1_std": 0.287294,
        "nauc_recall_at_1_diff1": 0.535986,
        "nauc_recall_at_3_max": -0.143241,
        "nauc_recall_at_3_std": 0.230324,
        "nauc_recall_at_3_diff1": 0.434272,
        "nauc_recall_at_5_max": -0.151171,
        "nauc_recall_at_5_std": 0.230406,
        "nauc_recall_at_5_diff1": 0.406173,
        "nauc_recall_at_10_max": -0.133543,
        "nauc_recall_at_10_std": 0.217563,
        "nauc_recall_at_10_diff1": 0.350355,
        "nauc_recall_at_20_max": -0.163295,
        "nauc_recall_at_20_std": 0.235958,
        "nauc_recall_at_20_diff1": 0.35286,
        "nauc_recall_at_100_max": -0.17513,
        "nauc_recall_at_100_std": 0.253531,
        "nauc_recall_at_100_diff1": 0.312617,
        "nauc_recall_at_1000_max": -0.127728,
        "nauc_recall_at_1000_std": 0.225087,
        "nauc_recall_at_1000_diff1": 0.21453,
        "nauc_precision_at_1_max": -0.142801,
        "nauc_precision_at_1_std": 0.287294,
        "nauc_precision_at_1_diff1": 0.535986,
        "nauc_precision_at_3_max": -0.143241,
        "nauc_precision_at_3_std": 0.230324,
        "nauc_precision_at_3_diff1": 0.434272,
        "nauc_precision_at_5_max": -0.151171,
        "nauc_precision_at_5_std": 0.230406,
        "nauc_precision_at_5_diff1": 0.406173,
        "nauc_precision_at_10_max": -0.133543,
        "nauc_precision_at_10_std": 0.217563,
        "nauc_precision_at_10_diff1": 0.350355,
        "nauc_precision_at_20_max": -0.163295,
        "nauc_precision_at_20_std": 0.235958,
        "nauc_precision_at_20_diff1": 0.35286,
        "nauc_precision_at_100_max": -0.17513,
        "nauc_precision_at_100_std": 0.253531,
        "nauc_precision_at_100_diff1": 0.312617,
        "nauc_precision_at_1000_max": -0.127728,
        "nauc_precision_at_1000_std": 0.225087,
        "nauc_precision_at_1000_diff1": 0.21453,
        "nauc_mrr_at_1_max": -0.142801,
        "nauc_mrr_at_1_std": 0.287294,
        "nauc_mrr_at_1_diff1": 0.535986,
        "nauc_mrr_at_3_max": -0.142951,
        "nauc_mrr_at_3_std": 0.257481,
        "nauc_mrr_at_3_diff1": 0.483001,
        "nauc_mrr_at_5_max": -0.145297,
        "nauc_mrr_at_5_std": 0.256307,
        "nauc_mrr_at_5_diff1": 0.473665,
        "nauc_mrr_at_10_max": -0.14262,
        "nauc_mrr_at_10_std": 0.253224,
        "nauc_mrr_at_10_diff1": 0.461151,
        "nauc_mrr_at_20_max": -0.14558,
        "nauc_mrr_at_20_std": 0.254664,
        "nauc_mrr_at_20_diff1": 0.460024,
        "nauc_mrr_at_100_max": -0.146205,
        "nauc_mrr_at_100_std": 0.255285,
        "nauc_mrr_at_100_diff1": 0.457631,
        "nauc_mrr_at_1000_max": -0.146199,
        "nauc_mrr_at_1000_std": 0.255345,
        "nauc_mrr_at_1000_diff1": 0.456654,
        "main_score": 0.07988,
        "hf_subset": "default",
        "languages": [
          "eng-Latn"
        ]
      }
    ]
  },
  "evaluation_time": 42.03530812263489,
  "kg_co2_emissions": null
}