{
  "dataset_revision": "9097e99aa8c9d827189c65f2e11bfe756af439f6",
  "task_name": "TempReasonL1",
  "mteb_version": "1.34.4",
  "scores": {
    "test": [
      {
        "ndcg_at_1": 0.00075,
        "ndcg_at_3": 0.001,
        "ndcg_at_5": 0.00204,
        "ndcg_at_10": 0.00291,
        "ndcg_at_20": 0.00359,
        "ndcg_at_100": 0.00836,
        "ndcg_at_1000": 0.02651,
        "map_at_1": 0.00075,
        "map_at_3": 0.00092,
        "map_at_5": 0.0015,
        "map_at_10": 0.00185,
        "map_at_20": 0.00202,
        "map_at_100": 0.00255,
        "map_at_1000": 0.00298,
        "recall_at_1": 0.00075,
        "recall_at_3": 0.00125,
        "recall_at_5": 0.00375,
        "recall_at_10": 0.0065,
        "recall_at_20": 0.00925,
        "recall_at_100": 0.037,
        "recall_at_1000": 0.19525,
        "precision_at_1": 0.00075,
        "precision_at_3": 0.00042,
        "precision_at_5": 0.00075,
        "precision_at_10": 0.00065,
        "precision_at_20": 0.00046,
        "precision_at_100": 0.00037,
        "precision_at_1000": 0.0002,
        "mrr_at_1": 0.00075,
        "mrr_at_3": 0.001042,
        "mrr_at_5": 0.001504,
        "mrr_at_10": 0.001851,
        "mrr_at_20": 0.002042,
        "mrr_at_100": 0.002576,
        "mrr_at_1000": 0.003008,
        "nauc_ndcg_at_1_max": -0.153206,
        "nauc_ndcg_at_1_std": 1.0,
        "nauc_ndcg_at_1_diff1": 0.549235,
        "nauc_ndcg_at_3_max": -0.132546,
        "nauc_ndcg_at_3_std": 1.0,
        "nauc_ndcg_at_3_diff1": 0.49289,
        "nauc_ndcg_at_5_max": -0.070705,
        "nauc_ndcg_at_5_std": 0.740746,
        "nauc_ndcg_at_5_diff1": 0.401767,
        "nauc_ndcg_at_10_max": -0.08869,
        "nauc_ndcg_at_10_std": 0.730391,
        "nauc_ndcg_at_10_diff1": 0.403099,
        "nauc_ndcg_at_20_max": -0.133946,
        "nauc_ndcg_at_20_std": 0.747361,
        "nauc_ndcg_at_20_diff1": 0.44384,
        "nauc_ndcg_at_100_max": -0.168543,
        "nauc_ndcg_at_100_std": 0.66652,
        "nauc_ndcg_at_100_diff1": 0.437304,
        "nauc_ndcg_at_1000_max": -0.11707,
        "nauc_ndcg_at_1000_std": 0.434549,
        "nauc_ndcg_at_1000_diff1": 0.3574,
        "nauc_map_at_1_max": -0.153206,
        "nauc_map_at_1_std": 1.0,
        "nauc_map_at_1_diff1": 0.549235,
        "nauc_map_at_3_max": -0.138181,
        "nauc_map_at_3_std": 1.0,
        "nauc_map_at_3_diff1": 0.508257,
        "nauc_map_at_5_max": -0.082402,
        "nauc_map_at_5_std": 0.798275,
        "nauc_map_at_5_diff1": 0.425552,
        "nauc_map_at_10_max": -0.095455,
        "nauc_map_at_10_std": 0.783338,
        "nauc_map_at_10_diff1": 0.426442,
        "nauc_map_at_20_max": -0.114055,
        "nauc_map_at_20_std": 0.787493,
        "nauc_map_at_20_diff1": 0.441065,
        "nauc_map_at_100_max": -0.130635,
        "nauc_map_at_100_std": 0.747906,
        "nauc_map_at_100_diff1": 0.438196,
        "nauc_map_at_1000_max": -0.127102,
        "nauc_map_at_1000_std": 0.695115,
        "nauc_map_at_1000_diff1": 0.420758,
        "nauc_recall_at_1_max": -0.153206,
        "nauc_recall_at_1_std": 1.0,
        "nauc_recall_at_1_diff1": 0.549235,
        "nauc_recall_at_3_max": -0.12015,
        "nauc_recall_at_3_std": 1.0,
        "nauc_recall_at_3_diff1": 0.459082,
        "nauc_recall_at_5_max": -0.058134,
        "nauc_recall_at_5_std": 0.667329,
        "nauc_recall_at_5_diff1": 0.374331,
        "nauc_recall_at_10_max": -0.082847,
        "nauc_recall_at_10_std": 0.680079,
        "nauc_recall_at_10_diff1": 0.381014,
        "nauc_recall_at_20_max": -0.158696,
        "nauc_recall_at_20_std": 0.720368,
        "nauc_recall_at_20_diff1": 0.455391,
        "nauc_recall_at_100_max": -0.1856,
        "nauc_recall_at_100_std": 0.636683,
        "nauc_recall_at_100_diff1": 0.439784,
        "nauc_recall_at_1000_max": -0.106205,
        "nauc_recall_at_1000_std": 0.371409,
        "nauc_recall_at_1000_diff1": 0.34123,
        "nauc_precision_at_1_max": -0.153206,
        "nauc_precision_at_1_std": 1.0,
        "nauc_precision_at_1_diff1": 0.549235,
        "nauc_precision_at_3_max": -0.12015,
        "nauc_precision_at_3_std": 1.0,
        "nauc_precision_at_3_diff1": 0.459082,
        "nauc_precision_at_5_max": -0.058134,
        "nauc_precision_at_5_std": 0.667329,
        "nauc_precision_at_5_diff1": 0.374331,
        "nauc_precision_at_10_max": -0.082847,
        "nauc_precision_at_10_std": 0.680079,
        "nauc_precision_at_10_diff1": 0.381014,
        "nauc_precision_at_20_max": -0.158696,
        "nauc_precision_at_20_std": 0.720368,
        "nauc_precision_at_20_diff1": 0.455391,
        "nauc_precision_at_100_max": -0.1856,
        "nauc_precision_at_100_std": 0.636683,
        "nauc_precision_at_100_diff1": 0.439784,
        "nauc_precision_at_1000_max": -0.106205,
        "nauc_precision_at_1000_std": 0.371409,
        "nauc_precision_at_1000_diff1": 0.34123,
        "nauc_mrr_at_1_max": -0.153206,
        "nauc_mrr_at_1_std": 1.0,
        "nauc_mrr_at_1_diff1": 0.549235,
        "nauc_mrr_at_3_max": -0.001599,
        "nauc_mrr_at_3_std": 0.820048,
        "nauc_mrr_at_3_diff1": 0.378299,
        "nauc_mrr_at_5_max": -0.082402,
        "nauc_mrr_at_5_std": 0.801397,
        "nauc_mrr_at_5_diff1": 0.42243,
        "nauc_mrr_at_10_max": -0.095455,
        "nauc_mrr_at_10_std": 0.785875,
        "nauc_mrr_at_10_diff1": 0.42492,
        "nauc_mrr_at_20_max": -0.104313,
        "nauc_mrr_at_20_std": 0.77788,
        "nauc_mrr_at_20_diff1": 0.430803,
        "nauc_mrr_at_100_max": -0.119419,
        "nauc_mrr_at_100_std": 0.736625,
        "nauc_mrr_at_100_diff1": 0.427162,
        "nauc_mrr_at_1000_max": -0.117794,
        "nauc_mrr_at_1000_std": 0.686244,
        "nauc_mrr_at_1000_diff1": 0.411619,
        "main_score": 0.00291,
        "hf_subset": "default",
        "languages": [
          "eng-Latn"
        ]
      }
    ]
  },
  "evaluation_time": 26.506894826889038,
  "kg_co2_emissions": null
}