{
  "dataset_revision": "099ee143c7fdfa6bd7965be8c801cb161c313b29",
  "task_name": "TwitterHjerneRetrieval",
  "mteb_version": "1.34.4",
  "scores": {
    "train": [
      {
        "ndcg_at_1": 0.05128,
        "ndcg_at_3": 0.0335,
        "ndcg_at_5": 0.03342,
        "ndcg_at_10": 0.03797,
        "ndcg_at_20": 0.0564,
        "ndcg_at_100": 0.14364,
        "ndcg_at_1000": 0.2505,
        "map_at_1": 0.0141,
        "map_at_3": 0.01752,
        "map_at_5": 0.02019,
        "map_at_10": 0.02227,
        "map_at_20": 0.0266,
        "map_at_100": 0.03691,
        "map_at_1000": 0.0453,
        "recall_at_1": 0.0141,
        "recall_at_3": 0.02094,
        "recall_at_5": 0.03162,
        "recall_at_10": 0.03932,
        "recall_at_20": 0.08718,
        "recall_at_100": 0.43504,
        "recall_at_1000": 0.98718,
        "precision_at_1": 0.05128,
        "precision_at_3": 0.02564,
        "precision_at_5": 0.02051,
        "precision_at_10": 0.0141,
        "precision_at_20": 0.01603,
        "precision_at_100": 0.015,
        "precision_at_1000": 0.00336,
        "mrr_at_1": 0.051282,
        "mrr_at_3": 0.064103,
        "mrr_at_5": 0.070513,
        "mrr_at_10": 0.072344,
        "mrr_at_20": 0.081305,
        "mrr_at_100": 0.093816,
        "mrr_at_1000": 0.094967,
        "nauc_ndcg_at_1_max": -0.37627,
        "nauc_ndcg_at_1_std": -0.318049,
        "nauc_ndcg_at_1_diff1": 0.61437,
        "nauc_ndcg_at_3_max": -0.367756,
        "nauc_ndcg_at_3_std": -0.373963,
        "nauc_ndcg_at_3_diff1": 0.722988,
        "nauc_ndcg_at_5_max": -0.386561,
        "nauc_ndcg_at_5_std": -0.408889,
        "nauc_ndcg_at_5_diff1": 0.731702,
        "nauc_ndcg_at_10_max": -0.352373,
        "nauc_ndcg_at_10_std": -0.364763,
        "nauc_ndcg_at_10_diff1": 0.662578,
        "nauc_ndcg_at_20_max": -0.330311,
        "nauc_ndcg_at_20_std": -0.30577,
        "nauc_ndcg_at_20_diff1": 0.535236,
        "nauc_ndcg_at_100_max": -0.19754,
        "nauc_ndcg_at_100_std": -0.216583,
        "nauc_ndcg_at_100_diff1": 0.42433,
        "nauc_ndcg_at_1000_max": -0.236843,
        "nauc_ndcg_at_1000_std": -0.223922,
        "nauc_ndcg_at_1000_diff1": 0.478477,
        "nauc_map_at_1_max": -0.432348,
        "nauc_map_at_1_std": -0.390006,
        "nauc_map_at_1_diff1": 0.719542,
        "nauc_map_at_3_max": -0.414906,
        "nauc_map_at_3_std": -0.415564,
        "nauc_map_at_3_diff1": 0.774265,
        "nauc_map_at_5_max": -0.407383,
        "nauc_map_at_5_std": -0.420639,
        "nauc_map_at_5_diff1": 0.751151,
        "nauc_map_at_10_max": -0.38062,
        "nauc_map_at_10_std": -0.396763,
        "nauc_map_at_10_diff1": 0.705804,
        "nauc_map_at_20_max": -0.373746,
        "nauc_map_at_20_std": -0.369659,
        "nauc_map_at_20_diff1": 0.654771,
        "nauc_map_at_100_max": -0.332553,
        "nauc_map_at_100_std": -0.342243,
        "nauc_map_at_100_diff1": 0.609649,
        "nauc_map_at_1000_max": -0.33627,
        "nauc_map_at_1000_std": -0.339506,
        "nauc_map_at_1000_diff1": 0.611071,
        "nauc_recall_at_1_max": -0.432348,
        "nauc_recall_at_1_std": -0.390006,
        "nauc_recall_at_1_diff1": 0.719542,
        "nauc_recall_at_3_max": -0.40316,
        "nauc_recall_at_3_std": -0.432776,
        "nauc_recall_at_3_diff1": 0.81112,
        "nauc_recall_at_5_max": -0.387913,
        "nauc_recall_at_5_std": -0.439924,
        "nauc_recall_at_5_diff1": 0.739634,
        "nauc_recall_at_10_max": -0.330979,
        "nauc_recall_at_10_std": -0.359192,
        "nauc_recall_at_10_diff1": 0.622115,
        "nauc_recall_at_20_max": -0.295977,
        "nauc_recall_at_20_std": -0.253809,
        "nauc_recall_at_20_diff1": 0.405754,
        "nauc_recall_at_100_max": -0.023756,
        "nauc_recall_at_100_std": -0.080965,
        "nauc_recall_at_100_diff1": 0.203197,
        "nauc_recall_at_1000_max": 0.868908,
        "nauc_recall_at_1000_std": 0.868908,
        "nauc_recall_at_1000_diff1": -0.172498,
        "nauc_precision_at_1_max": -0.37627,
        "nauc_precision_at_1_std": -0.318049,
        "nauc_precision_at_1_diff1": 0.61437,
        "nauc_precision_at_3_max": -0.347094,
        "nauc_precision_at_3_std": -0.378929,
        "nauc_precision_at_3_diff1": 0.742913,
        "nauc_precision_at_5_max": -0.359155,
        "nauc_precision_at_5_std": -0.399834,
        "nauc_precision_at_5_diff1": 0.723752,
        "nauc_precision_at_10_max": -0.286279,
        "nauc_precision_at_10_std": -0.296324,
        "nauc_precision_at_10_diff1": 0.562459,
        "nauc_precision_at_20_max": -0.242042,
        "nauc_precision_at_20_std": -0.178045,
        "nauc_precision_at_20_diff1": 0.321064,
        "nauc_precision_at_100_max": -0.019199,
        "nauc_precision_at_100_std": -0.032807,
        "nauc_precision_at_100_diff1": 0.150877,
        "nauc_precision_at_1000_max": -0.00709,
        "nauc_precision_at_1000_std": 0.057532,
        "nauc_precision_at_1000_diff1": 0.030885,
        "nauc_mrr_at_1_max": -0.37627,
        "nauc_mrr_at_1_std": -0.318049,
        "nauc_mrr_at_1_diff1": 0.61437,
        "nauc_mrr_at_3_max": -0.358764,
        "nauc_mrr_at_3_std": -0.354577,
        "nauc_mrr_at_3_diff1": 0.691496,
        "nauc_mrr_at_5_max": -0.362089,
        "nauc_mrr_at_5_std": -0.364392,
        "nauc_mrr_at_5_diff1": 0.689202,
        "nauc_mrr_at_10_max": -0.353367,
        "nauc_mrr_at_10_std": -0.341182,
        "nauc_mrr_at_10_diff1": 0.662621,
        "nauc_mrr_at_20_max": -0.34256,
        "nauc_mrr_at_20_std": -0.324891,
        "nauc_mrr_at_20_diff1": 0.612224,
        "nauc_mrr_at_100_max": -0.332267,
        "nauc_mrr_at_100_std": -0.314451,
        "nauc_mrr_at_100_diff1": 0.611317,
        "nauc_mrr_at_1000_max": -0.334324,
        "nauc_mrr_at_1000_std": -0.317136,
        "nauc_mrr_at_1000_diff1": 0.614976,
        "main_score": 0.03797,
        "hf_subset": "default",
        "languages": [
          "dan-Latn"
        ]
      }
    ]
  },
  "evaluation_time": 0.17692112922668457,
  "kg_co2_emissions": null
}