{
  "dataset_revision": "e25c91bc31859606507a968559ab1de0f472d007",
  "task_name": "VoyageMMarcoReranking",
  "mteb_version": "1.34.4",
  "scores": {
    "test": [
      {
        "map": 0.241431,
        "mrr": 0.219271,
        "nAUC_map_max": -0.068754,
        "nAUC_map_std": -0.099909,
        "nAUC_map_diff1": 0.100914,
        "nAUC_mrr_max": -0.064666,
        "nAUC_mrr_std": -0.089807,
        "nAUC_mrr_diff1": 0.090841,
        "main_score": 0.241431,
        "hf_subset": "default",
        "languages": [
          "jpn-Jpan"
        ]
      }
    ]
  },
  "evaluation_time": 105.0538399219513,
  "kg_co2_emissions": null
}