{
  "dataset_revision": "f74c094f321077cf909ddfb8bccc1b5912a4ac28",
  "task_name": "WinoGrande",
  "mteb_version": "1.34.4",
  "scores": {
    "test": [
      {
        "ndcg_at_1": 0.00079,
        "ndcg_at_3": 0.00079,
        "ndcg_at_5": 0.00079,
        "ndcg_at_10": 0.00079,
        "ndcg_at_20": 0.00079,
        "ndcg_at_100": 0.00299,
        "ndcg_at_1000": 0.0183,
        "map_at_1": 0.00079,
        "map_at_3": 0.00079,
        "map_at_5": 0.00079,
        "map_at_10": 0.00079,
        "map_at_20": 0.00079,
        "map_at_100": 0.001,
        "map_at_1000": 0.00138,
        "recall_at_1": 0.00079,
        "recall_at_3": 0.00079,
        "recall_at_5": 0.00079,
        "recall_at_10": 0.00079,
        "recall_at_20": 0.00079,
        "recall_at_100": 0.01421,
        "recall_at_1000": 0.14601,
        "precision_at_1": 0.00079,
        "precision_at_3": 0.00026,
        "precision_at_5": 0.00016,
        "precision_at_10": 8e-05,
        "precision_at_20": 4e-05,
        "precision_at_100": 0.00014,
        "precision_at_1000": 0.00015,
        "mrr_at_1": 0.000789,
        "mrr_at_3": 0.000789,
        "mrr_at_5": 0.000789,
        "mrr_at_10": 0.000789,
        "mrr_at_20": 0.000789,
        "mrr_at_100": 0.000996,
        "mrr_at_1000": 0.001377,
        "nauc_ndcg_at_1_max": -0.574817,
        "nauc_ndcg_at_1_std": 1.0,
        "nauc_ndcg_at_1_diff1": 1.0,
        "nauc_ndcg_at_3_max": -0.574817,
        "nauc_ndcg_at_3_std": 1.0,
        "nauc_ndcg_at_3_diff1": 1.0,
        "nauc_ndcg_at_5_max": -0.574817,
        "nauc_ndcg_at_5_std": 1.0,
        "nauc_ndcg_at_5_diff1": 1.0,
        "nauc_ndcg_at_10_max": -0.574817,
        "nauc_ndcg_at_10_std": 1.0,
        "nauc_ndcg_at_10_diff1": 1.0,
        "nauc_ndcg_at_20_max": -0.574817,
        "nauc_ndcg_at_20_std": 1.0,
        "nauc_ndcg_at_20_diff1": 1.0,
        "nauc_ndcg_at_100_max": -0.020105,
        "nauc_ndcg_at_100_std": 0.126324,
        "nauc_ndcg_at_100_diff1": 0.206005,
        "nauc_ndcg_at_1000_max": 0.001303,
        "nauc_ndcg_at_1000_std": 0.013154,
        "nauc_ndcg_at_1000_diff1": 0.042524,
        "nauc_map_at_1_max": -0.574817,
        "nauc_map_at_1_std": 1.0,
        "nauc_map_at_1_diff1": 1.0,
        "nauc_map_at_3_max": -0.574817,
        "nauc_map_at_3_std": 1.0,
        "nauc_map_at_3_diff1": 1.0,
        "nauc_map_at_5_max": -0.574817,
        "nauc_map_at_5_std": 1.0,
        "nauc_map_at_5_diff1": 1.0,
        "nauc_map_at_10_max": -0.574817,
        "nauc_map_at_10_std": 1.0,
        "nauc_map_at_10_diff1": 1.0,
        "nauc_map_at_20_max": -0.574817,
        "nauc_map_at_20_std": 1.0,
        "nauc_map_at_20_diff1": 1.0,
        "nauc_map_at_100_max": -0.408172,
        "nauc_map_at_100_std": 0.752248,
        "nauc_map_at_100_diff1": 0.788151,
        "nauc_map_at_1000_max": -0.291342,
        "nauc_map_at_1000_std": 0.547544,
        "nauc_map_at_1000_diff1": 0.585736,
        "nauc_recall_at_1_max": -0.574817,
        "nauc_recall_at_1_std": 1.0,
        "nauc_recall_at_1_diff1": 1.0,
        "nauc_recall_at_3_max": -0.574817,
        "nauc_recall_at_3_std": 1.0,
        "nauc_recall_at_3_diff1": 1.0,
        "nauc_recall_at_5_max": -0.574817,
        "nauc_recall_at_5_std": 1.0,
        "nauc_recall_at_5_diff1": 1.0,
        "nauc_recall_at_10_max": -0.574817,
        "nauc_recall_at_10_std": 1.0,
        "nauc_recall_at_10_diff1": 1.0,
        "nauc_recall_at_20_max": -0.574817,
        "nauc_recall_at_20_std": 1.0,
        "nauc_recall_at_20_diff1": 1.0,
        "nauc_recall_at_100_max": 0.127083,
        "nauc_recall_at_100_std": -0.119938,
        "nauc_recall_at_100_diff1": -0.031731,
        "nauc_recall_at_1000_max": 0.015209,
        "nauc_recall_at_1000_std": -0.023383,
        "nauc_recall_at_1000_diff1": -8.6e-05,
        "nauc_precision_at_1_max": -0.574817,
        "nauc_precision_at_1_std": 1.0,
        "nauc_precision_at_1_diff1": 1.0,
        "nauc_precision_at_3_max": -0.574817,
        "nauc_precision_at_3_std": 1.0,
        "nauc_precision_at_3_diff1": 1.0,
        "nauc_precision_at_5_max": -0.574817,
        "nauc_precision_at_5_std": 1.0,
        "nauc_precision_at_5_diff1": 1.0,
        "nauc_precision_at_10_max": -0.574817,
        "nauc_precision_at_10_std": 1.0,
        "nauc_precision_at_10_diff1": 1.0,
        "nauc_precision_at_20_max": -0.574817,
        "nauc_precision_at_20_std": 1.0,
        "nauc_precision_at_20_diff1": 1.0,
        "nauc_precision_at_100_max": 0.127083,
        "nauc_precision_at_100_std": -0.119938,
        "nauc_precision_at_100_diff1": -0.031731,
        "nauc_precision_at_1000_max": 0.015209,
        "nauc_precision_at_1000_std": -0.023383,
        "nauc_precision_at_1000_diff1": -8.6e-05,
        "nauc_mrr_at_1_max": -0.574817,
        "nauc_mrr_at_1_std": 1.0,
        "nauc_mrr_at_1_diff1": 1.0,
        "nauc_mrr_at_3_max": -0.574817,
        "nauc_mrr_at_3_std": 1.0,
        "nauc_mrr_at_3_diff1": 1.0,
        "nauc_mrr_at_5_max": -0.574817,
        "nauc_mrr_at_5_std": 1.0,
        "nauc_mrr_at_5_diff1": 1.0,
        "nauc_mrr_at_10_max": -0.574817,
        "nauc_mrr_at_10_std": 1.0,
        "nauc_mrr_at_10_diff1": 1.0,
        "nauc_mrr_at_20_max": -0.574817,
        "nauc_mrr_at_20_std": 1.0,
        "nauc_mrr_at_20_diff1": 1.0,
        "nauc_mrr_at_100_max": -0.408172,
        "nauc_mrr_at_100_std": 0.752248,
        "nauc_mrr_at_100_diff1": 0.788151,
        "nauc_mrr_at_1000_max": -0.291355,
        "nauc_mrr_at_1000_std": 0.547562,
        "nauc_mrr_at_1000_diff1": 0.585724,
        "main_score": 0.00079,
        "hf_subset": "default",
        "languages": [
          "eng-Latn"
        ]
      }
    ]
  },
  "evaluation_time": 1.3281819820404053,
  "kg_co2_emissions": null
}