{
  "dataset_revision": "c22ab2a51041ffd869aaddef7af8d8215647e41a",
  "task_name": "ArguAna",
  "mteb_version": "1.34.4",
  "scores": {
    "test": [
      {
        "ndcg_at_1": 0.09886,
        "ndcg_at_3": 0.1647,
        "ndcg_at_5": 0.18536,
        "ndcg_at_10": 0.20953,
        "ndcg_at_20": 0.22584,
        "ndcg_at_100": 0.25504,
        "ndcg_at_1000": 0.28386,
        "map_at_1": 0.09886,
        "map_at_3": 0.14817,
        "map_at_5": 0.15955,
        "map_at_10": 0.16954,
        "map_at_20": 0.17408,
        "map_at_100": 0.17807,
        "map_at_1000": 0.17899,
        "recall_at_1": 0.09886,
        "recall_at_3": 0.21266,
        "recall_at_5": 0.26316,
        "recall_at_10": 0.33784,
        "recall_at_20": 0.40185,
        "recall_at_100": 0.55974,
        "recall_at_1000": 0.79659,
        "precision_at_1": 0.09886,
        "precision_at_3": 0.07089,
        "precision_at_5": 0.05263,
        "precision_at_10": 0.03378,
        "precision_at_20": 0.02009,
        "precision_at_100": 0.0056,
        "precision_at_1000": 0.0008,
        "mrr_at_1": 0.102418,
        "mrr_at_3": 0.149123,
        "mrr_at_5": 0.161143,
        "mrr_at_10": 0.171064,
        "mrr_at_20": 0.175538,
        "mrr_at_100": 0.179528,
        "mrr_at_1000": 0.180447,
        "nauc_ndcg_at_1_max": -0.027666,
        "nauc_ndcg_at_1_std": 0.087381,
        "nauc_ndcg_at_1_diff1": 0.154749,
        "nauc_ndcg_at_3_max": 0.022013,
        "nauc_ndcg_at_3_std": 0.084607,
        "nauc_ndcg_at_3_diff1": 0.146398,
        "nauc_ndcg_at_5_max": 0.02222,
        "nauc_ndcg_at_5_std": 0.092257,
        "nauc_ndcg_at_5_diff1": 0.141708,
        "nauc_ndcg_at_10_max": 0.039665,
        "nauc_ndcg_at_10_std": 0.104078,
        "nauc_ndcg_at_10_diff1": 0.151942,
        "nauc_ndcg_at_20_max": 0.035307,
        "nauc_ndcg_at_20_std": 0.10651,
        "nauc_ndcg_at_20_diff1": 0.14242,
        "nauc_ndcg_at_100_max": 0.050037,
        "nauc_ndcg_at_100_std": 0.127106,
        "nauc_ndcg_at_100_diff1": 0.156393,
        "nauc_ndcg_at_1000_max": 0.050984,
        "nauc_ndcg_at_1000_std": 0.117251,
        "nauc_ndcg_at_1000_diff1": 0.153179,
        "nauc_map_at_1_max": -0.027666,
        "nauc_map_at_1_std": 0.087381,
        "nauc_map_at_1_diff1": 0.154749,
        "nauc_map_at_3_max": 0.011584,
        "nauc_map_at_3_std": 0.083974,
        "nauc_map_at_3_diff1": 0.144014,
        "nauc_map_at_5_max": 0.012386,
        "nauc_map_at_5_std": 0.088846,
        "nauc_map_at_5_diff1": 0.141674,
        "nauc_map_at_10_max": 0.020033,
        "nauc_map_at_10_std": 0.094756,
        "nauc_map_at_10_diff1": 0.146131,
        "nauc_map_at_20_max": 0.018908,
        "nauc_map_at_20_std": 0.095513,
        "nauc_map_at_20_diff1": 0.143265,
        "nauc_map_at_100_max": 0.020838,
        "nauc_map_at_100_std": 0.098338,
        "nauc_map_at_100_diff1": 0.144965,
        "nauc_map_at_1000_max": 0.020838,
        "nauc_map_at_1000_std": 0.098086,
        "nauc_map_at_1000_diff1": 0.144927,
        "nauc_recall_at_1_max": -0.027666,
        "nauc_recall_at_1_std": 0.087381,
        "nauc_recall_at_1_diff1": 0.154749,
        "nauc_recall_at_3_max": 0.045453,
        "nauc_recall_at_3_std": 0.086366,
        "nauc_recall_at_3_diff1": 0.152894,
        "nauc_recall_at_5_max": 0.04264,
        "nauc_recall_at_5_std": 0.100298,
        "nauc_recall_at_5_diff1": 0.141993,
        "nauc_recall_at_10_max": 0.083714,
        "nauc_recall_at_10_std": 0.125798,
        "nauc_recall_at_10_diff1": 0.166713,
        "nauc_recall_at_20_max": 0.068839,
        "nauc_recall_at_20_std": 0.132461,
        "nauc_recall_at_20_diff1": 0.138114,
        "nauc_recall_at_100_max": 0.138847,
        "nauc_recall_at_100_std": 0.225995,
        "nauc_recall_at_100_diff1": 0.202838,
        "nauc_recall_at_1000_max": 0.213651,
        "nauc_recall_at_1000_std": 0.184662,
        "nauc_recall_at_1000_diff1": 0.194419,
        "nauc_precision_at_1_max": -0.027666,
        "nauc_precision_at_1_std": 0.087381,
        "nauc_precision_at_1_diff1": 0.154749,
        "nauc_precision_at_3_max": 0.045453,
        "nauc_precision_at_3_std": 0.086366,
        "nauc_precision_at_3_diff1": 0.152894,
        "nauc_precision_at_5_max": 0.04264,
        "nauc_precision_at_5_std": 0.100298,
        "nauc_precision_at_5_diff1": 0.141993,
        "nauc_precision_at_10_max": 0.083714,
        "nauc_precision_at_10_std": 0.125798,
        "nauc_precision_at_10_diff1": 0.166713,
        "nauc_precision_at_20_max": 0.068839,
        "nauc_precision_at_20_std": 0.132461,
        "nauc_precision_at_20_diff1": 0.138114,
        "nauc_precision_at_100_max": 0.138847,
        "nauc_precision_at_100_std": 0.225995,
        "nauc_precision_at_100_diff1": 0.202838,
        "nauc_precision_at_1000_max": 0.213651,
        "nauc_precision_at_1000_std": 0.184662,
        "nauc_precision_at_1000_diff1": 0.194419,
        "nauc_mrr_at_1_max": -0.023096,
        "nauc_mrr_at_1_std": 0.074716,
        "nauc_mrr_at_1_diff1": 0.130321,
        "nauc_mrr_at_3_max": 0.002319,
        "nauc_mrr_at_3_std": 0.079022,
        "nauc_mrr_at_3_diff1": 0.122874,
        "nauc_mrr_at_5_max": 0.007789,
        "nauc_mrr_at_5_std": 0.085034,
        "nauc_mrr_at_5_diff1": 0.126823,
        "nauc_mrr_at_10_max": 0.015923,
        "nauc_mrr_at_10_std": 0.09009,
        "nauc_mrr_at_10_diff1": 0.130728,
        "nauc_mrr_at_20_max": 0.014435,
        "nauc_mrr_at_20_std": 0.091079,
        "nauc_mrr_at_20_diff1": 0.128166,
        "nauc_mrr_at_100_max": 0.016322,
        "nauc_mrr_at_100_std": 0.093862,
        "nauc_mrr_at_100_diff1": 0.129797,
        "nauc_mrr_at_1000_max": 0.016313,
        "nauc_mrr_at_1000_std": 0.093604,
        "nauc_mrr_at_1000_diff1": 0.12973,
        "main_score": 0.20953,
        "hf_subset": "default",
        "languages": [
          "eng-Latn"
        ]
      }
    ]
  },
  "evaluation_time": 3.9086148738861084,
  "kg_co2_emissions": null
}