{
  "dataset_revision": "3d3d27aa7af8941408cefc3991ada5d12a4273d1",
  "task_name": "SNLHierarchicalClusteringP2P",
  "mteb_version": "1.34.4",
  "scores": {
    "test": [
      {
        "v_measures": {
          "Level 0": [
            0.277054,
            0.258225,
            0.267316,
            0.256196,
            0.277245,
            0.26935,
            0.264942,
            0.247962,
            0.255499,
            0.274135
          ],
          "Level 1": [
            0.519355,
            0.536937,
            0.523262,
            0.536218,
            0.533108,
            0.521714,
            0.516799,
            0.536043,
            0.523292,
            0.526832
          ],
          "Level 2": [
            0.645549,
            0.648418,
            0.655612,
            0.640337,
            0.643882,
            0.647266,
            0.650856,
            0.640038,
            0.650736,
            0.635155
          ],
          "Level 3": [
            0.684411,
            0.684595,
            0.68971,
            0.691416,
            0.682647,
            0.693762,
            0.694775,
            0.702255,
            0.691337,
            0.70194
          ],
          "Level 4": [
            0.380371,
            0.350266,
            0.368606,
            0.368452,
            0.346447,
            0.363542,
            0.374166,
            0.365951,
            0.368948,
            0.370899
          ]
        },
        "v_measure": 0.499077,
        "v_measure_std": 0.162724,
        "main_score": 0.499077,
        "hf_subset": "default",
        "languages": [
          "nob-Latn"
        ]
      }
    ]
  },
  "evaluation_time": 23.26588487625122,
  "kg_co2_emissions": null
}