{
  "dataset_revision": "9ab3ca3ccdd0d43f9cd6d346a363935d127f4f45",
  "task_name": "SpartQA",
  "mteb_version": "1.34.4",
  "scores": {
    "test": [
      {
        "ndcg_at_1": 0.04841,
        "ndcg_at_3": 0.06919,
        "ndcg_at_5": 0.0884,
        "ndcg_at_10": 0.11252,
        "ndcg_at_20": 0.12962,
        "ndcg_at_100": 0.15273,
        "ndcg_at_1000": 0.1779,
        "map_at_1": 0.03079,
        "map_at_3": 0.05586,
        "map_at_5": 0.0665,
        "map_at_10": 0.07639,
        "map_at_20": 0.08111,
        "map_at_100": 0.08412,
        "map_at_1000": 0.08482,
        "recall_at_1": 0.03079,
        "recall_at_3": 0.08737,
        "recall_at_5": 0.12966,
        "recall_at_10": 0.19802,
        "recall_at_20": 0.25756,
        "recall_at_100": 0.3644,
        "recall_at_1000": 0.54916,
        "precision_at_1": 0.04841,
        "precision_at_3": 0.04526,
        "precision_at_5": 0.04007,
        "precision_at_10": 0.02986,
        "precision_at_20": 0.01971,
        "precision_at_100": 0.00596,
        "precision_at_1000": 0.00093,
        "mrr_at_1": 0.048414,
        "mrr_at_3": 0.076516,
        "mrr_at_5": 0.088022,
        "mrr_at_10": 0.099017,
        "mrr_at_20": 0.104515,
        "mrr_at_100": 0.108227,
        "mrr_at_1000": 0.108909,
        "nauc_ndcg_at_1_max": 0.348131,
        "nauc_ndcg_at_1_std": 0.312862,
        "nauc_ndcg_at_1_diff1": 0.144882,
        "nauc_ndcg_at_3_max": 0.499749,
        "nauc_ndcg_at_3_std": 0.316901,
        "nauc_ndcg_at_3_diff1": 0.027462,
        "nauc_ndcg_at_5_max": 0.534264,
        "nauc_ndcg_at_5_std": 0.32136,
        "nauc_ndcg_at_5_diff1": 0.030055,
        "nauc_ndcg_at_10_max": 0.53902,
        "nauc_ndcg_at_10_std": 0.344003,
        "nauc_ndcg_at_10_diff1": 0.01396,
        "nauc_ndcg_at_20_max": 0.516824,
        "nauc_ndcg_at_20_std": 0.384905,
        "nauc_ndcg_at_20_diff1": 0.014967,
        "nauc_ndcg_at_100_max": 0.467654,
        "nauc_ndcg_at_100_std": 0.386883,
        "nauc_ndcg_at_100_diff1": 0.021177,
        "nauc_ndcg_at_1000_max": 0.434363,
        "nauc_ndcg_at_1000_std": 0.428093,
        "nauc_ndcg_at_1000_diff1": 0.038535,
        "nauc_map_at_1_max": 0.506645,
        "nauc_map_at_1_std": 0.286977,
        "nauc_map_at_1_diff1": 0.078059,
        "nauc_map_at_3_max": 0.513231,
        "nauc_map_at_3_std": 0.309369,
        "nauc_map_at_3_diff1": 0.031285,
        "nauc_map_at_5_max": 0.536328,
        "nauc_map_at_5_std": 0.315837,
        "nauc_map_at_5_diff1": 0.031702,
        "nauc_map_at_10_max": 0.539358,
        "nauc_map_at_10_std": 0.329326,
        "nauc_map_at_10_diff1": 0.024198,
        "nauc_map_at_20_max": 0.531806,
        "nauc_map_at_20_std": 0.345839,
        "nauc_map_at_20_diff1": 0.023932,
        "nauc_map_at_100_max": 0.523164,
        "nauc_map_at_100_std": 0.348113,
        "nauc_map_at_100_diff1": 0.024441,
        "nauc_map_at_1000_max": 0.521107,
        "nauc_map_at_1000_std": 0.35065,
        "nauc_map_at_1000_diff1": 0.025827,
        "nauc_recall_at_1_max": 0.506645,
        "nauc_recall_at_1_std": 0.286977,
        "nauc_recall_at_1_diff1": 0.078059,
        "nauc_recall_at_3_max": 0.546157,
        "nauc_recall_at_3_std": 0.312937,
        "nauc_recall_at_3_diff1": -0.012238,
        "nauc_recall_at_5_max": 0.579531,
        "nauc_recall_at_5_std": 0.303063,
        "nauc_recall_at_5_diff1": 0.007933,
        "nauc_recall_at_10_max": 0.568596,
        "nauc_recall_at_10_std": 0.337931,
        "nauc_recall_at_10_diff1": -0.016692,
        "nauc_recall_at_20_max": 0.510609,
        "nauc_recall_at_20_std": 0.402674,
        "nauc_recall_at_20_diff1": -0.012021,
        "nauc_recall_at_100_max": 0.382236,
        "nauc_recall_at_100_std": 0.387006,
        "nauc_recall_at_100_diff1": 0.003155,
        "nauc_recall_at_1000_max": 0.220233,
        "nauc_recall_at_1000_std": 0.509972,
        "nauc_recall_at_1000_diff1": 0.054589,
        "nauc_precision_at_1_max": 0.348131,
        "nauc_precision_at_1_std": 0.312862,
        "nauc_precision_at_1_diff1": 0.144882,
        "nauc_precision_at_3_max": 0.423771,
        "nauc_precision_at_3_std": 0.354609,
        "nauc_precision_at_3_diff1": 0.045935,
        "nauc_precision_at_5_max": 0.457519,
        "nauc_precision_at_5_std": 0.359004,
        "nauc_precision_at_5_diff1": 0.033943,
        "nauc_precision_at_10_max": 0.464681,
        "nauc_precision_at_10_std": 0.387703,
        "nauc_precision_at_10_diff1": 0.011905,
        "nauc_precision_at_20_max": 0.397403,
        "nauc_precision_at_20_std": 0.461798,
        "nauc_precision_at_20_diff1": 0.009075,
        "nauc_precision_at_100_max": 0.200208,
        "nauc_precision_at_100_std": 0.425485,
        "nauc_precision_at_100_diff1": 0.038727,
        "nauc_precision_at_1000_max": -0.028958,
        "nauc_precision_at_1000_std": 0.455076,
        "nauc_precision_at_1000_diff1": 0.09097,
        "nauc_mrr_at_1_max": 0.348131,
        "nauc_mrr_at_1_std": 0.312862,
        "nauc_mrr_at_1_diff1": 0.144882,
        "nauc_mrr_at_3_max": 0.422388,
        "nauc_mrr_at_3_std": 0.325481,
        "nauc_mrr_at_3_diff1": 0.070503,
        "nauc_mrr_at_5_max": 0.445934,
        "nauc_mrr_at_5_std": 0.325316,
        "nauc_mrr_at_5_diff1": 0.066679,
        "nauc_mrr_at_10_max": 0.452433,
        "nauc_mrr_at_10_std": 0.335609,
        "nauc_mrr_at_10_diff1": 0.05361,
        "nauc_mrr_at_20_max": 0.443243,
        "nauc_mrr_at_20_std": 0.350596,
        "nauc_mrr_at_20_diff1": 0.056402,
        "nauc_mrr_at_100_max": 0.435341,
        "nauc_mrr_at_100_std": 0.349931,
        "nauc_mrr_at_100_diff1": 0.057173,
        "nauc_mrr_at_1000_max": 0.4342,
        "nauc_mrr_at_1000_std": 0.351282,
        "nauc_mrr_at_1000_diff1": 0.057955,
        "main_score": 0.11252,
        "hf_subset": "default",
        "languages": [
          "eng-Latn"
        ]
      }
    ]
  },
  "evaluation_time": 3.5286858081817627,
  "kg_co2_emissions": null
}