{
  "dataset_revision": "db8f169f3894c14a00251061f957b2063eef2bd5",
  "task_name": "StackOverflowQA",
  "mteb_version": "1.34.4",
  "scores": {
    "test": [
      {
        "ndcg_at_1": 0.25025,
        "ndcg_at_3": 0.27719,
        "ndcg_at_5": 0.28546,
        "ndcg_at_10": 0.29348,
        "ndcg_at_20": 0.30044,
        "ndcg_at_100": 0.31482,
        "ndcg_at_1000": 0.3334,
        "map_at_1": 0.25025,
        "map_at_3": 0.27056,
        "map_at_5": 0.27515,
        "map_at_10": 0.2785,
        "map_at_20": 0.2804,
        "map_at_100": 0.28224,
        "map_at_1000": 0.28278,
        "recall_at_1": 0.25025,
        "recall_at_3": 0.29639,
        "recall_at_5": 0.31645,
        "recall_at_10": 0.34102,
        "recall_at_20": 0.36861,
        "recall_at_100": 0.44835,
        "recall_at_1000": 0.60431,
        "precision_at_1": 0.25025,
        "precision_at_3": 0.0988,
        "precision_at_5": 0.06329,
        "precision_at_10": 0.0341,
        "precision_at_20": 0.01843,
        "precision_at_100": 0.00448,
        "precision_at_1000": 0.0006,
        "mrr_at_1": 0.250251,
        "mrr_at_3": 0.270562,
        "mrr_at_5": 0.27515,
        "mrr_at_10": 0.278502,
        "mrr_at_20": 0.280402,
        "mrr_at_100": 0.282241,
        "mrr_at_1000": 0.28278,
        "nauc_ndcg_at_1_max": 0.473489,
        "nauc_ndcg_at_1_std": 0.083848,
        "nauc_ndcg_at_1_diff1": 0.740855,
        "nauc_ndcg_at_3_max": 0.439735,
        "nauc_ndcg_at_3_std": 0.077121,
        "nauc_ndcg_at_3_diff1": 0.679329,
        "nauc_ndcg_at_5_max": 0.432052,
        "nauc_ndcg_at_5_std": 0.086566,
        "nauc_ndcg_at_5_diff1": 0.671508,
        "nauc_ndcg_at_10_max": 0.424649,
        "nauc_ndcg_at_10_std": 0.09334,
        "nauc_ndcg_at_10_diff1": 0.666336,
        "nauc_ndcg_at_20_max": 0.424873,
        "nauc_ndcg_at_20_std": 0.09765,
        "nauc_ndcg_at_20_diff1": 0.659255,
        "nauc_ndcg_at_100_max": 0.410071,
        "nauc_ndcg_at_100_std": 0.09935,
        "nauc_ndcg_at_100_diff1": 0.647204,
        "nauc_ndcg_at_1000_max": 0.404284,
        "nauc_ndcg_at_1000_std": 0.096534,
        "nauc_ndcg_at_1000_diff1": 0.636809,
        "nauc_map_at_1_max": 0.473489,
        "nauc_map_at_1_std": 0.083848,
        "nauc_map_at_1_diff1": 0.740855,
        "nauc_map_at_3_max": 0.448004,
        "nauc_map_at_3_std": 0.078411,
        "nauc_map_at_3_diff1": 0.69393,
        "nauc_map_at_5_max": 0.443583,
        "nauc_map_at_5_std": 0.083963,
        "nauc_map_at_5_diff1": 0.689487,
        "nauc_map_at_10_max": 0.440275,
        "nauc_map_at_10_std": 0.086978,
        "nauc_map_at_10_diff1": 0.687278,
        "nauc_map_at_20_max": 0.440367,
        "nauc_map_at_20_std": 0.088176,
        "nauc_map_at_20_diff1": 0.685307,
        "nauc_map_at_100_max": 0.438247,
        "nauc_map_at_100_std": 0.088257,
        "nauc_map_at_100_diff1": 0.683613,
        "nauc_map_at_1000_max": 0.437998,
        "nauc_map_at_1000_std": 0.088161,
        "nauc_map_at_1000_diff1": 0.683213,
        "nauc_recall_at_1_max": 0.473489,
        "nauc_recall_at_1_std": 0.083848,
        "nauc_recall_at_1_diff1": 0.740855,
        "nauc_recall_at_3_max": 0.416721,
        "nauc_recall_at_3_std": 0.073662,
        "nauc_recall_at_3_diff1": 0.638867,
        "nauc_recall_at_5_max": 0.399391,
        "nauc_recall_at_5_std": 0.094796,
        "nauc_recall_at_5_diff1": 0.621151,
        "nauc_recall_at_10_max": 0.378873,
        "nauc_recall_at_10_std": 0.11381,
        "nauc_recall_at_10_diff1": 0.606578,
        "nauc_recall_at_20_max": 0.380022,
        "nauc_recall_at_20_std": 0.129754,
        "nauc_recall_at_20_diff1": 0.580744,
        "nauc_recall_at_100_max": 0.305213,
        "nauc_recall_at_100_std": 0.14068,
        "nauc_recall_at_100_diff1": 0.51893,
        "nauc_recall_at_1000_max": 0.244732,
        "nauc_recall_at_1000_std": 0.122047,
        "nauc_recall_at_1000_diff1": 0.4145,
        "nauc_precision_at_1_max": 0.473489,
        "nauc_precision_at_1_std": 0.083848,
        "nauc_precision_at_1_diff1": 0.740855,
        "nauc_precision_at_3_max": 0.416721,
        "nauc_precision_at_3_std": 0.073662,
        "nauc_precision_at_3_diff1": 0.638867,
        "nauc_precision_at_5_max": 0.399391,
        "nauc_precision_at_5_std": 0.094796,
        "nauc_precision_at_5_diff1": 0.621151,
        "nauc_precision_at_10_max": 0.378873,
        "nauc_precision_at_10_std": 0.11381,
        "nauc_precision_at_10_diff1": 0.606578,
        "nauc_precision_at_20_max": 0.380022,
        "nauc_precision_at_20_std": 0.129754,
        "nauc_precision_at_20_diff1": 0.580744,
        "nauc_precision_at_100_max": 0.305213,
        "nauc_precision_at_100_std": 0.14068,
        "nauc_precision_at_100_diff1": 0.51893,
        "nauc_precision_at_1000_max": 0.244732,
        "nauc_precision_at_1000_std": 0.122047,
        "nauc_precision_at_1000_diff1": 0.4145,
        "nauc_mrr_at_1_max": 0.473489,
        "nauc_mrr_at_1_std": 0.083848,
        "nauc_mrr_at_1_diff1": 0.740855,
        "nauc_mrr_at_3_max": 0.448004,
        "nauc_mrr_at_3_std": 0.078411,
        "nauc_mrr_at_3_diff1": 0.69393,
        "nauc_mrr_at_5_max": 0.443583,
        "nauc_mrr_at_5_std": 0.083963,
        "nauc_mrr_at_5_diff1": 0.689487,
        "nauc_mrr_at_10_max": 0.440275,
        "nauc_mrr_at_10_std": 0.086978,
        "nauc_mrr_at_10_diff1": 0.687278,
        "nauc_mrr_at_20_max": 0.440367,
        "nauc_mrr_at_20_std": 0.088176,
        "nauc_mrr_at_20_diff1": 0.685307,
        "nauc_mrr_at_100_max": 0.438247,
        "nauc_mrr_at_100_std": 0.088257,
        "nauc_mrr_at_100_diff1": 0.683613,
        "nauc_mrr_at_1000_max": 0.437998,
        "nauc_mrr_at_1000_std": 0.088161,
        "nauc_mrr_at_1000_diff1": 0.683213,
        "main_score": 0.29348,
        "hf_subset": "default",
        "languages": [
          "eng-Latn"
        ]
      }
    ]
  },
  "evaluation_time": 94.8815689086914,
  "kg_co2_emissions": null
}