{
  "dataset_revision": "a0d554a64d88156834ff5ae9920b964011b16384",
  "task_name": "STS12",
  "mteb_version": "1.34.4",
  "scores": {
    "test": [
      {
        "pearson": 0.649285,
        "spearman": 0.617858,
        "cosine_pearson": 0.649285,
        "cosine_spearman": 0.617858,
        "manhattan_pearson": 0.526164,
        "manhattan_spearman": 0.504967,
        "euclidean_pearson": 0.512525,
        "euclidean_spearman": 0.503326,
        "main_score": 0.617858,
        "hf_subset": "default",
        "languages": [
          "eng-Latn"
        ]
      }
    ]
  },
  "evaluation_time": 0.23824620246887207,
  "kg_co2_emissions": null
}