{
  "dataset_revision": "8b6510b0b1fa4e4c4f879467980e9be563ec1cdf",
  "task_name": "TwitterURLCorpus",
  "mteb_version": "1.34.4",
  "scores": {
    "test": [
      {
        "similarity_accuracy": 0.836322,
        "similarity_accuracy_threshold": 0.635344,
        "similarity_f1": 0.644466,
        "similarity_f1_threshold": 0.582079,
        "similarity_precision": 0.658472,
        "similarity_recall": 0.631044,
        "similarity_ap": 0.716882,
        "cosine_accuracy": 0.836322,
        "cosine_accuracy_threshold": 0.635344,
        "cosine_f1": 0.644466,
        "cosine_f1_threshold": 0.582079,
        "cosine_precision": 0.658472,
        "cosine_recall": 0.631044,
        "cosine_ap": 0.716882,
        "manhattan_accuracy": 0.822292,
        "manhattan_accuracy_threshold": 410.255134,
        "manhattan_f1": 0.602083,
        "manhattan_f1_threshold": 474.409923,
        "manhattan_precision": 0.58439,
        "manhattan_recall": 0.620881,
        "manhattan_ap": 0.670185,
        "euclidean_accuracy": 0.808786,
        "euclidean_accuracy_threshold": 35.650128,
        "euclidean_f1": 0.554681,
        "euclidean_f1_threshold": 42.804838,
        "euclidean_precision": 0.556011,
        "euclidean_recall": 0.553357,
        "euclidean_ap": 0.622359,
        "dot_accuracy": 0.813385,
        "dot_accuracy_threshold": 1481.594861,
        "dot_f1": 0.616188,
        "dot_f1_threshold": 1161.427786,
        "dot_precision": 0.544884,
        "dot_recall": 0.708962,
        "dot_ap": 0.648192,
        "max_accuracy": 0.836322,
        "max_f1": 0.644466,
        "max_precision": 0.658472,
        "max_recall": 0.708962,
        "max_ap": 0.716882,
        "main_score": 0.716882,
        "hf_subset": "default",
        "languages": [
          "eng-Latn"
        ]
      }
    ]
  },
  "evaluation_time": 207.28247690200806,
  "kg_co2_emissions": null
}