{
  "dataset_revision": "ebfcd844eadd3d667efa3c57fc5c8c87f5c2867e",
  "task_name": "AILAStatutes",
  "mteb_version": "1.34.4",
  "scores": {
    "test": [
      {
        "ndcg_at_1": 0.12,
        "ndcg_at_3": 0.10469,
        "ndcg_at_5": 0.10491,
        "ndcg_at_10": 0.12985,
        "ndcg_at_20": 0.17788,
        "ndcg_at_100": 0.38478,
        "ndcg_at_1000": 0.38478,
        "map_at_1": 0.02867,
        "map_at_3": 0.04717,
        "map_at_5": 0.05735,
        "map_at_10": 0.06687,
        "map_at_20": 0.07908,
        "map_at_100": 0.12344,
        "map_at_1000": 0.12344,
        "recall_at_1": 0.02867,
        "recall_at_3": 0.06767,
        "recall_at_5": 0.10633,
        "recall_at_10": 0.15533,
        "recall_at_20": 0.27333,
        "recall_at_100": 1.0,
        "recall_at_1000": 1.0,
        "precision_at_1": 0.12,
        "precision_at_3": 0.1,
        "precision_at_5": 0.088,
        "precision_at_10": 0.064,
        "precision_at_20": 0.057,
        "precision_at_100": 0.0434,
        "precision_at_1000": 0.00434,
        "mrr_at_1": 0.12,
        "mrr_at_3": 0.186667,
        "mrr_at_5": 0.207667,
        "mrr_at_10": 0.225214,
        "mrr_at_20": 0.245455,
        "mrr_at_100": 0.252125,
        "mrr_at_1000": 0.252125,
        "nauc_ndcg_at_1_max": -0.187139,
        "nauc_ndcg_at_1_std": -0.312198,
        "nauc_ndcg_at_1_diff1": -0.111885,
        "nauc_ndcg_at_3_max": -0.060787,
        "nauc_ndcg_at_3_std": -0.159069,
        "nauc_ndcg_at_3_diff1": -0.071534,
        "nauc_ndcg_at_5_max": -0.046789,
        "nauc_ndcg_at_5_std": -0.133753,
        "nauc_ndcg_at_5_diff1": -0.037087,
        "nauc_ndcg_at_10_max": 0.016045,
        "nauc_ndcg_at_10_std": -0.126427,
        "nauc_ndcg_at_10_diff1": -0.120899,
        "nauc_ndcg_at_20_max": 0.052677,
        "nauc_ndcg_at_20_std": 0.065608,
        "nauc_ndcg_at_20_diff1": 0.041887,
        "nauc_ndcg_at_100_max": -0.045253,
        "nauc_ndcg_at_100_std": -0.080221,
        "nauc_ndcg_at_100_diff1": -0.089108,
        "nauc_ndcg_at_1000_max": -0.045253,
        "nauc_ndcg_at_1000_std": -0.080221,
        "nauc_ndcg_at_1000_diff1": -0.089108,
        "nauc_map_at_1_max": -0.221721,
        "nauc_map_at_1_std": -0.321033,
        "nauc_map_at_1_diff1": -0.147979,
        "nauc_map_at_3_max": -0.067502,
        "nauc_map_at_3_std": -0.146079,
        "nauc_map_at_3_diff1": -0.110085,
        "nauc_map_at_5_max": -0.041876,
        "nauc_map_at_5_std": -0.125016,
        "nauc_map_at_5_diff1": -0.065385,
        "nauc_map_at_10_max": 0.006778,
        "nauc_map_at_10_std": -0.108433,
        "nauc_map_at_10_diff1": -0.126931,
        "nauc_map_at_20_max": 0.023761,
        "nauc_map_at_20_std": -0.026556,
        "nauc_map_at_20_diff1": -0.056702,
        "nauc_map_at_100_max": 0.015447,
        "nauc_map_at_100_std": -0.031664,
        "nauc_map_at_100_diff1": -0.092641,
        "nauc_map_at_1000_max": 0.015447,
        "nauc_map_at_1000_std": -0.031664,
        "nauc_map_at_1000_diff1": -0.092641,
        "nauc_recall_at_1_max": -0.221721,
        "nauc_recall_at_1_std": -0.321033,
        "nauc_recall_at_1_diff1": -0.147979,
        "nauc_recall_at_3_max": -0.055939,
        "nauc_recall_at_3_std": -0.07205,
        "nauc_recall_at_3_diff1": -0.118338,
        "nauc_recall_at_5_max": 0.03001,
        "nauc_recall_at_5_std": -0.041948,
        "nauc_recall_at_5_diff1": 0.020706,
        "nauc_recall_at_10_max": 0.13743,
        "nauc_recall_at_10_std": -0.016156,
        "nauc_recall_at_10_diff1": -0.126525,
        "nauc_recall_at_20_max": 0.225689,
        "nauc_recall_at_20_std": 0.368928,
        "nauc_recall_at_20_diff1": 0.222426,
        "nauc_recall_at_100_max": NaN,
        "nauc_recall_at_100_std": NaN,
        "nauc_recall_at_100_diff1": NaN,
        "nauc_recall_at_1000_max": NaN,
        "nauc_recall_at_1000_std": NaN,
        "nauc_recall_at_1000_diff1": NaN,
        "nauc_precision_at_1_max": -0.187139,
        "nauc_precision_at_1_std": -0.312198,
        "nauc_precision_at_1_diff1": -0.111885,
        "nauc_precision_at_3_max": -0.014725,
        "nauc_precision_at_3_std": -0.090702,
        "nauc_precision_at_3_diff1": -0.076382,
        "nauc_precision_at_5_max": 0.032404,
        "nauc_precision_at_5_std": -0.046683,
        "nauc_precision_at_5_diff1": -0.019958,
        "nauc_precision_at_10_max": 0.126539,
        "nauc_precision_at_10_std": -0.039208,
        "nauc_precision_at_10_diff1": -0.194756,
        "nauc_precision_at_20_max": 0.148886,
        "nauc_precision_at_20_std": 0.325456,
        "nauc_precision_at_20_diff1": 0.098459,
        "nauc_precision_at_100_max": -0.25435,
        "nauc_precision_at_100_std": -0.194343,
        "nauc_precision_at_100_diff1": -0.404566,
        "nauc_precision_at_1000_max": -0.25435,
        "nauc_precision_at_1000_std": -0.194343,
        "nauc_precision_at_1000_diff1": -0.404566,
        "nauc_mrr_at_1_max": -0.187139,
        "nauc_mrr_at_1_std": -0.312198,
        "nauc_mrr_at_1_diff1": -0.111885,
        "nauc_mrr_at_3_max": -0.155168,
        "nauc_mrr_at_3_std": -0.24757,
        "nauc_mrr_at_3_diff1": -0.070428,
        "nauc_mrr_at_5_max": -0.13788,
        "nauc_mrr_at_5_std": -0.242909,
        "nauc_mrr_at_5_diff1": -0.041361,
        "nauc_mrr_at_10_max": -0.124308,
        "nauc_mrr_at_10_std": -0.249238,
        "nauc_mrr_at_10_diff1": -0.060148,
        "nauc_mrr_at_20_max": -0.123465,
        "nauc_mrr_at_20_std": -0.212546,
        "nauc_mrr_at_20_diff1": -0.01832,
        "nauc_mrr_at_100_max": -0.131066,
        "nauc_mrr_at_100_std": -0.226617,
        "nauc_mrr_at_100_diff1": -0.029156,
        "nauc_mrr_at_1000_max": -0.131066,
        "nauc_mrr_at_1000_std": -0.226617,
        "nauc_mrr_at_1000_diff1": -0.029156,
        "main_score": 0.12985,
        "hf_subset": "default",
        "languages": [
          "eng-Latn"
        ]
      }
    ]
  },
  "evaluation_time": 0.10412478446960449,
  "kg_co2_emissions": null
}