{
  "dataset_revision": "c22ab2a51041ffd869aaddef7af8d8215647e41a",
  "task_name": "ArguAna",
  "mteb_version": "1.34.4",
  "scores": {
    "test": [
      {
        "ndcg_at_1": 0.0889,
        "ndcg_at_3": 0.14374,
        "ndcg_at_5": 0.16333,
        "ndcg_at_10": 0.18551,
        "ndcg_at_20": 0.20235,
        "ndcg_at_100": 0.22756,
        "ndcg_at_1000": 0.25638,
        "map_at_1": 0.0889,
        "map_at_3": 0.13004,
        "map_at_5": 0.14088,
        "map_at_10": 0.1501,
        "map_at_20": 0.15478,
        "map_at_100": 0.15803,
        "map_at_1000": 0.15891,
        "recall_at_1": 0.0889,
        "recall_at_3": 0.1835,
        "recall_at_5": 0.23115,
        "recall_at_10": 0.29943,
        "recall_at_20": 0.36558,
        "recall_at_100": 0.50498,
        "recall_at_1000": 0.74324,
        "precision_at_1": 0.0889,
        "precision_at_3": 0.06117,
        "precision_at_5": 0.04623,
        "precision_at_10": 0.02994,
        "precision_at_20": 0.01828,
        "precision_at_100": 0.00505,
        "precision_at_1000": 0.00074,
        "mrr_at_1": 0.089616,
        "mrr_at_3": 0.130631,
        "mrr_at_5": 0.141406,
        "mrr_at_10": 0.150617,
        "mrr_at_20": 0.155284,
        "mrr_at_100": 0.158532,
        "mrr_at_1000": 0.159414,
        "nauc_ndcg_at_1_max": -0.025912,
        "nauc_ndcg_at_1_std": 0.093296,
        "nauc_ndcg_at_1_diff1": 0.195884,
        "nauc_ndcg_at_3_max": 0.001476,
        "nauc_ndcg_at_3_std": 0.102582,
        "nauc_ndcg_at_3_diff1": 0.15357,
        "nauc_ndcg_at_5_max": 0.016296,
        "nauc_ndcg_at_5_std": 0.104361,
        "nauc_ndcg_at_5_diff1": 0.153064,
        "nauc_ndcg_at_10_max": 0.014146,
        "nauc_ndcg_at_10_std": 0.113124,
        "nauc_ndcg_at_10_diff1": 0.153881,
        "nauc_ndcg_at_20_max": 0.022461,
        "nauc_ndcg_at_20_std": 0.116683,
        "nauc_ndcg_at_20_diff1": 0.15015,
        "nauc_ndcg_at_100_max": 0.029453,
        "nauc_ndcg_at_100_std": 0.126238,
        "nauc_ndcg_at_100_diff1": 0.157077,
        "nauc_ndcg_at_1000_max": 0.037956,
        "nauc_ndcg_at_1000_std": 0.11829,
        "nauc_ndcg_at_1000_diff1": 0.16182,
        "nauc_map_at_1_max": -0.025912,
        "nauc_map_at_1_std": 0.093296,
        "nauc_map_at_1_diff1": 0.195884,
        "nauc_map_at_3_max": -0.004992,
        "nauc_map_at_3_std": 0.100543,
        "nauc_map_at_3_diff1": 0.158424,
        "nauc_map_at_5_max": 0.004555,
        "nauc_map_at_5_std": 0.101702,
        "nauc_map_at_5_diff1": 0.158354,
        "nauc_map_at_10_max": 0.003518,
        "nauc_map_at_10_std": 0.10588,
        "nauc_map_at_10_diff1": 0.158873,
        "nauc_map_at_20_max": 0.006758,
        "nauc_map_at_20_std": 0.106562,
        "nauc_map_at_20_diff1": 0.157468,
        "nauc_map_at_100_max": 0.007616,
        "nauc_map_at_100_std": 0.107254,
        "nauc_map_at_100_diff1": 0.157945,
        "nauc_map_at_1000_max": 0.008056,
        "nauc_map_at_1000_std": 0.107079,
        "nauc_map_at_1000_diff1": 0.158301,
        "nauc_recall_at_1_max": -0.025912,
        "nauc_recall_at_1_std": 0.093296,
        "nauc_recall_at_1_diff1": 0.195884,
        "nauc_recall_at_3_max": 0.016127,
        "nauc_recall_at_3_std": 0.107165,
        "nauc_recall_at_3_diff1": 0.143817,
        "nauc_recall_at_5_max": 0.04172,
        "nauc_recall_at_5_std": 0.110006,
        "nauc_recall_at_5_diff1": 0.142772,
        "nauc_recall_at_10_max": 0.035105,
        "nauc_recall_at_10_std": 0.129003,
        "nauc_recall_at_10_diff1": 0.144869,
        "nauc_recall_at_20_max": 0.055134,
        "nauc_recall_at_20_std": 0.14057,
        "nauc_recall_at_20_diff1": 0.135641,
        "nauc_recall_at_100_max": 0.085376,
        "nauc_recall_at_100_std": 0.185976,
        "nauc_recall_at_100_diff1": 0.168152,
        "nauc_recall_at_1000_max": 0.178688,
        "nauc_recall_at_1000_std": 0.142736,
        "nauc_recall_at_1000_diff1": 0.203568,
        "nauc_precision_at_1_max": -0.025912,
        "nauc_precision_at_1_std": 0.093296,
        "nauc_precision_at_1_diff1": 0.195884,
        "nauc_precision_at_3_max": 0.016127,
        "nauc_precision_at_3_std": 0.107165,
        "nauc_precision_at_3_diff1": 0.143817,
        "nauc_precision_at_5_max": 0.04172,
        "nauc_precision_at_5_std": 0.110006,
        "nauc_precision_at_5_diff1": 0.142772,
        "nauc_precision_at_10_max": 0.035105,
        "nauc_precision_at_10_std": 0.129003,
        "nauc_precision_at_10_diff1": 0.144869,
        "nauc_precision_at_20_max": 0.055134,
        "nauc_precision_at_20_std": 0.14057,
        "nauc_precision_at_20_diff1": 0.135641,
        "nauc_precision_at_100_max": 0.085376,
        "nauc_precision_at_100_std": 0.185976,
        "nauc_precision_at_100_diff1": 0.168152,
        "nauc_precision_at_1000_max": 0.178688,
        "nauc_precision_at_1000_std": 0.142736,
        "nauc_precision_at_1000_diff1": 0.203568,
        "nauc_mrr_at_1_max": -0.024924,
        "nauc_mrr_at_1_std": 0.089259,
        "nauc_mrr_at_1_diff1": 0.189765,
        "nauc_mrr_at_3_max": -0.008925,
        "nauc_mrr_at_3_std": 0.098911,
        "nauc_mrr_at_3_diff1": 0.147573,
        "nauc_mrr_at_5_max": 0.001718,
        "nauc_mrr_at_5_std": 0.098526,
        "nauc_mrr_at_5_diff1": 0.150244,
        "nauc_mrr_at_10_max": 0.001242,
        "nauc_mrr_at_10_std": 0.103894,
        "nauc_mrr_at_10_diff1": 0.151955,
        "nauc_mrr_at_20_max": 0.004585,
        "nauc_mrr_at_20_std": 0.10467,
        "nauc_mrr_at_20_diff1": 0.150706,
        "nauc_mrr_at_100_max": 0.005419,
        "nauc_mrr_at_100_std": 0.105358,
        "nauc_mrr_at_100_diff1": 0.151173,
        "nauc_mrr_at_1000_max": 0.005853,
        "nauc_mrr_at_1000_std": 0.10518,
        "nauc_mrr_at_1000_diff1": 0.151516,
        "main_score": 0.18551,
        "hf_subset": "default",
        "languages": [
          "eng-Latn"
        ]
      }
    ]
  },
  "evaluation_time": 4.537901163101196,
  "kg_co2_emissions": null
}