{
  "dataset_revision": "f8c2fcf00f625baaa80f62ec5bd9e1fff3b8ae88",
  "task_name": "SCIDOCS",
  "mteb_version": "1.34.4",
  "scores": {
    "test": [
      {
        "ndcg_at_1": 0.017,
        "ndcg_at_3": 0.01522,
        "ndcg_at_5": 0.0142,
        "ndcg_at_10": 0.01728,
        "ndcg_at_20": 0.02073,
        "ndcg_at_100": 0.0303,
        "ndcg_at_1000": 0.05513,
        "map_at_1": 0.0034,
        "map_at_3": 0.00621,
        "map_at_5": 0.0076,
        "map_at_10": 0.0085,
        "map_at_20": 0.00923,
        "map_at_100": 0.01034,
        "map_at_1000": 0.01105,
        "recall_at_1": 0.0034,
        "recall_at_3": 0.00923,
        "recall_at_5": 0.01363,
        "recall_at_10": 0.01938,
        "recall_at_20": 0.02743,
        "recall_at_100": 0.05955,
        "recall_at_1000": 0.18533,
        "precision_at_1": 0.017,
        "precision_at_3": 0.015,
        "precision_at_5": 0.0134,
        "precision_at_10": 0.0095,
        "precision_at_20": 0.00675,
        "precision_at_100": 0.00292,
        "precision_at_1000": 0.00091,
        "mrr_at_1": 0.017,
        "mrr_at_3": 0.025667,
        "mrr_at_5": 0.029517,
        "mrr_at_10": 0.032539,
        "mrr_at_20": 0.034666,
        "mrr_at_100": 0.036641,
        "mrr_at_1000": 0.037633,
        "nauc_ndcg_at_1_max": -0.089616,
        "nauc_ndcg_at_1_std": -0.229628,
        "nauc_ndcg_at_1_diff1": 0.272495,
        "nauc_ndcg_at_3_max": -0.126847,
        "nauc_ndcg_at_3_std": -0.275813,
        "nauc_ndcg_at_3_diff1": 0.216374,
        "nauc_ndcg_at_5_max": -0.131923,
        "nauc_ndcg_at_5_std": -0.278483,
        "nauc_ndcg_at_5_diff1": 0.194629,
        "nauc_ndcg_at_10_max": -0.163217,
        "nauc_ndcg_at_10_std": -0.298831,
        "nauc_ndcg_at_10_diff1": 0.161687,
        "nauc_ndcg_at_20_max": -0.17126,
        "nauc_ndcg_at_20_std": -0.306953,
        "nauc_ndcg_at_20_diff1": 0.166066,
        "nauc_ndcg_at_100_max": -0.185903,
        "nauc_ndcg_at_100_std": -0.34133,
        "nauc_ndcg_at_100_diff1": 0.12192,
        "nauc_ndcg_at_1000_max": -0.183784,
        "nauc_ndcg_at_1000_std": -0.324656,
        "nauc_ndcg_at_1000_diff1": 0.087588,
        "nauc_map_at_1_max": -0.089616,
        "nauc_map_at_1_std": -0.229628,
        "nauc_map_at_1_diff1": 0.272495,
        "nauc_map_at_3_max": -0.109709,
        "nauc_map_at_3_std": -0.271333,
        "nauc_map_at_3_diff1": 0.210486,
        "nauc_map_at_5_max": -0.104991,
        "nauc_map_at_5_std": -0.285326,
        "nauc_map_at_5_diff1": 0.176705,
        "nauc_map_at_10_max": -0.116554,
        "nauc_map_at_10_std": -0.298594,
        "nauc_map_at_10_diff1": 0.159563,
        "nauc_map_at_20_max": -0.127214,
        "nauc_map_at_20_std": -0.304505,
        "nauc_map_at_20_diff1": 0.16463,
        "nauc_map_at_100_max": -0.132093,
        "nauc_map_at_100_std": -0.317477,
        "nauc_map_at_100_diff1": 0.149558,
        "nauc_map_at_1000_max": -0.13661,
        "nauc_map_at_1000_std": -0.318154,
        "nauc_map_at_1000_diff1": 0.145957,
        "nauc_recall_at_1_max": -0.089616,
        "nauc_recall_at_1_std": -0.229628,
        "nauc_recall_at_1_diff1": 0.272495,
        "nauc_recall_at_3_max": -0.148166,
        "nauc_recall_at_3_std": -0.297923,
        "nauc_recall_at_3_diff1": 0.212403,
        "nauc_recall_at_5_max": -0.142093,
        "nauc_recall_at_5_std": -0.291216,
        "nauc_recall_at_5_diff1": 0.1791,
        "nauc_recall_at_10_max": -0.188713,
        "nauc_recall_at_10_std": -0.321632,
        "nauc_recall_at_10_diff1": 0.13064,
        "nauc_recall_at_20_max": -0.19772,
        "nauc_recall_at_20_std": -0.329717,
        "nauc_recall_at_20_diff1": 0.145384,
        "nauc_recall_at_100_max": -0.207792,
        "nauc_recall_at_100_std": -0.372818,
        "nauc_recall_at_100_diff1": 0.077414,
        "nauc_recall_at_1000_max": -0.181749,
        "nauc_recall_at_1000_std": -0.308628,
        "nauc_recall_at_1000_diff1": 0.033861,
        "nauc_precision_at_1_max": -0.089616,
        "nauc_precision_at_1_std": -0.229628,
        "nauc_precision_at_1_diff1": 0.272495,
        "nauc_precision_at_3_max": -0.139993,
        "nauc_precision_at_3_std": -0.293164,
        "nauc_precision_at_3_diff1": 0.203691,
        "nauc_precision_at_5_max": -0.136499,
        "nauc_precision_at_5_std": -0.287903,
        "nauc_precision_at_5_diff1": 0.172669,
        "nauc_precision_at_10_max": -0.183881,
        "nauc_precision_at_10_std": -0.318289,
        "nauc_precision_at_10_diff1": 0.126062,
        "nauc_precision_at_20_max": -0.19536,
        "nauc_precision_at_20_std": -0.327662,
        "nauc_precision_at_20_diff1": 0.143181,
        "nauc_precision_at_100_max": -0.210968,
        "nauc_precision_at_100_std": -0.372581,
        "nauc_precision_at_100_diff1": 0.0768,
        "nauc_precision_at_1000_max": -0.182978,
        "nauc_precision_at_1000_std": -0.305132,
        "nauc_precision_at_1000_diff1": 0.034098,
        "nauc_mrr_at_1_max": -0.089616,
        "nauc_mrr_at_1_std": -0.229628,
        "nauc_mrr_at_1_diff1": 0.272495,
        "nauc_mrr_at_3_max": -0.137221,
        "nauc_mrr_at_3_std": -0.264058,
        "nauc_mrr_at_3_diff1": 0.244255,
        "nauc_mrr_at_5_max": -0.149859,
        "nauc_mrr_at_5_std": -0.2573,
        "nauc_mrr_at_5_diff1": 0.237189,
        "nauc_mrr_at_10_max": -0.172228,
        "nauc_mrr_at_10_std": -0.267998,
        "nauc_mrr_at_10_diff1": 0.213475,
        "nauc_mrr_at_20_max": -0.169358,
        "nauc_mrr_at_20_std": -0.270465,
        "nauc_mrr_at_20_diff1": 0.211135,
        "nauc_mrr_at_100_max": -0.172671,
        "nauc_mrr_at_100_std": -0.278785,
        "nauc_mrr_at_100_diff1": 0.201168,
        "nauc_mrr_at_1000_max": -0.171103,
        "nauc_mrr_at_1000_std": -0.278447,
        "nauc_mrr_at_1000_diff1": 0.199695,
        "main_score": 0.01728,
        "hf_subset": "default",
        "languages": [
          "eng-Latn"
        ]
      }
    ]
  },
  "evaluation_time": 118.10176801681519,
  "kg_co2_emissions": null
}