{
  "dataset_revision": "3d3d27aa7af8941408cefc3991ada5d12a4273d1",
  "task_name": "SNLHierarchicalClusteringP2P",
  "mteb_version": "1.34.4",
  "scores": {
    "test": [
      {
        "v_measures": {
          "Level 0": [
            0.256919,
            0.270546,
            0.298459,
            0.257843,
            0.28206,
            0.290819,
            0.281436,
            0.273135,
            0.289771,
            0.279517
          ],
          "Level 1": [
            0.524435,
            0.514663,
            0.529077,
            0.52759,
            0.525635,
            0.535189,
            0.531759,
            0.526149,
            0.52581,
            0.539407
          ],
          "Level 2": [
            0.640008,
            0.641282,
            0.659463,
            0.64464,
            0.643813,
            0.640193,
            0.64698,
            0.64568,
            0.642115,
            0.644557
          ],
          "Level 3": [
            0.688412,
            0.690337,
            0.692825,
            0.686665,
            0.693575,
            0.690899,
            0.684694,
            0.691641,
            0.686363,
            0.689506
          ],
          "Level 4": [
            0.391366,
            0.374094,
            0.370078,
            0.377871,
            0.358923,
            0.362331,
            0.374607,
            0.366843,
            0.359195,
            0.367961
          ]
        },
        "v_measure": 0.502143,
        "v_measure_std": 0.15752,
        "main_score": 0.502143,
        "hf_subset": "default",
        "languages": [
          "nob-Latn"
        ]
      }
    ]
  },
  "evaluation_time": 8.529345989227295,
  "kg_co2_emissions": null
}