{
  "dataset_revision": "9ab3ca3ccdd0d43f9cd6d346a363935d127f4f45",
  "task_name": "SpartQA",
  "mteb_version": "1.34.4",
  "scores": {
    "test": [
      {
        "ndcg_at_1": 0.0448,
        "ndcg_at_3": 0.07346,
        "ndcg_at_5": 0.09552,
        "ndcg_at_10": 0.11666,
        "ndcg_at_20": 0.13047,
        "ndcg_at_100": 0.15091,
        "ndcg_at_1000": 0.16837,
        "map_at_1": 0.02977,
        "map_at_3": 0.05899,
        "map_at_5": 0.07115,
        "map_at_10": 0.07988,
        "map_at_20": 0.08373,
        "map_at_100": 0.08638,
        "map_at_1000": 0.08683,
        "recall_at_1": 0.02977,
        "recall_at_3": 0.09534,
        "recall_at_5": 0.1445,
        "recall_at_10": 0.20256,
        "recall_at_20": 0.25097,
        "recall_at_100": 0.34595,
        "recall_at_1000": 0.4744,
        "precision_at_1": 0.0448,
        "precision_at_3": 0.04712,
        "precision_at_5": 0.04274,
        "precision_at_10": 0.03055,
        "precision_at_20": 0.01903,
        "precision_at_100": 0.00558,
        "precision_at_1000": 0.0008,
        "mrr_at_1": 0.044797,
        "mrr_at_3": 0.079206,
        "mrr_at_5": 0.092381,
        "mrr_at_10": 0.102236,
        "mrr_at_20": 0.106621,
        "mrr_at_100": 0.109959,
        "mrr_at_1000": 0.11046,
        "nauc_ndcg_at_1_max": 0.466746,
        "nauc_ndcg_at_1_std": 0.311231,
        "nauc_ndcg_at_1_diff1": 0.177069,
        "nauc_ndcg_at_3_max": 0.548562,
        "nauc_ndcg_at_3_std": 0.278099,
        "nauc_ndcg_at_3_diff1": 0.021495,
        "nauc_ndcg_at_5_max": 0.549673,
        "nauc_ndcg_at_5_std": 0.293201,
        "nauc_ndcg_at_5_diff1": 0.011129,
        "nauc_ndcg_at_10_max": 0.54299,
        "nauc_ndcg_at_10_std": 0.317318,
        "nauc_ndcg_at_10_diff1": -0.003651,
        "nauc_ndcg_at_20_max": 0.524084,
        "nauc_ndcg_at_20_std": 0.347871,
        "nauc_ndcg_at_20_diff1": -0.001054,
        "nauc_ndcg_at_100_max": 0.488951,
        "nauc_ndcg_at_100_std": 0.343946,
        "nauc_ndcg_at_100_diff1": -0.001678,
        "nauc_ndcg_at_1000_max": 0.452521,
        "nauc_ndcg_at_1000_std": 0.380929,
        "nauc_ndcg_at_1000_diff1": 0.015888,
        "nauc_map_at_1_max": 0.578558,
        "nauc_map_at_1_std": 0.306228,
        "nauc_map_at_1_diff1": 0.116531,
        "nauc_map_at_3_max": 0.563593,
        "nauc_map_at_3_std": 0.280014,
        "nauc_map_at_3_diff1": 0.032652,
        "nauc_map_at_5_max": 0.564616,
        "nauc_map_at_5_std": 0.291756,
        "nauc_map_at_5_diff1": 0.022774,
        "nauc_map_at_10_max": 0.562357,
        "nauc_map_at_10_std": 0.305114,
        "nauc_map_at_10_diff1": 0.013565,
        "nauc_map_at_20_max": 0.555213,
        "nauc_map_at_20_std": 0.317484,
        "nauc_map_at_20_diff1": 0.014234,
        "nauc_map_at_100_max": 0.549099,
        "nauc_map_at_100_std": 0.318359,
        "nauc_map_at_100_diff1": 0.012968,
        "nauc_map_at_1000_max": 0.54747,
        "nauc_map_at_1000_std": 0.319986,
        "nauc_map_at_1000_diff1": 0.013938,
        "nauc_recall_at_1_max": 0.578558,
        "nauc_recall_at_1_std": 0.306228,
        "nauc_recall_at_1_diff1": 0.116531,
        "nauc_recall_at_3_max": 0.572423,
        "nauc_recall_at_3_std": 0.263409,
        "nauc_recall_at_3_diff1": -0.021553,
        "nauc_recall_at_5_max": 0.559923,
        "nauc_recall_at_5_std": 0.277762,
        "nauc_recall_at_5_diff1": -0.025662,
        "nauc_recall_at_10_max": 0.538071,
        "nauc_recall_at_10_std": 0.310946,
        "nauc_recall_at_10_diff1": -0.041688,
        "nauc_recall_at_20_max": 0.493185,
        "nauc_recall_at_20_std": 0.359981,
        "nauc_recall_at_20_diff1": -0.033012,
        "nauc_recall_at_100_max": 0.397741,
        "nauc_recall_at_100_std": 0.332964,
        "nauc_recall_at_100_diff1": -0.029011,
        "nauc_recall_at_1000_max": 0.228982,
        "nauc_recall_at_1000_std": 0.453792,
        "nauc_recall_at_1000_diff1": 0.02691,
        "nauc_precision_at_1_max": 0.466746,
        "nauc_precision_at_1_std": 0.311231,
        "nauc_precision_at_1_diff1": 0.177069,
        "nauc_precision_at_3_max": 0.485956,
        "nauc_precision_at_3_std": 0.298141,
        "nauc_precision_at_3_diff1": 0.033041,
        "nauc_precision_at_5_max": 0.471236,
        "nauc_precision_at_5_std": 0.318416,
        "nauc_precision_at_5_diff1": 0.017731,
        "nauc_precision_at_10_max": 0.446922,
        "nauc_precision_at_10_std": 0.366895,
        "nauc_precision_at_10_diff1": -0.009259,
        "nauc_precision_at_20_max": 0.389341,
        "nauc_precision_at_20_std": 0.42255,
        "nauc_precision_at_20_diff1": -0.004904,
        "nauc_precision_at_100_max": 0.239219,
        "nauc_precision_at_100_std": 0.379312,
        "nauc_precision_at_100_diff1": 0.008083,
        "nauc_precision_at_1000_max": 0.022237,
        "nauc_precision_at_1000_std": 0.465519,
        "nauc_precision_at_1000_diff1": 0.087238,
        "nauc_mrr_at_1_max": 0.466746,
        "nauc_mrr_at_1_std": 0.311231,
        "nauc_mrr_at_1_diff1": 0.177069,
        "nauc_mrr_at_3_max": 0.490282,
        "nauc_mrr_at_3_std": 0.285711,
        "nauc_mrr_at_3_diff1": 0.058664,
        "nauc_mrr_at_5_max": 0.490089,
        "nauc_mrr_at_5_std": 0.294246,
        "nauc_mrr_at_5_diff1": 0.049949,
        "nauc_mrr_at_10_max": 0.487492,
        "nauc_mrr_at_10_std": 0.305926,
        "nauc_mrr_at_10_diff1": 0.039294,
        "nauc_mrr_at_20_max": 0.479655,
        "nauc_mrr_at_20_std": 0.317773,
        "nauc_mrr_at_20_diff1": 0.040723,
        "nauc_mrr_at_100_max": 0.473903,
        "nauc_mrr_at_100_std": 0.316045,
        "nauc_mrr_at_100_diff1": 0.039508,
        "nauc_mrr_at_1000_max": 0.47288,
        "nauc_mrr_at_1000_std": 0.316759,
        "nauc_mrr_at_1000_diff1": 0.040257,
        "main_score": 0.11666,
        "hf_subset": "default",
        "languages": [
          "eng-Latn"
        ]
      }
    ]
  },
  "evaluation_time": 3.673356771469116,
  "kg_co2_emissions": null
}