{
  "dataset_revision": "db8f169f3894c14a00251061f957b2063eef2bd5",
  "task_name": "StackOverflowQA",
  "mteb_version": "1.34.4",
  "scores": {
    "test": [
      {
        "ndcg_at_1": 0.22417,
        "ndcg_at_3": 0.24771,
        "ndcg_at_5": 0.25473,
        "ndcg_at_10": 0.26444,
        "ndcg_at_20": 0.27139,
        "ndcg_at_100": 0.28611,
        "ndcg_at_1000": 0.30318,
        "map_at_1": 0.22417,
        "map_at_3": 0.24198,
        "map_at_5": 0.24586,
        "map_at_10": 0.24996,
        "map_at_20": 0.25186,
        "map_at_100": 0.2537,
        "map_at_1000": 0.25418,
        "recall_at_1": 0.22417,
        "recall_at_3": 0.26429,
        "recall_at_5": 0.28134,
        "recall_at_10": 0.31093,
        "recall_at_20": 0.33852,
        "recall_at_100": 0.42076,
        "recall_at_1000": 0.56469,
        "precision_at_1": 0.22417,
        "precision_at_3": 0.0881,
        "precision_at_5": 0.05627,
        "precision_at_10": 0.03109,
        "precision_at_20": 0.01693,
        "precision_at_100": 0.00421,
        "precision_at_1000": 0.00056,
        "mrr_at_1": 0.224173,
        "mrr_at_3": 0.241976,
        "mrr_at_5": 0.245863,
        "mrr_at_10": 0.249955,
        "mrr_at_20": 0.251857,
        "mrr_at_100": 0.253698,
        "mrr_at_1000": 0.254183,
        "nauc_ndcg_at_1_max": 0.46623,
        "nauc_ndcg_at_1_std": 0.105282,
        "nauc_ndcg_at_1_diff1": 0.725193,
        "nauc_ndcg_at_3_max": 0.426839,
        "nauc_ndcg_at_3_std": 0.096949,
        "nauc_ndcg_at_3_diff1": 0.67083,
        "nauc_ndcg_at_5_max": 0.420079,
        "nauc_ndcg_at_5_std": 0.102223,
        "nauc_ndcg_at_5_diff1": 0.657129,
        "nauc_ndcg_at_10_max": 0.405402,
        "nauc_ndcg_at_10_std": 0.104291,
        "nauc_ndcg_at_10_diff1": 0.63811,
        "nauc_ndcg_at_20_max": 0.404273,
        "nauc_ndcg_at_20_std": 0.102478,
        "nauc_ndcg_at_20_diff1": 0.6336,
        "nauc_ndcg_at_100_max": 0.390929,
        "nauc_ndcg_at_100_std": 0.106119,
        "nauc_ndcg_at_100_diff1": 0.616993,
        "nauc_ndcg_at_1000_max": 0.383374,
        "nauc_ndcg_at_1000_std": 0.10559,
        "nauc_ndcg_at_1000_diff1": 0.60911,
        "nauc_map_at_1_max": 0.46623,
        "nauc_map_at_1_std": 0.105282,
        "nauc_map_at_1_diff1": 0.725193,
        "nauc_map_at_3_max": 0.436033,
        "nauc_map_at_3_std": 0.098106,
        "nauc_map_at_3_diff1": 0.683571,
        "nauc_map_at_5_max": 0.432347,
        "nauc_map_at_5_std": 0.101191,
        "nauc_map_at_5_diff1": 0.675873,
        "nauc_map_at_10_max": 0.425822,
        "nauc_map_at_10_std": 0.102102,
        "nauc_map_at_10_diff1": 0.667418,
        "nauc_map_at_20_max": 0.42537,
        "nauc_map_at_20_std": 0.101609,
        "nauc_map_at_20_diff1": 0.666109,
        "nauc_map_at_100_max": 0.423601,
        "nauc_map_at_100_std": 0.102091,
        "nauc_map_at_100_diff1": 0.663859,
        "nauc_map_at_1000_max": 0.42333,
        "nauc_map_at_1000_std": 0.102071,
        "nauc_map_at_1000_diff1": 0.663594,
        "nauc_recall_at_1_max": 0.46623,
        "nauc_recall_at_1_std": 0.105282,
        "nauc_recall_at_1_diff1": 0.725193,
        "nauc_recall_at_3_max": 0.401333,
        "nauc_recall_at_3_std": 0.094052,
        "nauc_recall_at_3_diff1": 0.635463,
        "nauc_recall_at_5_max": 0.385654,
        "nauc_recall_at_5_std": 0.105899,
        "nauc_recall_at_5_diff1": 0.604258,
        "nauc_recall_at_10_max": 0.345785,
        "nauc_recall_at_10_std": 0.111636,
        "nauc_recall_at_10_diff1": 0.552758,
        "nauc_recall_at_20_max": 0.343214,
        "nauc_recall_at_20_std": 0.104779,
        "nauc_recall_at_20_diff1": 0.537472,
        "nauc_recall_at_100_max": 0.27775,
        "nauc_recall_at_100_std": 0.123123,
        "nauc_recall_at_100_diff1": 0.456679,
        "nauc_recall_at_1000_max": 0.207608,
        "nauc_recall_at_1000_std": 0.121242,
        "nauc_recall_at_1000_diff1": 0.377638,
        "nauc_precision_at_1_max": 0.46623,
        "nauc_precision_at_1_std": 0.105282,
        "nauc_precision_at_1_diff1": 0.725193,
        "nauc_precision_at_3_max": 0.401333,
        "nauc_precision_at_3_std": 0.094052,
        "nauc_precision_at_3_diff1": 0.635463,
        "nauc_precision_at_5_max": 0.385654,
        "nauc_precision_at_5_std": 0.105899,
        "nauc_precision_at_5_diff1": 0.604258,
        "nauc_precision_at_10_max": 0.345785,
        "nauc_precision_at_10_std": 0.111636,
        "nauc_precision_at_10_diff1": 0.552758,
        "nauc_precision_at_20_max": 0.343214,
        "nauc_precision_at_20_std": 0.104779,
        "nauc_precision_at_20_diff1": 0.537472,
        "nauc_precision_at_100_max": 0.27775,
        "nauc_precision_at_100_std": 0.123123,
        "nauc_precision_at_100_diff1": 0.456679,
        "nauc_precision_at_1000_max": 0.207608,
        "nauc_precision_at_1000_std": 0.121242,
        "nauc_precision_at_1000_diff1": 0.377638,
        "nauc_mrr_at_1_max": 0.46623,
        "nauc_mrr_at_1_std": 0.105282,
        "nauc_mrr_at_1_diff1": 0.725193,
        "nauc_mrr_at_3_max": 0.436033,
        "nauc_mrr_at_3_std": 0.098106,
        "nauc_mrr_at_3_diff1": 0.683571,
        "nauc_mrr_at_5_max": 0.432347,
        "nauc_mrr_at_5_std": 0.101191,
        "nauc_mrr_at_5_diff1": 0.675873,
        "nauc_mrr_at_10_max": 0.425822,
        "nauc_mrr_at_10_std": 0.102102,
        "nauc_mrr_at_10_diff1": 0.667418,
        "nauc_mrr_at_20_max": 0.42537,
        "nauc_mrr_at_20_std": 0.101609,
        "nauc_mrr_at_20_diff1": 0.666109,
        "nauc_mrr_at_100_max": 0.423601,
        "nauc_mrr_at_100_std": 0.102091,
        "nauc_mrr_at_100_diff1": 0.663859,
        "nauc_mrr_at_1000_max": 0.42333,
        "nauc_mrr_at_1000_std": 0.102071,
        "nauc_mrr_at_1000_diff1": 0.663594,
        "main_score": 0.26444,
        "hf_subset": "default",
        "languages": [
          "eng-Latn"
        ]
      }
    ]
  },
  "evaluation_time": 94.52381420135498,
  "kg_co2_emissions": null
}