{
  "dataset_revision": "76631901a18387f85eaa53e5450019b87ad58ef9",
  "task_name": "T2Reranking",
  "mteb_version": "1.34.4",
  "scores": {
    "dev": [
      {
        "map": 0.640556,
        "mrr": 0.736899,
        "nAUC_map_max": 0.034164,
        "nAUC_map_std": -0.128826,
        "nAUC_map_diff1": -0.046572,
        "nAUC_mrr_max": 0.037111,
        "nAUC_mrr_std": -0.122812,
        "nAUC_mrr_diff1": -0.056851,
        "main_score": 0.640556,
        "hf_subset": "default",
        "languages": [
          "cmn-Hans"
        ]
      }
    ]
  },
  "evaluation_time": 427.3206422328949,
  "kg_co2_emissions": null
}