{
  "dataset_revision": "7b58f24536063837d644aab9a023c62199b2a612",
  "task_name": "TERRa",
  "mteb_version": "1.34.4",
  "scores": {
    "dev": [
      {
        "similarity_accuracy": 0.557003,
        "similarity_accuracy_threshold": 0.767577,
        "similarity_f1": 0.668203,
        "similarity_f1_threshold": 0.394929,
        "similarity_precision": 0.516014,
        "similarity_recall": 0.947712,
        "similarity_ap": 0.554902,
        "cosine_accuracy": 0.557003,
        "cosine_accuracy_threshold": 0.767577,
        "cosine_f1": 0.668203,
        "cosine_f1_threshold": 0.394929,
        "cosine_precision": 0.516014,
        "cosine_recall": 0.947712,
        "cosine_ap": 0.554902,
        "manhattan_accuracy": 0.570033,
        "manhattan_accuracy_threshold": 7.758966,
        "manhattan_f1": 0.663755,
        "manhattan_f1_threshold": 12.806274,
        "manhattan_precision": 0.498361,
        "manhattan_recall": 0.993464,
        "manhattan_ap": 0.567081,
        "euclidean_accuracy": 0.557003,
        "euclidean_accuracy_threshold": 0.681786,
        "euclidean_f1": 0.668203,
        "euclidean_f1_threshold": 1.100064,
        "euclidean_precision": 0.516014,
        "euclidean_recall": 0.947712,
        "euclidean_ap": 0.554902,
        "dot_accuracy": 0.557003,
        "dot_accuracy_threshold": 0.767577,
        "dot_f1": 0.668203,
        "dot_f1_threshold": 0.394929,
        "dot_precision": 0.516014,
        "dot_recall": 0.947712,
        "dot_ap": 0.554902,
        "max_accuracy": 0.570033,
        "max_f1": 0.668203,
        "max_precision": 0.516014,
        "max_recall": 0.993464,
        "max_ap": 0.567081,
        "main_score": 0.567081,
        "hf_subset": "default",
        "languages": [
          "rus-Cyrl"
        ]
      }
    ]
  },
  "evaluation_time": 0.06335806846618652,
  "kg_co2_emissions": null
}