{
  "dataset_revision": "bb9466bac8153a0349341eb1b22e06409e78ef4e",
  "task_name": "TRECCOVID",
  "mteb_version": "1.34.4",
  "scores": {
    "test": [
      {
        "ndcg_at_1": 0.41,
        "ndcg_at_3": 0.35877,
        "ndcg_at_5": 0.33228,
        "ndcg_at_10": 0.30443,
        "ndcg_at_20": 0.26516,
        "ndcg_at_100": 0.19461,
        "ndcg_at_1000": 0.1622,
        "map_at_1": 0.00099,
        "map_at_3": 0.00221,
        "map_at_5": 0.00312,
        "map_at_10": 0.00474,
        "map_at_20": 0.00697,
        "map_at_100": 0.01819,
        "map_at_1000": 0.04007,
        "recall_at_1": 0.00099,
        "recall_at_3": 0.00255,
        "recall_at_5": 0.00377,
        "recall_at_10": 0.00669,
        "recall_at_20": 0.01085,
        "recall_at_100": 0.03955,
        "recall_at_1000": 0.15474,
        "precision_at_1": 0.48,
        "precision_at_3": 0.4,
        "precision_at_5": 0.364,
        "precision_at_10": 0.318,
        "precision_at_20": 0.27,
        "precision_at_100": 0.1972,
        "precision_at_1000": 0.07882,
        "mrr_at_1": 0.48,
        "mrr_at_3": 0.563333,
        "mrr_at_5": 0.568333,
        "mrr_at_10": 0.585413,
        "mrr_at_20": 0.590436,
        "mrr_at_100": 0.592863,
        "mrr_at_1000": 0.593,
        "nauc_ndcg_at_1_max": 0.58538,
        "nauc_ndcg_at_1_std": 0.189151,
        "nauc_ndcg_at_1_diff1": -0.056099,
        "nauc_ndcg_at_3_max": 0.613792,
        "nauc_ndcg_at_3_std": 0.213581,
        "nauc_ndcg_at_3_diff1": -0.097663,
        "nauc_ndcg_at_5_max": 0.572754,
        "nauc_ndcg_at_5_std": 0.23982,
        "nauc_ndcg_at_5_diff1": -0.079537,
        "nauc_ndcg_at_10_max": 0.57453,
        "nauc_ndcg_at_10_std": 0.277005,
        "nauc_ndcg_at_10_diff1": -0.057723,
        "nauc_ndcg_at_20_max": 0.561899,
        "nauc_ndcg_at_20_std": 0.297754,
        "nauc_ndcg_at_20_diff1": -0.057156,
        "nauc_ndcg_at_100_max": 0.580835,
        "nauc_ndcg_at_100_std": 0.35455,
        "nauc_ndcg_at_100_diff1": -0.015517,
        "nauc_ndcg_at_1000_max": 0.454039,
        "nauc_ndcg_at_1000_std": 0.387682,
        "nauc_ndcg_at_1000_diff1": -0.063712,
        "nauc_map_at_1_max": 0.31683,
        "nauc_map_at_1_std": 0.215155,
        "nauc_map_at_1_diff1": -0.121931,
        "nauc_map_at_3_max": 0.415295,
        "nauc_map_at_3_std": 0.179204,
        "nauc_map_at_3_diff1": -0.209348,
        "nauc_map_at_5_max": 0.445858,
        "nauc_map_at_5_std": 0.229827,
        "nauc_map_at_5_diff1": -0.196608,
        "nauc_map_at_10_max": 0.463118,
        "nauc_map_at_10_std": 0.312514,
        "nauc_map_at_10_diff1": -0.162667,
        "nauc_map_at_20_max": 0.468014,
        "nauc_map_at_20_std": 0.40771,
        "nauc_map_at_20_diff1": -0.165454,
        "nauc_map_at_100_max": 0.518174,
        "nauc_map_at_100_std": 0.482601,
        "nauc_map_at_100_diff1": -0.059276,
        "nauc_map_at_1000_max": 0.592724,
        "nauc_map_at_1000_std": 0.500529,
        "nauc_map_at_1000_diff1": -0.043845,
        "nauc_recall_at_1_max": 0.31683,
        "nauc_recall_at_1_std": 0.215155,
        "nauc_recall_at_1_diff1": -0.121931,
        "nauc_recall_at_3_max": 0.316288,
        "nauc_recall_at_3_std": 0.168801,
        "nauc_recall_at_3_diff1": -0.236873,
        "nauc_recall_at_5_max": 0.323856,
        "nauc_recall_at_5_std": 0.206003,
        "nauc_recall_at_5_diff1": -0.226189,
        "nauc_recall_at_10_max": 0.279485,
        "nauc_recall_at_10_std": 0.269361,
        "nauc_recall_at_10_diff1": -0.161558,
        "nauc_recall_at_20_max": 0.280285,
        "nauc_recall_at_20_std": 0.360147,
        "nauc_recall_at_20_diff1": -0.121557,
        "nauc_recall_at_100_max": 0.315514,
        "nauc_recall_at_100_std": 0.374081,
        "nauc_recall_at_100_diff1": -0.068187,
        "nauc_recall_at_1000_max": 0.378046,
        "nauc_recall_at_1000_std": 0.379369,
        "nauc_recall_at_1000_diff1": -0.076198,
        "nauc_precision_at_1_max": 0.645311,
        "nauc_precision_at_1_std": 0.234836,
        "nauc_precision_at_1_diff1": -0.049751,
        "nauc_precision_at_3_max": 0.616306,
        "nauc_precision_at_3_std": 0.203948,
        "nauc_precision_at_3_diff1": -0.124033,
        "nauc_precision_at_5_max": 0.542333,
        "nauc_precision_at_5_std": 0.230243,
        "nauc_precision_at_5_diff1": -0.099144,
        "nauc_precision_at_10_max": 0.538579,
        "nauc_precision_at_10_std": 0.288464,
        "nauc_precision_at_10_diff1": -0.069328,
        "nauc_precision_at_20_max": 0.504461,
        "nauc_precision_at_20_std": 0.325095,
        "nauc_precision_at_20_diff1": -0.059223,
        "nauc_precision_at_100_max": 0.544614,
        "nauc_precision_at_100_std": 0.360634,
        "nauc_precision_at_100_diff1": -0.013595,
        "nauc_precision_at_1000_max": 0.5655,
        "nauc_precision_at_1000_std": 0.287417,
        "nauc_precision_at_1000_diff1": -0.05757,
        "nauc_mrr_at_1_max": 0.645311,
        "nauc_mrr_at_1_std": 0.234836,
        "nauc_mrr_at_1_diff1": -0.049751,
        "nauc_mrr_at_3_max": 0.54654,
        "nauc_mrr_at_3_std": 0.251316,
        "nauc_mrr_at_3_diff1": -0.048351,
        "nauc_mrr_at_5_max": 0.537616,
        "nauc_mrr_at_5_std": 0.239814,
        "nauc_mrr_at_5_diff1": -0.064529,
        "nauc_mrr_at_10_max": 0.543637,
        "nauc_mrr_at_10_std": 0.251753,
        "nauc_mrr_at_10_diff1": -0.062926,
        "nauc_mrr_at_20_max": 0.54134,
        "nauc_mrr_at_20_std": 0.251162,
        "nauc_mrr_at_20_diff1": -0.05137,
        "nauc_mrr_at_100_max": 0.545596,
        "nauc_mrr_at_100_std": 0.246464,
        "nauc_mrr_at_100_diff1": -0.053521,
        "nauc_mrr_at_1000_max": 0.545564,
        "nauc_mrr_at_1000_std": 0.246689,
        "nauc_mrr_at_1000_diff1": -0.052915,
        "main_score": 0.30443,
        "hf_subset": "default",
        "languages": [
          "eng-Latn"
        ]
      }
    ]
  },
  "evaluation_time": 775.0382850170135,
  "kg_co2_emissions": null
}