{
  "dataset_revision": "099ee143c7fdfa6bd7965be8c801cb161c313b29",
  "task_name": "TwitterHjerneRetrieval",
  "mteb_version": "1.34.4",
  "scores": {
    "train": [
      {
        "ndcg_at_1": 0.08974,
        "ndcg_at_3": 0.08226,
        "ndcg_at_5": 0.09584,
        "ndcg_at_10": 0.11195,
        "ndcg_at_20": 0.14036,
        "ndcg_at_100": 0.22333,
        "ndcg_at_1000": 0.31033,
        "map_at_1": 0.02714,
        "map_at_3": 0.04968,
        "map_at_5": 0.06137,
        "map_at_10": 0.06787,
        "map_at_20": 0.07733,
        "map_at_100": 0.09003,
        "map_at_1000": 0.09687,
        "recall_at_1": 0.02714,
        "recall_at_3": 0.06752,
        "recall_at_5": 0.10791,
        "recall_at_10": 0.14167,
        "recall_at_20": 0.21816,
        "recall_at_100": 0.53291,
        "recall_at_1000": 0.98718,
        "precision_at_1": 0.08974,
        "precision_at_3": 0.07265,
        "precision_at_5": 0.06923,
        "precision_at_10": 0.04744,
        "precision_at_20": 0.03718,
        "precision_at_100": 0.01872,
        "precision_at_1000": 0.00336,
        "mrr_at_1": 0.089744,
        "mrr_at_3": 0.134615,
        "mrr_at_5": 0.150641,
        "mrr_at_10": 0.160928,
        "mrr_at_20": 0.167821,
        "mrr_at_100": 0.177729,
        "mrr_at_1000": 0.178844,
        "nauc_ndcg_at_1_max": -0.018709,
        "nauc_ndcg_at_1_std": -0.123298,
        "nauc_ndcg_at_1_diff1": 0.340529,
        "nauc_ndcg_at_3_max": -0.063772,
        "nauc_ndcg_at_3_std": -0.079596,
        "nauc_ndcg_at_3_diff1": 0.15594,
        "nauc_ndcg_at_5_max": -0.096012,
        "nauc_ndcg_at_5_std": -0.073145,
        "nauc_ndcg_at_5_diff1": 0.095977,
        "nauc_ndcg_at_10_max": -0.134437,
        "nauc_ndcg_at_10_std": -0.123012,
        "nauc_ndcg_at_10_diff1": 0.096372,
        "nauc_ndcg_at_20_max": -0.108809,
        "nauc_ndcg_at_20_std": -0.12455,
        "nauc_ndcg_at_20_diff1": 0.130512,
        "nauc_ndcg_at_100_max": -0.051087,
        "nauc_ndcg_at_100_std": -0.078728,
        "nauc_ndcg_at_100_diff1": 0.064776,
        "nauc_ndcg_at_1000_max": -0.061247,
        "nauc_ndcg_at_1000_std": -0.076309,
        "nauc_ndcg_at_1000_diff1": 0.106299,
        "nauc_map_at_1_max": -0.052883,
        "nauc_map_at_1_std": -0.144915,
        "nauc_map_at_1_diff1": 0.392607,
        "nauc_map_at_3_max": -0.120139,
        "nauc_map_at_3_std": -0.133579,
        "nauc_map_at_3_diff1": 0.271814,
        "nauc_map_at_5_max": -0.122557,
        "nauc_map_at_5_std": -0.103873,
        "nauc_map_at_5_diff1": 0.192588,
        "nauc_map_at_10_max": -0.14429,
        "nauc_map_at_10_std": -0.127664,
        "nauc_map_at_10_diff1": 0.176133,
        "nauc_map_at_20_max": -0.121119,
        "nauc_map_at_20_std": -0.123349,
        "nauc_map_at_20_diff1": 0.173356,
        "nauc_map_at_100_max": -0.110416,
        "nauc_map_at_100_std": -0.114975,
        "nauc_map_at_100_diff1": 0.149226,
        "nauc_map_at_1000_max": -0.108996,
        "nauc_map_at_1000_std": -0.114263,
        "nauc_map_at_1000_diff1": 0.152454,
        "nauc_recall_at_1_max": -0.052883,
        "nauc_recall_at_1_std": -0.144915,
        "nauc_recall_at_1_diff1": 0.392607,
        "nauc_recall_at_3_max": -0.092163,
        "nauc_recall_at_3_std": -0.067946,
        "nauc_recall_at_3_diff1": 0.121553,
        "nauc_recall_at_5_max": -0.112554,
        "nauc_recall_at_5_std": -0.043419,
        "nauc_recall_at_5_diff1": 0.00064,
        "nauc_recall_at_10_max": -0.178001,
        "nauc_recall_at_10_std": -0.133255,
        "nauc_recall_at_10_diff1": 0.010956,
        "nauc_recall_at_20_max": -0.127909,
        "nauc_recall_at_20_std": -0.139379,
        "nauc_recall_at_20_diff1": 0.099595,
        "nauc_recall_at_100_max": 0.038217,
        "nauc_recall_at_100_std": -0.02305,
        "nauc_recall_at_100_diff1": -0.036203,
        "nauc_recall_at_1000_max": 0.123517,
        "nauc_recall_at_1000_std": -0.172498,
        "nauc_recall_at_1000_diff1": 1.0,
        "nauc_precision_at_1_max": -0.018709,
        "nauc_precision_at_1_std": -0.123298,
        "nauc_precision_at_1_diff1": 0.340529,
        "nauc_precision_at_3_max": -0.050001,
        "nauc_precision_at_3_std": -0.055145,
        "nauc_precision_at_3_diff1": 0.042498,
        "nauc_precision_at_5_max": -0.065407,
        "nauc_precision_at_5_std": -0.035543,
        "nauc_precision_at_5_diff1": -0.03654,
        "nauc_precision_at_10_max": -0.118018,
        "nauc_precision_at_10_std": -0.117535,
        "nauc_precision_at_10_diff1": -0.026256,
        "nauc_precision_at_20_max": -0.060667,
        "nauc_precision_at_20_std": -0.115149,
        "nauc_precision_at_20_diff1": 0.072606,
        "nauc_precision_at_100_max": 0.089534,
        "nauc_precision_at_100_std": 0.026668,
        "nauc_precision_at_100_diff1": -0.077801,
        "nauc_precision_at_1000_max": 0.157395,
        "nauc_precision_at_1000_std": 0.161161,
        "nauc_precision_at_1000_diff1": -0.070242,
        "nauc_mrr_at_1_max": -0.018709,
        "nauc_mrr_at_1_std": -0.123298,
        "nauc_mrr_at_1_diff1": 0.340529,
        "nauc_mrr_at_3_max": -0.02303,
        "nauc_mrr_at_3_std": -0.059018,
        "nauc_mrr_at_3_diff1": 0.156164,
        "nauc_mrr_at_5_max": -0.040715,
        "nauc_mrr_at_5_std": -0.066527,
        "nauc_mrr_at_5_diff1": 0.132729,
        "nauc_mrr_at_10_max": -0.064759,
        "nauc_mrr_at_10_std": -0.097923,
        "nauc_mrr_at_10_diff1": 0.146604,
        "nauc_mrr_at_20_max": -0.070382,
        "nauc_mrr_at_20_std": -0.102032,
        "nauc_mrr_at_20_diff1": 0.162885,
        "nauc_mrr_at_100_max": -0.065528,
        "nauc_mrr_at_100_std": -0.093667,
        "nauc_mrr_at_100_diff1": 0.155019,
        "nauc_mrr_at_1000_max": -0.066262,
        "nauc_mrr_at_1000_std": -0.094264,
        "nauc_mrr_at_1000_diff1": 0.156212,
        "main_score": 0.11195,
        "hf_subset": "default",
        "languages": [
          "dan-Latn"
        ]
      }
    ]
  },
  "evaluation_time": 0.07125496864318848,
  "kg_co2_emissions": null
}