{
  "dataset_revision": "2000358ca161889fa9c082cb41daa8dcfb161a54",
  "evaluation_time": 0.3141779899597168,
  "kg_co2_emissions": null,
  "mteb_version": "1.14.15",
  "scores": {
    "test": [
      {
        "hf_subset": "default",
        "languages": [
          "eng-Latn"
        ],
        "main_score": 0.5423949583322935,
        "map": 0.5423949583322935,
        "mrr": 0.6755825968429846,
        "nAUC_map_diff1": 0.15161467557403707,
        "nAUC_map_max": 0.17924242718354827,
        "nAUC_map_std": 0.11333118592351424,
        "nAUC_mrr_diff1": 0.22993618051206965,
        "nAUC_mrr_max": 0.2290209504491936,
        "nAUC_mrr_std": 0.12131969980175454
      }
    ]
  },
  "task_name": "AskUbuntuDupQuestions"
}