{
  "dataset_revision": "d3fb88f8f02e40887cd149695127462bbcf29b4a",
  "evaluation_time": 0.02779388427734375,
  "kg_co2_emissions": null,
  "mteb_version": "1.14.15",
  "scores": {
    "test": [
      {
        "cosine_pearson": 0.7997535229997728,
        "cosine_spearman": 0.7755658645654346,
        "euclidean_pearson": 0.7845282631461923,
        "euclidean_spearman": 0.7755658645654346,
        "hf_subset": "default",
        "languages": [
          "eng-Latn"
        ],
        "main_score": 0.7755658645654346,
        "manhattan_pearson": 0.7829319221254525,
        "manhattan_spearman": 0.7668849438732014,
        "pearson": 0.7997535229997728,
        "spearman": 0.7755658645654346
      }
    ]
  },
  "task_name": "BIOSSES"
}