{
  "dataset_revision": "6184bc1440d2dbc7612be22b50686b8826d22b32",
  "task_name": "CQADupstackProgrammersRetrieval",
  "mteb_version": "1.34.4",
  "scores": {
    "test": [
      {
        "ndcg_at_1": 0.16324,
        "ndcg_at_3": 0.19661,
        "ndcg_at_5": 0.21369,
        "ndcg_at_10": 0.23433,
        "ndcg_at_20": 0.2537,
        "ndcg_at_100": 0.29032,
        "ndcg_at_1000": 0.32389,
        "map_at_1": 0.13699,
        "map_at_3": 0.17462,
        "map_at_5": 0.18529,
        "map_at_10": 0.19466,
        "map_at_20": 0.20043,
        "map_at_100": 0.20583,
        "map_at_1000": 0.20725,
        "recall_at_1": 0.13699,
        "recall_at_3": 0.21813,
        "recall_at_5": 0.25967,
        "recall_at_10": 0.3189,
        "recall_at_20": 0.38838,
        "recall_at_100": 0.56785,
        "recall_at_1000": 0.80697,
        "precision_at_1": 0.16324,
        "precision_at_3": 0.09399,
        "precision_at_5": 0.07055,
        "precision_at_10": 0.04543,
        "precision_at_20": 0.02837,
        "precision_at_100": 0.00885,
        "precision_at_1000": 0.00134,
        "mrr_at_1": 0.163242,
        "mrr_at_3": 0.207192,
        "mrr_at_5": 0.219235,
        "mrr_at_10": 0.228436,
        "mrr_at_20": 0.233641,
        "mrr_at_100": 0.238058,
        "mrr_at_1000": 0.238936,
        "nauc_ndcg_at_1_max": 0.24157,
        "nauc_ndcg_at_1_std": -0.003064,
        "nauc_ndcg_at_1_diff1": 0.407223,
        "nauc_ndcg_at_3_max": 0.20764,
        "nauc_ndcg_at_3_std": -0.015945,
        "nauc_ndcg_at_3_diff1": 0.350419,
        "nauc_ndcg_at_5_max": 0.201063,
        "nauc_ndcg_at_5_std": -0.018595,
        "nauc_ndcg_at_5_diff1": 0.344394,
        "nauc_ndcg_at_10_max": 0.195644,
        "nauc_ndcg_at_10_std": -0.018345,
        "nauc_ndcg_at_10_diff1": 0.333232,
        "nauc_ndcg_at_20_max": 0.208338,
        "nauc_ndcg_at_20_std": 0.000166,
        "nauc_ndcg_at_20_diff1": 0.323474,
        "nauc_ndcg_at_100_max": 0.221895,
        "nauc_ndcg_at_100_std": 0.031052,
        "nauc_ndcg_at_100_diff1": 0.325034,
        "nauc_ndcg_at_1000_max": 0.229837,
        "nauc_ndcg_at_1000_std": 0.046408,
        "nauc_ndcg_at_1000_diff1": 0.332324,
        "nauc_map_at_1_max": 0.225435,
        "nauc_map_at_1_std": -0.027943,
        "nauc_map_at_1_diff1": 0.411073,
        "nauc_map_at_3_max": 0.203836,
        "nauc_map_at_3_std": -0.028374,
        "nauc_map_at_3_diff1": 0.360203,
        "nauc_map_at_5_max": 0.203804,
        "nauc_map_at_5_std": -0.027002,
        "nauc_map_at_5_diff1": 0.358201,
        "nauc_map_at_10_max": 0.203485,
        "nauc_map_at_10_std": -0.024603,
        "nauc_map_at_10_diff1": 0.355095,
        "nauc_map_at_20_max": 0.208728,
        "nauc_map_at_20_std": -0.018236,
        "nauc_map_at_20_diff1": 0.351903,
        "nauc_map_at_100_max": 0.21158,
        "nauc_map_at_100_std": -0.01279,
        "nauc_map_at_100_diff1": 0.352544,
        "nauc_map_at_1000_max": 0.211966,
        "nauc_map_at_1000_std": -0.0118,
        "nauc_map_at_1000_diff1": 0.352991,
        "nauc_recall_at_1_max": 0.225435,
        "nauc_recall_at_1_std": -0.027943,
        "nauc_recall_at_1_diff1": 0.411073,
        "nauc_recall_at_3_max": 0.178724,
        "nauc_recall_at_3_std": -0.025458,
        "nauc_recall_at_3_diff1": 0.305648,
        "nauc_recall_at_5_max": 0.17286,
        "nauc_recall_at_5_std": -0.020188,
        "nauc_recall_at_5_diff1": 0.298958,
        "nauc_recall_at_10_max": 0.160643,
        "nauc_recall_at_10_std": -0.017233,
        "nauc_recall_at_10_diff1": 0.271946,
        "nauc_recall_at_20_max": 0.194198,
        "nauc_recall_at_20_std": 0.039867,
        "nauc_recall_at_20_diff1": 0.235848,
        "nauc_recall_at_100_max": 0.228547,
        "nauc_recall_at_100_std": 0.160241,
        "nauc_recall_at_100_diff1": 0.214846,
        "nauc_recall_at_1000_max": 0.332577,
        "nauc_recall_at_1000_std": 0.413598,
        "nauc_recall_at_1000_diff1": 0.209437,
        "nauc_precision_at_1_max": 0.24157,
        "nauc_precision_at_1_std": -0.003064,
        "nauc_precision_at_1_diff1": 0.407223,
        "nauc_precision_at_3_max": 0.220013,
        "nauc_precision_at_3_std": 0.008934,
        "nauc_precision_at_3_diff1": 0.317475,
        "nauc_precision_at_5_max": 0.200747,
        "nauc_precision_at_5_std": 0.001697,
        "nauc_precision_at_5_diff1": 0.300861,
        "nauc_precision_at_10_max": 0.200116,
        "nauc_precision_at_10_std": 0.030292,
        "nauc_precision_at_10_diff1": 0.255421,
        "nauc_precision_at_20_max": 0.213288,
        "nauc_precision_at_20_std": 0.067493,
        "nauc_precision_at_20_diff1": 0.215453,
        "nauc_precision_at_100_max": 0.212986,
        "nauc_precision_at_100_std": 0.163349,
        "nauc_precision_at_100_diff1": 0.160603,
        "nauc_precision_at_1000_max": 0.119962,
        "nauc_precision_at_1000_std": 0.138213,
        "nauc_precision_at_1000_diff1": 0.072561,
        "nauc_mrr_at_1_max": 0.24157,
        "nauc_mrr_at_1_std": -0.003064,
        "nauc_mrr_at_1_diff1": 0.407223,
        "nauc_mrr_at_3_max": 0.222918,
        "nauc_mrr_at_3_std": -0.001602,
        "nauc_mrr_at_3_diff1": 0.362895,
        "nauc_mrr_at_5_max": 0.214331,
        "nauc_mrr_at_5_std": -0.003631,
        "nauc_mrr_at_5_diff1": 0.360306,
        "nauc_mrr_at_10_max": 0.211062,
        "nauc_mrr_at_10_std": -0.005032,
        "nauc_mrr_at_10_diff1": 0.351916,
        "nauc_mrr_at_20_max": 0.213838,
        "nauc_mrr_at_20_std": -0.000544,
        "nauc_mrr_at_20_diff1": 0.350079,
        "nauc_mrr_at_100_max": 0.215678,
        "nauc_mrr_at_100_std": 0.003467,
        "nauc_mrr_at_100_diff1": 0.350043,
        "nauc_mrr_at_1000_max": 0.215743,
        "nauc_mrr_at_1000_std": 0.003715,
        "nauc_mrr_at_1000_diff1": 0.35041,
        "main_score": 0.23433,
        "hf_subset": "default",
        "languages": [
          "eng-Latn"
        ]
      }
    ]
  },
  "evaluation_time": 7.104750871658325,
  "kg_co2_emissions": null
}