{
  "dataset_revision": "4885aa143210c98657558c04aaf3dc47cfb54340",
  "evaluation_time": 10.179738998413086,
  "kg_co2_emissions": null,
  "mteb_version": "1.14.15",
  "scores": {
    "test": [
      {
        "hf_subset": "default",
        "languages": [
          "eng-Latn"
        ],
        "main_score": 0.41524,
        "map_at_1": 0.27182,
        "map_at_10": 0.36466,
        "map_at_100": 0.37509,
        "map_at_1000": 0.37601,
        "map_at_20": 0.37013,
        "map_at_3": 0.33668,
        "map_at_5": 0.35397,
        "mrr_at_1": 0.3141065830721003,
        "mrr_at_10": 0.397386674628054,
        "mrr_at_100": 0.40566291942215804,
        "mrr_at_1000": 0.4062074545423136,
        "mrr_at_20": 0.4017493429534493,
        "mrr_at_3": 0.37324973876698,
        "mrr_at_5": 0.38826541274817145,
        "nauc_map_at_1000_diff1": 0.436362711634798,
        "nauc_map_at_1000_max": 0.2651973662978097,
        "nauc_map_at_1000_std": -0.09384141101744808,
        "nauc_map_at_100_diff1": 0.43619611228557537,
        "nauc_map_at_100_max": 0.26487007810288454,
        "nauc_map_at_100_std": -0.09420758617427817,
        "nauc_map_at_10_diff1": 0.43752414774742804,
        "nauc_map_at_10_max": 0.2638278975123384,
        "nauc_map_at_10_std": -0.09769072712489033,
        "nauc_map_at_1_diff1": 0.4704811157014266,
        "nauc_map_at_1_max": 0.2154129949413187,
        "nauc_map_at_1_std": -0.12019452027355847,
        "nauc_map_at_20_diff1": 0.4367221694778217,
        "nauc_map_at_20_max": 0.26485649204915396,
        "nauc_map_at_20_std": -0.09524911676842086,
        "nauc_map_at_3_diff1": 0.44348004771454574,
        "nauc_map_at_3_max": 0.24826912771861814,
        "nauc_map_at_3_std": -0.10965059117490936,
        "nauc_map_at_5_diff1": 0.4399455131879081,
        "nauc_map_at_5_max": 0.25971868217929883,
        "nauc_map_at_5_std": -0.10343047286710717,
        "nauc_mrr_at_1000_diff1": 0.4366578805155167,
        "nauc_mrr_at_1000_max": 0.28571240161784756,
        "nauc_mrr_at_1000_std": -0.07411351066733753,
        "nauc_mrr_at_100_diff1": 0.4364279734673117,
        "nauc_mrr_at_100_max": 0.28567634128513597,
        "nauc_mrr_at_100_std": -0.0740852157646149,
        "nauc_mrr_at_10_diff1": 0.43782023975278134,
        "nauc_mrr_at_10_max": 0.28790688045761287,
        "nauc_mrr_at_10_std": -0.07440405024660997,
        "nauc_mrr_at_1_diff1": 0.47695888805627473,
        "nauc_mrr_at_1_max": 0.2582725382005077,
        "nauc_mrr_at_1_std": -0.09926228290630222,
        "nauc_mrr_at_20_diff1": 0.4370864148086972,
        "nauc_mrr_at_20_max": 0.28624617221296356,
        "nauc_mrr_at_20_std": -0.07434036146233566,
        "nauc_mrr_at_3_diff1": 0.44074855443552025,
        "nauc_mrr_at_3_max": 0.2791045046221934,
        "nauc_mrr_at_3_std": -0.08482348718508304,
        "nauc_mrr_at_5_diff1": 0.43982929810180144,
        "nauc_mrr_at_5_max": 0.28744111522007043,
        "nauc_mrr_at_5_std": -0.07787954236435399,
        "nauc_ndcg_at_1000_diff1": 0.42100416444667377,
        "nauc_ndcg_at_1000_max": 0.28778897448421065,
        "nauc_ndcg_at_1000_std": -0.05940439957350017,
        "nauc_ndcg_at_100_diff1": 0.4167916983287973,
        "nauc_ndcg_at_100_max": 0.2839129500041355,
        "nauc_ndcg_at_100_std": -0.06345103468712074,
        "nauc_ndcg_at_10_diff1": 0.4243970626182128,
        "nauc_ndcg_at_10_max": 0.286158195146179,
        "nauc_ndcg_at_10_std": -0.0764060877035925,
        "nauc_ndcg_at_1_diff1": 0.47695888805627473,
        "nauc_ndcg_at_1_max": 0.2582725382005077,
        "nauc_ndcg_at_1_std": -0.09926228290630222,
        "nauc_ndcg_at_20_diff1": 0.4203681959175668,
        "nauc_ndcg_at_20_max": 0.28453546652524886,
        "nauc_ndcg_at_20_std": -0.07152848103502503,
        "nauc_ndcg_at_3_diff1": 0.4337129896398724,
        "nauc_ndcg_at_3_max": 0.264789534797009,
        "nauc_ndcg_at_3_std": -0.09679309883071228,
        "nauc_ndcg_at_5_diff1": 0.43006203965572803,
        "nauc_ndcg_at_5_max": 0.28064633302237335,
        "nauc_ndcg_at_5_std": -0.087910164137182,
        "nauc_precision_at_1000_diff1": -0.005507173446795858,
        "nauc_precision_at_1000_max": 0.22126966541299342,
        "nauc_precision_at_1000_std": 0.20148121474343322,
        "nauc_precision_at_100_diff1": 0.1044995531655567,
        "nauc_precision_at_100_max": 0.2656665886767694,
        "nauc_precision_at_100_std": 0.12195696500074582,
        "nauc_precision_at_10_diff1": 0.26158452845146335,
        "nauc_precision_at_10_max": 0.3201459975128394,
        "nauc_precision_at_10_std": 0.01974561798960782,
        "nauc_precision_at_1_diff1": 0.47695888805627473,
        "nauc_precision_at_1_max": 0.2582725382005077,
        "nauc_precision_at_1_std": -0.09926228290630222,
        "nauc_precision_at_20_diff1": 0.22032211497868598,
        "nauc_precision_at_20_max": 0.31233368398218486,
        "nauc_precision_at_20_std": 0.06013804577433131,
        "nauc_precision_at_3_diff1": 0.35546750214334677,
        "nauc_precision_at_3_max": 0.30674121449268543,
        "nauc_precision_at_3_std": -0.05765186040985941,
        "nauc_precision_at_5_diff1": 0.3145859254924173,
        "nauc_precision_at_5_max": 0.32973154935023186,
        "nauc_precision_at_5_std": -0.02541487737695983,
        "nauc_recall_at_1000_diff1": 0.26304660389426215,
        "nauc_recall_at_1000_max": 0.4040142884386854,
        "nauc_recall_at_1000_std": 0.3252964130415882,
        "nauc_recall_at_100_diff1": 0.2934464624806448,
        "nauc_recall_at_100_max": 0.30235178076671676,
        "nauc_recall_at_100_std": 0.0752291487382479,
        "nauc_recall_at_10_diff1": 0.36611201944418376,
        "nauc_recall_at_10_max": 0.3124170076999929,
        "nauc_recall_at_10_std": -0.029884690234741784,
        "nauc_recall_at_1_diff1": 0.4704811157014266,
        "nauc_recall_at_1_max": 0.2154129949413187,
        "nauc_recall_at_1_std": -0.12019452027355847,
        "nauc_recall_at_20_diff1": 0.3463747670575681,
        "nauc_recall_at_20_max": 0.3043743109165214,
        "nauc_recall_at_20_std": -0.012271955368057669,
        "nauc_recall_at_3_diff1": 0.39910518744862816,
        "nauc_recall_at_3_max": 0.26560414903761115,
        "nauc_recall_at_3_std": -0.086755601946905,
        "nauc_recall_at_5_diff1": 0.3875064222937078,
        "nauc_recall_at_5_max": 0.29845489039156003,
        "nauc_recall_at_5_std": -0.06453948528328865,
        "ndcg_at_1": 0.31411,
        "ndcg_at_10": 0.41524,
        "ndcg_at_100": 0.46504,
        "ndcg_at_1000": 0.48597,
        "ndcg_at_20": 0.43256,
        "ndcg_at_3": 0.36579,
        "ndcg_at_5": 0.39278,
        "precision_at_1": 0.31411,
        "precision_at_10": 0.06871,
        "precision_at_100": 0.01023,
        "precision_at_1000": 0.00128,
        "precision_at_20": 0.03915,
        "precision_at_3": 0.16385,
        "precision_at_5": 0.11687,
        "recall_at_1": 0.27182,
        "recall_at_10": 0.53385,
        "recall_at_100": 0.76191,
        "recall_at_1000": 0.91365,
        "recall_at_20": 0.59953,
        "recall_at_3": 0.40388,
        "recall_at_5": 0.46885
      }
    ]
  },
  "task_name": "CQADupstackGamingRetrieval"
}