{
  "dataset_revision": "f46a197baaae43b4f621051089b82a364682dfeb",
  "task_name": "CQADupstackAndroidRetrieval",
  "mteb_version": "1.34.4",
  "scores": {
    "test": [
      {
        "ndcg_at_1": 0.26466,
        "ndcg_at_3": 0.29809,
        "ndcg_at_5": 0.3134,
        "ndcg_at_10": 0.33725,
        "ndcg_at_20": 0.35567,
        "ndcg_at_100": 0.39173,
        "ndcg_at_1000": 0.42232,
        "map_at_1": 0.21258,
        "map_at_3": 0.26094,
        "map_at_5": 0.27389,
        "map_at_10": 0.28599,
        "map_at_20": 0.29229,
        "map_at_100": 0.29843,
        "map_at_1000": 0.30005,
        "recall_at_1": 0.21258,
        "recall_at_3": 0.31159,
        "recall_at_5": 0.35879,
        "recall_at_10": 0.43312,
        "recall_at_20": 0.50042,
        "recall_at_100": 0.67238,
        "recall_at_1000": 0.87595,
        "precision_at_1": 0.26466,
        "precision_at_3": 0.14449,
        "precision_at_5": 0.10358,
        "precision_at_10": 0.06466,
        "precision_at_20": 0.03906,
        "precision_at_100": 0.01157,
        "precision_at_1000": 0.00175,
        "mrr_at_1": 0.264664,
        "mrr_at_3": 0.317597,
        "mrr_at_5": 0.330615,
        "mrr_at_10": 0.341614,
        "mrr_at_20": 0.346089,
        "mrr_at_100": 0.350188,
        "mrr_at_1000": 0.350977,
        "nauc_ndcg_at_1_max": 0.315331,
        "nauc_ndcg_at_1_std": 0.02142,
        "nauc_ndcg_at_1_diff1": 0.525786,
        "nauc_ndcg_at_3_max": 0.285604,
        "nauc_ndcg_at_3_std": 0.018543,
        "nauc_ndcg_at_3_diff1": 0.45419,
        "nauc_ndcg_at_5_max": 0.285664,
        "nauc_ndcg_at_5_std": 0.016743,
        "nauc_ndcg_at_5_diff1": 0.449861,
        "nauc_ndcg_at_10_max": 0.27908,
        "nauc_ndcg_at_10_std": 0.019864,
        "nauc_ndcg_at_10_diff1": 0.435566,
        "nauc_ndcg_at_20_max": 0.278826,
        "nauc_ndcg_at_20_std": 0.017704,
        "nauc_ndcg_at_20_diff1": 0.428324,
        "nauc_ndcg_at_100_max": 0.292161,
        "nauc_ndcg_at_100_std": 0.038427,
        "nauc_ndcg_at_100_diff1": 0.436249,
        "nauc_ndcg_at_1000_max": 0.296333,
        "nauc_ndcg_at_1000_std": 0.04486,
        "nauc_ndcg_at_1000_diff1": 0.437539,
        "nauc_map_at_1_max": 0.298754,
        "nauc_map_at_1_std": 0.006705,
        "nauc_map_at_1_diff1": 0.521434,
        "nauc_map_at_3_max": 0.286033,
        "nauc_map_at_3_std": 0.009438,
        "nauc_map_at_3_diff1": 0.480783,
        "nauc_map_at_5_max": 0.286523,
        "nauc_map_at_5_std": 0.009718,
        "nauc_map_at_5_diff1": 0.476937,
        "nauc_map_at_10_max": 0.284309,
        "nauc_map_at_10_std": 0.012745,
        "nauc_map_at_10_diff1": 0.468887,
        "nauc_map_at_20_max": 0.286487,
        "nauc_map_at_20_std": 0.011964,
        "nauc_map_at_20_diff1": 0.46674,
        "nauc_map_at_100_max": 0.289169,
        "nauc_map_at_100_std": 0.015021,
        "nauc_map_at_100_diff1": 0.467961,
        "nauc_map_at_1000_max": 0.28937,
        "nauc_map_at_1000_std": 0.015488,
        "nauc_map_at_1000_diff1": 0.467662,
        "nauc_recall_at_1_max": 0.298754,
        "nauc_recall_at_1_std": 0.006705,
        "nauc_recall_at_1_diff1": 0.521434,
        "nauc_recall_at_3_max": 0.2473,
        "nauc_recall_at_3_std": 0.017296,
        "nauc_recall_at_3_diff1": 0.406195,
        "nauc_recall_at_5_max": 0.247233,
        "nauc_recall_at_5_std": 0.019195,
        "nauc_recall_at_5_diff1": 0.385528,
        "nauc_recall_at_10_max": 0.220858,
        "nauc_recall_at_10_std": 0.032873,
        "nauc_recall_at_10_diff1": 0.333628,
        "nauc_recall_at_20_max": 0.215012,
        "nauc_recall_at_20_std": 0.025674,
        "nauc_recall_at_20_diff1": 0.299378,
        "nauc_recall_at_100_max": 0.2625,
        "nauc_recall_at_100_std": 0.140345,
        "nauc_recall_at_100_diff1": 0.300156,
        "nauc_recall_at_1000_max": 0.332681,
        "nauc_recall_at_1000_std": 0.380649,
        "nauc_recall_at_1000_diff1": 0.281585,
        "nauc_precision_at_1_max": 0.315331,
        "nauc_precision_at_1_std": 0.02142,
        "nauc_precision_at_1_diff1": 0.525786,
        "nauc_precision_at_3_max": 0.279236,
        "nauc_precision_at_3_std": 0.01842,
        "nauc_precision_at_3_diff1": 0.380248,
        "nauc_precision_at_5_max": 0.265154,
        "nauc_precision_at_5_std": 0.021638,
        "nauc_precision_at_5_diff1": 0.342577,
        "nauc_precision_at_10_max": 0.234563,
        "nauc_precision_at_10_std": 0.037432,
        "nauc_precision_at_10_diff1": 0.248533,
        "nauc_precision_at_20_max": 0.201868,
        "nauc_precision_at_20_std": 0.019967,
        "nauc_precision_at_20_diff1": 0.168749,
        "nauc_precision_at_100_max": 0.13335,
        "nauc_precision_at_100_std": 0.069306,
        "nauc_precision_at_100_diff1": 0.074415,
        "nauc_precision_at_1000_max": -0.003408,
        "nauc_precision_at_1000_std": 0.021037,
        "nauc_precision_at_1000_diff1": -0.054841,
        "nauc_mrr_at_1_max": 0.315331,
        "nauc_mrr_at_1_std": 0.02142,
        "nauc_mrr_at_1_diff1": 0.525786,
        "nauc_mrr_at_3_max": 0.30554,
        "nauc_mrr_at_3_std": 0.025301,
        "nauc_mrr_at_3_diff1": 0.465301,
        "nauc_mrr_at_5_max": 0.307784,
        "nauc_mrr_at_5_std": 0.025583,
        "nauc_mrr_at_5_diff1": 0.460551,
        "nauc_mrr_at_10_max": 0.302276,
        "nauc_mrr_at_10_std": 0.025467,
        "nauc_mrr_at_10_diff1": 0.454193,
        "nauc_mrr_at_20_max": 0.300682,
        "nauc_mrr_at_20_std": 0.024988,
        "nauc_mrr_at_20_diff1": 0.451568,
        "nauc_mrr_at_100_max": 0.301847,
        "nauc_mrr_at_100_std": 0.026741,
        "nauc_mrr_at_100_diff1": 0.45306,
        "nauc_mrr_at_1000_max": 0.302043,
        "nauc_mrr_at_1000_std": 0.026878,
        "nauc_mrr_at_1000_diff1": 0.453312,
        "main_score": 0.33725,
        "hf_subset": "default",
        "languages": [
          "eng-Latn"
        ]
      }
    ]
  },
  "evaluation_time": 5.592949867248535,
  "kg_co2_emissions": null
}