{
  "dataset_revision": "6c6430d3a6d36f8d2a829195bc5dc94d7e063e53",
  "evaluation_time": 10.929927110671997,
  "kg_co2_emissions": null,
  "mteb_version": "1.14.15",
  "scores": {
    "test": [
      {
        "hf_subset": "default",
        "languages": [
          "eng-Latn"
        ],
        "main_score": 0.21052,
        "map_at_1": 0.12426,
        "map_at_10": 0.17587,
        "map_at_100": 0.18442,
        "map_at_1000": 0.18568,
        "map_at_20": 0.18015,
        "map_at_3": 0.15917,
        "map_at_5": 0.16861,
        "mrr_at_1": 0.146455223880597,
        "mrr_at_10": 0.2031272210376687,
        "mrr_at_100": 0.21125419140238996,
        "mrr_at_1000": 0.21228376879806787,
        "mrr_at_20": 0.20729995038526874,
        "mrr_at_3": 0.18470149253731347,
        "mrr_at_5": 0.1944029850746268,
        "nauc_map_at_1000_diff1": 0.3933163341095681,
        "nauc_map_at_1000_max": 0.29332723485192586,
        "nauc_map_at_1000_std": -0.0631422961090444,
        "nauc_map_at_100_diff1": 0.39356962232089493,
        "nauc_map_at_100_max": 0.2929182744708269,
        "nauc_map_at_100_std": -0.0635811017658816,
        "nauc_map_at_10_diff1": 0.3989765883980389,
        "nauc_map_at_10_max": 0.29498700843025605,
        "nauc_map_at_10_std": -0.06775819565477977,
        "nauc_map_at_1_diff1": 0.4764138101908174,
        "nauc_map_at_1_max": 0.360817071041123,
        "nauc_map_at_1_std": -0.08598429631750429,
        "nauc_map_at_20_diff1": 0.3955686797301435,
        "nauc_map_at_20_max": 0.29425728630412723,
        "nauc_map_at_20_std": -0.06649835548624504,
        "nauc_map_at_3_diff1": 0.41552555056268387,
        "nauc_map_at_3_max": 0.3096502254071237,
        "nauc_map_at_3_std": -0.07321893674664093,
        "nauc_map_at_5_diff1": 0.4076985356532814,
        "nauc_map_at_5_max": 0.29511663011170364,
        "nauc_map_at_5_std": -0.07524984450207084,
        "nauc_mrr_at_1000_diff1": 0.3911092477850431,
        "nauc_mrr_at_1000_max": 0.304866545203556,
        "nauc_mrr_at_1000_std": -0.04889664679047175,
        "nauc_mrr_at_100_diff1": 0.3910714043846902,
        "nauc_mrr_at_100_max": 0.3049597097533955,
        "nauc_mrr_at_100_std": -0.04897573896410925,
        "nauc_mrr_at_10_diff1": 0.396637855428504,
        "nauc_mrr_at_10_max": 0.3066514479594394,
        "nauc_mrr_at_10_std": -0.05168074959781463,
        "nauc_mrr_at_1_diff1": 0.48386216593053377,
        "nauc_mrr_at_1_max": 0.37643270167025483,
        "nauc_mrr_at_1_std": -0.06465749697952698,
        "nauc_mrr_at_20_diff1": 0.3927186939293,
        "nauc_mrr_at_20_max": 0.3061566429797341,
        "nauc_mrr_at_20_std": -0.0516582726329683,
        "nauc_mrr_at_3_diff1": 0.4123023142998567,
        "nauc_mrr_at_3_max": 0.32006762101712594,
        "nauc_mrr_at_3_std": -0.056138678801512014,
        "nauc_mrr_at_5_diff1": 0.40471318774809273,
        "nauc_mrr_at_5_max": 0.30358316446904404,
        "nauc_mrr_at_5_std": -0.06042273290129676,
        "nauc_ndcg_at_1000_diff1": 0.3403909552522836,
        "nauc_ndcg_at_1000_max": 0.27339727583523205,
        "nauc_ndcg_at_1000_std": -0.021385641663234253,
        "nauc_ndcg_at_100_diff1": 0.3450706875780665,
        "nauc_ndcg_at_100_max": 0.26517497925440947,
        "nauc_ndcg_at_100_std": -0.030287263572679576,
        "nauc_ndcg_at_10_diff1": 0.3668381444467528,
        "nauc_ndcg_at_10_max": 0.27445104277139815,
        "nauc_ndcg_at_10_std": -0.05434347382364577,
        "nauc_ndcg_at_1_diff1": 0.48386216593053377,
        "nauc_ndcg_at_1_max": 0.37643270167025483,
        "nauc_ndcg_at_1_std": -0.06465749697952698,
        "nauc_ndcg_at_20_diff1": 0.3562521976436465,
        "nauc_ndcg_at_20_max": 0.2722284657323637,
        "nauc_ndcg_at_20_std": -0.05212168832453886,
        "nauc_ndcg_at_3_diff1": 0.39656586322893883,
        "nauc_ndcg_at_3_max": 0.3016574604833707,
        "nauc_ndcg_at_3_std": -0.06483184171621599,
        "nauc_ndcg_at_5_diff1": 0.384355745972649,
        "nauc_ndcg_at_5_max": 0.2729234402819966,
        "nauc_ndcg_at_5_std": -0.07163637857767252,
        "nauc_precision_at_1000_diff1": -0.0057571248816943405,
        "nauc_precision_at_1000_max": 0.1629256700958668,
        "nauc_precision_at_1000_std": 0.12307495698059248,
        "nauc_precision_at_100_diff1": 0.14066163778136764,
        "nauc_precision_at_100_max": 0.19903757174483383,
        "nauc_precision_at_100_std": 0.0842941836057799,
        "nauc_precision_at_10_diff1": 0.27400621411389237,
        "nauc_precision_at_10_max": 0.24331893027882526,
        "nauc_precision_at_10_std": -0.0014920457766396567,
        "nauc_precision_at_1_diff1": 0.48386216593053377,
        "nauc_precision_at_1_max": 0.37643270167025483,
        "nauc_precision_at_1_std": -0.06465749697952698,
        "nauc_precision_at_20_diff1": 0.2237358263091247,
        "nauc_precision_at_20_max": 0.22520668242414693,
        "nauc_precision_at_20_std": -0.0008668534976010909,
        "nauc_precision_at_3_diff1": 0.3496831803301659,
        "nauc_precision_at_3_max": 0.26776959232155156,
        "nauc_precision_at_3_std": -0.040661902545885475,
        "nauc_precision_at_5_diff1": 0.3192774951184664,
        "nauc_precision_at_5_max": 0.22133595472823778,
        "nauc_precision_at_5_std": -0.04659887568906566,
        "nauc_recall_at_1000_diff1": 0.09864518875286782,
        "nauc_recall_at_1000_max": 0.16079783011341842,
        "nauc_recall_at_1000_std": 0.18422744210796466,
        "nauc_recall_at_100_diff1": 0.19825105290912773,
        "nauc_recall_at_100_max": 0.1537650728304029,
        "nauc_recall_at_100_std": 0.06656479057915567,
        "nauc_recall_at_10_diff1": 0.27968188448369635,
        "nauc_recall_at_10_max": 0.20468242077216572,
        "nauc_recall_at_10_std": -0.031952996623685566,
        "nauc_recall_at_1_diff1": 0.4764138101908174,
        "nauc_recall_at_1_max": 0.360817071041123,
        "nauc_recall_at_1_std": -0.08598429631750429,
        "nauc_recall_at_20_diff1": 0.24881472147156558,
        "nauc_recall_at_20_max": 0.19539649229845485,
        "nauc_recall_at_20_std": -0.02597679057149296,
        "nauc_recall_at_3_diff1": 0.35011852772709273,
        "nauc_recall_at_3_max": 0.2542121427465917,
        "nauc_recall_at_3_std": -0.06475117977119084,
        "nauc_recall_at_5_diff1": 0.32338915753823344,
        "nauc_recall_at_5_max": 0.1984609317314949,
        "nauc_recall_at_5_std": -0.07713982073904097,
        "ndcg_at_1": 0.14646,
        "ndcg_at_10": 0.21052,
        "ndcg_at_100": 0.25504,
        "ndcg_at_1000": 0.2898,
        "ndcg_at_20": 0.22595,
        "ndcg_at_3": 0.17736,
        "ndcg_at_5": 0.19283,
        "precision_at_1": 0.14646,
        "precision_at_10": 0.03703,
        "precision_at_100": 0.00658,
        "precision_at_1000": 0.00107,
        "precision_at_20": 0.02248,
        "precision_at_3": 0.08209,
        "precision_at_5": 0.05933,
        "recall_at_1": 0.12426,
        "recall_at_10": 0.28978,
        "recall_at_100": 0.49309,
        "recall_at_1000": 0.74906,
        "recall_at_20": 0.34777,
        "recall_at_3": 0.19975,
        "recall_at_5": 0.23848
      }
    ]
  },
  "task_name": "CQADupstackUnixRetrieval"
}