{
  "dataset_revision": "f46a197baaae43b4f621051089b82a364682dfeb",
  "evaluation_time": 5.133512020111084,
  "kg_co2_emissions": null,
  "mteb_version": "1.14.15",
  "scores": {
    "test": [
      {
        "hf_subset": "default",
        "languages": [
          "eng-Latn"
        ],
        "main_score": 0.33725,
        "map_at_1": 0.21258,
        "map_at_10": 0.28599,
        "map_at_100": 0.29843,
        "map_at_1000": 0.30005,
        "map_at_20": 0.29229,
        "map_at_3": 0.26094,
        "map_at_5": 0.27389,
        "mrr_at_1": 0.2646638054363376,
        "mrr_at_10": 0.3416138701546427,
        "mrr_at_100": 0.3501880684350975,
        "mrr_at_1000": 0.35097674914914484,
        "mrr_at_20": 0.34608875671273526,
        "mrr_at_3": 0.3175965665236053,
        "mrr_at_5": 0.330615164520744,
        "nauc_map_at_1000_diff1": 0.4676618191845667,
        "nauc_map_at_1000_max": 0.28936982238257397,
        "nauc_map_at_1000_std": 0.015487908974992422,
        "nauc_map_at_100_diff1": 0.4679609783493257,
        "nauc_map_at_100_max": 0.2891692780284247,
        "nauc_map_at_100_std": 0.015021224072532879,
        "nauc_map_at_10_diff1": 0.46888703900446005,
        "nauc_map_at_10_max": 0.28430902905408695,
        "nauc_map_at_10_std": 0.012744648249804116,
        "nauc_map_at_1_diff1": 0.5214341894573097,
        "nauc_map_at_1_max": 0.29875439659067454,
        "nauc_map_at_1_std": 0.006705337537921776,
        "nauc_map_at_20_diff1": 0.46673962191479795,
        "nauc_map_at_20_max": 0.286487049197731,
        "nauc_map_at_20_std": 0.011964262509403831,
        "nauc_map_at_3_diff1": 0.4807832610616913,
        "nauc_map_at_3_max": 0.28603262558740783,
        "nauc_map_at_3_std": 0.009437647740681423,
        "nauc_map_at_5_diff1": 0.47693694079693105,
        "nauc_map_at_5_max": 0.2865229154150805,
        "nauc_map_at_5_std": 0.009717878478952752,
        "nauc_mrr_at_1000_diff1": 0.4533122685593024,
        "nauc_mrr_at_1000_max": 0.3020433846528405,
        "nauc_mrr_at_1000_std": 0.026878263560343233,
        "nauc_mrr_at_100_diff1": 0.4530601560173918,
        "nauc_mrr_at_100_max": 0.3018471672521032,
        "nauc_mrr_at_100_std": 0.026740730209438904,
        "nauc_mrr_at_10_diff1": 0.4541931593964348,
        "nauc_mrr_at_10_max": 0.30227605387613377,
        "nauc_mrr_at_10_std": 0.025467078314775106,
        "nauc_mrr_at_1_diff1": 0.525786170064027,
        "nauc_mrr_at_1_max": 0.3153312411342561,
        "nauc_mrr_at_1_std": 0.02142001651137791,
        "nauc_mrr_at_20_diff1": 0.451567569739636,
        "nauc_mrr_at_20_max": 0.30068202057592075,
        "nauc_mrr_at_20_std": 0.024987782512763127,
        "nauc_mrr_at_3_diff1": 0.46530109505149125,
        "nauc_mrr_at_3_max": 0.3055396071943546,
        "nauc_mrr_at_3_std": 0.025301194724381776,
        "nauc_mrr_at_5_diff1": 0.4605508257170174,
        "nauc_mrr_at_5_max": 0.30778384564258776,
        "nauc_mrr_at_5_std": 0.02558309698641406,
        "nauc_ndcg_at_1000_diff1": 0.43753900702619725,
        "nauc_ndcg_at_1000_max": 0.29633265380008683,
        "nauc_ndcg_at_1000_std": 0.044860491415684184,
        "nauc_ndcg_at_100_diff1": 0.4362494408120729,
        "nauc_ndcg_at_100_max": 0.2921612586326204,
        "nauc_ndcg_at_100_std": 0.03842661790730197,
        "nauc_ndcg_at_10_diff1": 0.4355664235851717,
        "nauc_ndcg_at_10_max": 0.2790795917403063,
        "nauc_ndcg_at_10_std": 0.019864038329637217,
        "nauc_ndcg_at_1_diff1": 0.525786170064027,
        "nauc_ndcg_at_1_max": 0.3153312411342561,
        "nauc_ndcg_at_1_std": 0.02142001651137791,
        "nauc_ndcg_at_20_diff1": 0.4283241987465397,
        "nauc_ndcg_at_20_max": 0.2788256330396997,
        "nauc_ndcg_at_20_std": 0.017703781723570542,
        "nauc_ndcg_at_3_diff1": 0.454190097736324,
        "nauc_ndcg_at_3_max": 0.28560425888173796,
        "nauc_ndcg_at_3_std": 0.01854268064126404,
        "nauc_ndcg_at_5_diff1": 0.4498606135986684,
        "nauc_ndcg_at_5_max": 0.2856636502144034,
        "nauc_ndcg_at_5_std": 0.01674280547278976,
        "nauc_precision_at_1000_diff1": -0.054841077392281036,
        "nauc_precision_at_1000_max": -0.0034081891189369174,
        "nauc_precision_at_1000_std": 0.021036736091111584,
        "nauc_precision_at_100_diff1": 0.07441486720589044,
        "nauc_precision_at_100_max": 0.13334970101878652,
        "nauc_precision_at_100_std": 0.06930635269596506,
        "nauc_precision_at_10_diff1": 0.24853282788022366,
        "nauc_precision_at_10_max": 0.2345632252018925,
        "nauc_precision_at_10_std": 0.03743207505670627,
        "nauc_precision_at_1_diff1": 0.525786170064027,
        "nauc_precision_at_1_max": 0.3153312411342561,
        "nauc_precision_at_1_std": 0.02142001651137791,
        "nauc_precision_at_20_diff1": 0.16874948719815144,
        "nauc_precision_at_20_max": 0.20186814805341796,
        "nauc_precision_at_20_std": 0.01996681050839198,
        "nauc_precision_at_3_diff1": 0.3802476874042044,
        "nauc_precision_at_3_max": 0.27923642221335315,
        "nauc_precision_at_3_std": 0.018419511224120978,
        "nauc_precision_at_5_diff1": 0.34257705852347975,
        "nauc_precision_at_5_max": 0.2651537237704359,
        "nauc_precision_at_5_std": 0.02163772617566363,
        "nauc_recall_at_1000_diff1": 0.28158519011741967,
        "nauc_recall_at_1000_max": 0.3326807338931001,
        "nauc_recall_at_1000_std": 0.38064893564297303,
        "nauc_recall_at_100_diff1": 0.300156168828398,
        "nauc_recall_at_100_max": 0.26250024559731,
        "nauc_recall_at_100_std": 0.14034527192600874,
        "nauc_recall_at_10_diff1": 0.33362811050628716,
        "nauc_recall_at_10_max": 0.2208581852634732,
        "nauc_recall_at_10_std": 0.03287335910498459,
        "nauc_recall_at_1_diff1": 0.5214341894573097,
        "nauc_recall_at_1_max": 0.29875439659067454,
        "nauc_recall_at_1_std": 0.006705337537921776,
        "nauc_recall_at_20_diff1": 0.299377683089396,
        "nauc_recall_at_20_max": 0.21501166512666364,
        "nauc_recall_at_20_std": 0.025674343420113637,
        "nauc_recall_at_3_diff1": 0.40619503057517325,
        "nauc_recall_at_3_max": 0.24729983168436684,
        "nauc_recall_at_3_std": 0.017296166060546278,
        "nauc_recall_at_5_diff1": 0.38552821903528056,
        "nauc_recall_at_5_max": 0.24723317875854456,
        "nauc_recall_at_5_std": 0.01919467574179939,
        "ndcg_at_1": 0.26466,
        "ndcg_at_10": 0.33725,
        "ndcg_at_100": 0.39173,
        "ndcg_at_1000": 0.42232,
        "ndcg_at_20": 0.35567,
        "ndcg_at_3": 0.29809,
        "ndcg_at_5": 0.3134,
        "precision_at_1": 0.26466,
        "precision_at_10": 0.06466,
        "precision_at_100": 0.01157,
        "precision_at_1000": 0.00175,
        "precision_at_20": 0.03906,
        "precision_at_3": 0.14449,
        "precision_at_5": 0.10358,
        "recall_at_1": 0.21258,
        "recall_at_10": 0.43312,
        "recall_at_100": 0.67238,
        "recall_at_1000": 0.87595,
        "recall_at_20": 0.50042,
        "recall_at_3": 0.31159,
        "recall_at_5": 0.35879
      }
    ]
  },
  "task_name": "CQADupstackAndroidRetrieval"
}