{
  "dataset_revision": "4ffe81d471b1924886b33c7567bfb200e9eec5c4",
  "task_name": "CQADupstackWordpressRetrieval",
  "mteb_version": "1.34.4",
  "scores": {
    "test": [
      {
        "ndcg_at_1": 0.13124,
        "ndcg_at_3": 0.15227,
        "ndcg_at_5": 0.16352,
        "ndcg_at_10": 0.18494,
        "ndcg_at_20": 0.19932,
        "ndcg_at_100": 0.23307,
        "ndcg_at_1000": 0.26522,
        "map_at_1": 0.12113,
        "map_at_3": 0.14236,
        "map_at_5": 0.14864,
        "map_at_10": 0.15742,
        "map_at_20": 0.16133,
        "map_at_100": 0.16588,
        "map_at_1000": 0.16696,
        "recall_at_1": 0.12113,
        "recall_at_3": 0.16956,
        "recall_at_5": 0.19667,
        "recall_at_10": 0.25912,
        "recall_at_20": 0.31226,
        "recall_at_100": 0.49112,
        "recall_at_1000": 0.74208,
        "precision_at_1": 0.13124,
        "precision_at_3": 0.06161,
        "precision_at_5": 0.04325,
        "precision_at_10": 0.02994,
        "precision_at_20": 0.01848,
        "precision_at_100": 0.00588,
        "precision_at_1000": 0.00093,
        "mrr_at_1": 0.131238,
        "mrr_at_3": 0.153728,
        "mrr_at_5": 0.160937,
        "mrr_at_10": 0.170487,
        "mrr_at_20": 0.174902,
        "mrr_at_100": 0.179232,
        "mrr_at_1000": 0.180168,
        "nauc_ndcg_at_1_max": 0.204529,
        "nauc_ndcg_at_1_std": -0.069226,
        "nauc_ndcg_at_1_diff1": 0.343381,
        "nauc_ndcg_at_3_max": 0.143218,
        "nauc_ndcg_at_3_std": -0.074997,
        "nauc_ndcg_at_3_diff1": 0.284322,
        "nauc_ndcg_at_5_max": 0.148723,
        "nauc_ndcg_at_5_std": -0.058436,
        "nauc_ndcg_at_5_diff1": 0.278808,
        "nauc_ndcg_at_10_max": 0.147971,
        "nauc_ndcg_at_10_std": -0.042678,
        "nauc_ndcg_at_10_diff1": 0.280093,
        "nauc_ndcg_at_20_max": 0.149863,
        "nauc_ndcg_at_20_std": -0.030822,
        "nauc_ndcg_at_20_diff1": 0.273829,
        "nauc_ndcg_at_100_max": 0.15077,
        "nauc_ndcg_at_100_std": -0.018951,
        "nauc_ndcg_at_100_diff1": 0.269105,
        "nauc_ndcg_at_1000_max": 0.146497,
        "nauc_ndcg_at_1000_std": -0.00549,
        "nauc_ndcg_at_1000_diff1": 0.273094,
        "nauc_map_at_1_max": 0.194023,
        "nauc_map_at_1_std": -0.068418,
        "nauc_map_at_1_diff1": 0.341982,
        "nauc_map_at_3_max": 0.151677,
        "nauc_map_at_3_std": -0.074249,
        "nauc_map_at_3_diff1": 0.298399,
        "nauc_map_at_5_max": 0.154768,
        "nauc_map_at_5_std": -0.0649,
        "nauc_map_at_5_diff1": 0.295544,
        "nauc_map_at_10_max": 0.155548,
        "nauc_map_at_10_std": -0.056597,
        "nauc_map_at_10_diff1": 0.295251,
        "nauc_map_at_20_max": 0.156019,
        "nauc_map_at_20_std": -0.052346,
        "nauc_map_at_20_diff1": 0.292564,
        "nauc_map_at_100_max": 0.157061,
        "nauc_map_at_100_std": -0.049801,
        "nauc_map_at_100_diff1": 0.291742,
        "nauc_map_at_1000_max": 0.156757,
        "nauc_map_at_1000_std": -0.049404,
        "nauc_map_at_1000_diff1": 0.291776,
        "nauc_recall_at_1_max": 0.194023,
        "nauc_recall_at_1_std": -0.068418,
        "nauc_recall_at_1_diff1": 0.341982,
        "nauc_recall_at_3_max": 0.108519,
        "nauc_recall_at_3_std": -0.078455,
        "nauc_recall_at_3_diff1": 0.252395,
        "nauc_recall_at_5_max": 0.123274,
        "nauc_recall_at_5_std": -0.044313,
        "nauc_recall_at_5_diff1": 0.245872,
        "nauc_recall_at_10_max": 0.12476,
        "nauc_recall_at_10_std": -0.012785,
        "nauc_recall_at_10_diff1": 0.254004,
        "nauc_recall_at_20_max": 0.129397,
        "nauc_recall_at_20_std": 0.019368,
        "nauc_recall_at_20_diff1": 0.236524,
        "nauc_recall_at_100_max": 0.123383,
        "nauc_recall_at_100_std": 0.063325,
        "nauc_recall_at_100_diff1": 0.208803,
        "nauc_recall_at_1000_max": 0.087303,
        "nauc_recall_at_1000_std": 0.223726,
        "nauc_recall_at_1000_diff1": 0.221521,
        "nauc_precision_at_1_max": 0.204529,
        "nauc_precision_at_1_std": -0.069226,
        "nauc_precision_at_1_diff1": 0.343381,
        "nauc_precision_at_3_max": 0.113938,
        "nauc_precision_at_3_std": -0.084388,
        "nauc_precision_at_3_diff1": 0.238368,
        "nauc_precision_at_5_max": 0.138811,
        "nauc_precision_at_5_std": -0.037337,
        "nauc_precision_at_5_diff1": 0.228382,
        "nauc_precision_at_10_max": 0.131756,
        "nauc_precision_at_10_std": 0.002065,
        "nauc_precision_at_10_diff1": 0.225193,
        "nauc_precision_at_20_max": 0.131632,
        "nauc_precision_at_20_std": 0.033116,
        "nauc_precision_at_20_diff1": 0.202459,
        "nauc_precision_at_100_max": 0.106133,
        "nauc_precision_at_100_std": 0.06202,
        "nauc_precision_at_100_diff1": 0.1552,
        "nauc_precision_at_1000_max": -0.02989,
        "nauc_precision_at_1000_std": 0.096734,
        "nauc_precision_at_1000_diff1": 0.012055,
        "nauc_mrr_at_1_max": 0.204529,
        "nauc_mrr_at_1_std": -0.069226,
        "nauc_mrr_at_1_diff1": 0.343381,
        "nauc_mrr_at_3_max": 0.163826,
        "nauc_mrr_at_3_std": -0.074326,
        "nauc_mrr_at_3_diff1": 0.292909,
        "nauc_mrr_at_5_max": 0.169126,
        "nauc_mrr_at_5_std": -0.061858,
        "nauc_mrr_at_5_diff1": 0.288281,
        "nauc_mrr_at_10_max": 0.165106,
        "nauc_mrr_at_10_std": -0.0534,
        "nauc_mrr_at_10_diff1": 0.288246,
        "nauc_mrr_at_20_max": 0.166279,
        "nauc_mrr_at_20_std": -0.050928,
        "nauc_mrr_at_20_diff1": 0.286925,
        "nauc_mrr_at_100_max": 0.166882,
        "nauc_mrr_at_100_std": -0.04906,
        "nauc_mrr_at_100_diff1": 0.286865,
        "nauc_mrr_at_1000_max": 0.166701,
        "nauc_mrr_at_1000_std": -0.048855,
        "nauc_mrr_at_1000_diff1": 0.287058,
        "main_score": 0.18494,
        "hf_subset": "default",
        "languages": [
          "eng-Latn"
        ]
      }
    ]
  },
  "evaluation_time": 9.63972020149231,
  "kg_co2_emissions": null
}