{
  "dataset_revision": "160c094312a0e1facb97e55eeddb698c0abe3571",
  "task_name": "CQADupstackWebmastersRetrieval",
  "mteb_version": "1.34.4",
  "scores": {
    "test": [
      {
        "ndcg_at_1": 0.17589,
        "ndcg_at_3": 0.21587,
        "ndcg_at_5": 0.22726,
        "ndcg_at_10": 0.24541,
        "ndcg_at_20": 0.26609,
        "ndcg_at_100": 0.30099,
        "ndcg_at_1000": 0.33523,
        "map_at_1": 0.13948,
        "map_at_3": 0.18422,
        "map_at_5": 0.19308,
        "map_at_10": 0.20217,
        "map_at_20": 0.20918,
        "map_at_100": 0.21542,
        "map_at_1000": 0.21731,
        "recall_at_1": 0.13948,
        "recall_at_3": 0.23654,
        "recall_at_5": 0.26976,
        "recall_at_10": 0.32962,
        "recall_at_20": 0.40963,
        "recall_at_100": 0.58475,
        "recall_at_1000": 0.81281,
        "precision_at_1": 0.17589,
        "precision_at_3": 0.1054,
        "precision_at_5": 0.07549,
        "precision_at_10": 0.04862,
        "precision_at_20": 0.03241,
        "precision_at_100": 0.01109,
        "precision_at_1000": 0.00202,
        "mrr_at_1": 0.175889,
        "mrr_at_3": 0.220685,
        "mrr_at_5": 0.22948,
        "mrr_at_10": 0.238587,
        "mrr_at_20": 0.244086,
        "mrr_at_100": 0.248514,
        "mrr_at_1000": 0.249358,
        "nauc_ndcg_at_1_max": 0.192947,
        "nauc_ndcg_at_1_std": -0.023442,
        "nauc_ndcg_at_1_diff1": 0.505556,
        "nauc_ndcg_at_3_max": 0.166139,
        "nauc_ndcg_at_3_std": 0.013855,
        "nauc_ndcg_at_3_diff1": 0.422299,
        "nauc_ndcg_at_5_max": 0.164849,
        "nauc_ndcg_at_5_std": 0.034073,
        "nauc_ndcg_at_5_diff1": 0.416071,
        "nauc_ndcg_at_10_max": 0.173983,
        "nauc_ndcg_at_10_std": 0.03675,
        "nauc_ndcg_at_10_diff1": 0.407705,
        "nauc_ndcg_at_20_max": 0.155856,
        "nauc_ndcg_at_20_std": 0.026822,
        "nauc_ndcg_at_20_diff1": 0.394807,
        "nauc_ndcg_at_100_max": 0.16706,
        "nauc_ndcg_at_100_std": 0.051519,
        "nauc_ndcg_at_100_diff1": 0.39138,
        "nauc_ndcg_at_1000_max": 0.177951,
        "nauc_ndcg_at_1000_std": 0.061078,
        "nauc_ndcg_at_1000_diff1": 0.404181,
        "nauc_map_at_1_max": 0.197099,
        "nauc_map_at_1_std": -0.036121,
        "nauc_map_at_1_diff1": 0.540771,
        "nauc_map_at_3_max": 0.173695,
        "nauc_map_at_3_std": -0.00723,
        "nauc_map_at_3_diff1": 0.457113,
        "nauc_map_at_5_max": 0.173256,
        "nauc_map_at_5_std": 0.008659,
        "nauc_map_at_5_diff1": 0.447507,
        "nauc_map_at_10_max": 0.176164,
        "nauc_map_at_10_std": 0.009812,
        "nauc_map_at_10_diff1": 0.442002,
        "nauc_map_at_20_max": 0.168627,
        "nauc_map_at_20_std": 0.005192,
        "nauc_map_at_20_diff1": 0.435625,
        "nauc_map_at_100_max": 0.168065,
        "nauc_map_at_100_std": 0.009268,
        "nauc_map_at_100_diff1": 0.433195,
        "nauc_map_at_1000_max": 0.167943,
        "nauc_map_at_1000_std": 0.01107,
        "nauc_map_at_1000_diff1": 0.433386,
        "nauc_recall_at_1_max": 0.197099,
        "nauc_recall_at_1_std": -0.036121,
        "nauc_recall_at_1_diff1": 0.540771,
        "nauc_recall_at_3_max": 0.153037,
        "nauc_recall_at_3_std": 0.031192,
        "nauc_recall_at_3_diff1": 0.373169,
        "nauc_recall_at_5_max": 0.1437,
        "nauc_recall_at_5_std": 0.080234,
        "nauc_recall_at_5_diff1": 0.34981,
        "nauc_recall_at_10_max": 0.178004,
        "nauc_recall_at_10_std": 0.09172,
        "nauc_recall_at_10_diff1": 0.326802,
        "nauc_recall_at_20_max": 0.115403,
        "nauc_recall_at_20_std": 0.059168,
        "nauc_recall_at_20_diff1": 0.283103,
        "nauc_recall_at_100_max": 0.155736,
        "nauc_recall_at_100_std": 0.18275,
        "nauc_recall_at_100_diff1": 0.248914,
        "nauc_recall_at_1000_max": 0.255069,
        "nauc_recall_at_1000_std": 0.364523,
        "nauc_recall_at_1000_diff1": 0.279817,
        "nauc_precision_at_1_max": 0.192947,
        "nauc_precision_at_1_std": -0.023442,
        "nauc_precision_at_1_diff1": 0.505556,
        "nauc_precision_at_3_max": 0.14718,
        "nauc_precision_at_3_std": 0.046602,
        "nauc_precision_at_3_diff1": 0.313926,
        "nauc_precision_at_5_max": 0.132033,
        "nauc_precision_at_5_std": 0.074565,
        "nauc_precision_at_5_diff1": 0.270921,
        "nauc_precision_at_10_max": 0.125715,
        "nauc_precision_at_10_std": 0.081289,
        "nauc_precision_at_10_diff1": 0.215284,
        "nauc_precision_at_20_max": 0.059883,
        "nauc_precision_at_20_std": 0.060826,
        "nauc_precision_at_20_diff1": 0.147811,
        "nauc_precision_at_100_max": 0.031509,
        "nauc_precision_at_100_std": 0.150488,
        "nauc_precision_at_100_diff1": 0.088354,
        "nauc_precision_at_1000_max": 0.044998,
        "nauc_precision_at_1000_std": 0.143031,
        "nauc_precision_at_1000_diff1": 0.003357,
        "nauc_mrr_at_1_max": 0.192947,
        "nauc_mrr_at_1_std": -0.023442,
        "nauc_mrr_at_1_diff1": 0.505556,
        "nauc_mrr_at_3_max": 0.176157,
        "nauc_mrr_at_3_std": 0.002408,
        "nauc_mrr_at_3_diff1": 0.445989,
        "nauc_mrr_at_5_max": 0.172091,
        "nauc_mrr_at_5_std": 0.017098,
        "nauc_mrr_at_5_diff1": 0.439038,
        "nauc_mrr_at_10_max": 0.172902,
        "nauc_mrr_at_10_std": 0.017125,
        "nauc_mrr_at_10_diff1": 0.430844,
        "nauc_mrr_at_20_max": 0.170064,
        "nauc_mrr_at_20_std": 0.015053,
        "nauc_mrr_at_20_diff1": 0.428801,
        "nauc_mrr_at_100_max": 0.171924,
        "nauc_mrr_at_100_std": 0.017565,
        "nauc_mrr_at_100_diff1": 0.429919,
        "nauc_mrr_at_1000_max": 0.172196,
        "nauc_mrr_at_1000_std": 0.017672,
        "nauc_mrr_at_1000_diff1": 0.430258,
        "main_score": 0.24541,
        "hf_subset": "default",
        "languages": [
          "eng-Latn"
        ]
      }
    ]
  },
  "evaluation_time": 3.8671159744262695,
  "kg_co2_emissions": null
}