{
  "dataset_revision": "160c094312a0e1facb97e55eeddb698c0abe3571",
  "evaluation_time": 3.836637020111084,
  "kg_co2_emissions": null,
  "mteb_version": "1.14.15",
  "scores": {
    "test": [
      {
        "hf_subset": "default",
        "languages": [
          "eng-Latn"
        ],
        "main_score": 0.24541,
        "map_at_1": 0.13948,
        "map_at_10": 0.20217,
        "map_at_100": 0.21542,
        "map_at_1000": 0.21731,
        "map_at_20": 0.20918,
        "map_at_3": 0.18422,
        "map_at_5": 0.19308,
        "mrr_at_1": 0.17588932806324112,
        "mrr_at_10": 0.23858695652173906,
        "mrr_at_100": 0.24851399845780603,
        "mrr_at_1000": 0.24935814602119344,
        "mrr_at_20": 0.24408561689686645,
        "mrr_at_3": 0.22068511198945978,
        "mrr_at_5": 0.22947957839262187,
        "nauc_map_at_1000_diff1": 0.4333859805395678,
        "nauc_map_at_1000_max": 0.16794319215595963,
        "nauc_map_at_1000_std": 0.011069609672810295,
        "nauc_map_at_100_diff1": 0.43319537684776593,
        "nauc_map_at_100_max": 0.1680649217527658,
        "nauc_map_at_100_std": 0.009267847714960187,
        "nauc_map_at_10_diff1": 0.44200164341585646,
        "nauc_map_at_10_max": 0.17616372385010706,
        "nauc_map_at_10_std": 0.009811655928155236,
        "nauc_map_at_1_diff1": 0.5407709020422788,
        "nauc_map_at_1_max": 0.19709908044012397,
        "nauc_map_at_1_std": -0.036121421783838606,
        "nauc_map_at_20_diff1": 0.43562495604434937,
        "nauc_map_at_20_max": 0.16862716386830665,
        "nauc_map_at_20_std": 0.005191844288914963,
        "nauc_map_at_3_diff1": 0.45711284130752844,
        "nauc_map_at_3_max": 0.17369464503066212,
        "nauc_map_at_3_std": -0.007230194301728452,
        "nauc_map_at_5_diff1": 0.4475072357358313,
        "nauc_map_at_5_max": 0.1732559857940083,
        "nauc_map_at_5_std": 0.008658883165628524,
        "nauc_mrr_at_1000_diff1": 0.4302583464427709,
        "nauc_mrr_at_1000_max": 0.17219554017696895,
        "nauc_mrr_at_1000_std": 0.01767215393118288,
        "nauc_mrr_at_100_diff1": 0.4299189791126074,
        "nauc_mrr_at_100_max": 0.17192364035400853,
        "nauc_mrr_at_100_std": 0.01756535126973775,
        "nauc_mrr_at_10_diff1": 0.4308444131617144,
        "nauc_mrr_at_10_max": 0.17290159105035352,
        "nauc_mrr_at_10_std": 0.017125365374735448,
        "nauc_mrr_at_1_diff1": 0.505556261668236,
        "nauc_mrr_at_1_max": 0.19294675141150242,
        "nauc_mrr_at_1_std": -0.023442346201176356,
        "nauc_mrr_at_20_diff1": 0.4288013095653635,
        "nauc_mrr_at_20_max": 0.17006396538151128,
        "nauc_mrr_at_20_std": 0.015053330754970132,
        "nauc_mrr_at_3_diff1": 0.4459890387847478,
        "nauc_mrr_at_3_max": 0.17615736504224425,
        "nauc_mrr_at_3_std": 0.002407821472745429,
        "nauc_mrr_at_5_diff1": 0.4390376771649343,
        "nauc_mrr_at_5_max": 0.17209076005917304,
        "nauc_mrr_at_5_std": 0.01709797632555238,
        "nauc_ndcg_at_1000_diff1": 0.4041806553114964,
        "nauc_ndcg_at_1000_max": 0.1779514492349635,
        "nauc_ndcg_at_1000_std": 0.06107826233525735,
        "nauc_ndcg_at_100_diff1": 0.39138042065194484,
        "nauc_ndcg_at_100_max": 0.16705953947028362,
        "nauc_ndcg_at_100_std": 0.051518897158727435,
        "nauc_ndcg_at_10_diff1": 0.40770468015944633,
        "nauc_ndcg_at_10_max": 0.17398314688629596,
        "nauc_ndcg_at_10_std": 0.036749729455778535,
        "nauc_ndcg_at_1_diff1": 0.505556261668236,
        "nauc_ndcg_at_1_max": 0.19294675141150242,
        "nauc_ndcg_at_1_std": -0.023442346201176356,
        "nauc_ndcg_at_20_diff1": 0.39480693354224616,
        "nauc_ndcg_at_20_max": 0.15585590458050416,
        "nauc_ndcg_at_20_std": 0.026822276938545345,
        "nauc_ndcg_at_3_diff1": 0.4222989869316782,
        "nauc_ndcg_at_3_max": 0.16613922904445025,
        "nauc_ndcg_at_3_std": 0.013855074174214905,
        "nauc_ndcg_at_5_diff1": 0.41607133050963907,
        "nauc_ndcg_at_5_max": 0.16484928388833886,
        "nauc_ndcg_at_5_std": 0.03407328375255585,
        "nauc_precision_at_1000_diff1": 0.003356504625232749,
        "nauc_precision_at_1000_max": 0.044998356006461605,
        "nauc_precision_at_1000_std": 0.14303080258454348,
        "nauc_precision_at_100_diff1": 0.08835404291542026,
        "nauc_precision_at_100_max": 0.03150943200684829,
        "nauc_precision_at_100_std": 0.15048767403827715,
        "nauc_precision_at_10_diff1": 0.2152838092138577,
        "nauc_precision_at_10_max": 0.12571532848032688,
        "nauc_precision_at_10_std": 0.08128913556180294,
        "nauc_precision_at_1_diff1": 0.505556261668236,
        "nauc_precision_at_1_max": 0.19294675141150242,
        "nauc_precision_at_1_std": -0.023442346201176356,
        "nauc_precision_at_20_diff1": 0.14781087100941523,
        "nauc_precision_at_20_max": 0.059883422676830375,
        "nauc_precision_at_20_std": 0.06082560933226635,
        "nauc_precision_at_3_diff1": 0.31392623045190426,
        "nauc_precision_at_3_max": 0.14718033879054304,
        "nauc_precision_at_3_std": 0.046601970478537195,
        "nauc_precision_at_5_diff1": 0.27092109888977833,
        "nauc_precision_at_5_max": 0.13203296668102243,
        "nauc_precision_at_5_std": 0.07456529374803908,
        "nauc_recall_at_1000_diff1": 0.2798171442888675,
        "nauc_recall_at_1000_max": 0.2550687835557133,
        "nauc_recall_at_1000_std": 0.36452257787059966,
        "nauc_recall_at_100_diff1": 0.24891360399053342,
        "nauc_recall_at_100_max": 0.1557355424120746,
        "nauc_recall_at_100_std": 0.18274980258425175,
        "nauc_recall_at_10_diff1": 0.3268018717479622,
        "nauc_recall_at_10_max": 0.1780036586473841,
        "nauc_recall_at_10_std": 0.09172008959628027,
        "nauc_recall_at_1_diff1": 0.5407709020422788,
        "nauc_recall_at_1_max": 0.19709908044012397,
        "nauc_recall_at_1_std": -0.036121421783838606,
        "nauc_recall_at_20_diff1": 0.2831030605499082,
        "nauc_recall_at_20_max": 0.11540330817577259,
        "nauc_recall_at_20_std": 0.05916827349873026,
        "nauc_recall_at_3_diff1": 0.3731685917439632,
        "nauc_recall_at_3_max": 0.15303688489057218,
        "nauc_recall_at_3_std": 0.031192461784588933,
        "nauc_recall_at_5_diff1": 0.34980966823975074,
        "nauc_recall_at_5_max": 0.14370025231136208,
        "nauc_recall_at_5_std": 0.0802340098284342,
        "ndcg_at_1": 0.17589,
        "ndcg_at_10": 0.24541,
        "ndcg_at_100": 0.30099,
        "ndcg_at_1000": 0.33523,
        "ndcg_at_20": 0.26609,
        "ndcg_at_3": 0.21587,
        "ndcg_at_5": 0.22726,
        "precision_at_1": 0.17589,
        "precision_at_10": 0.04862,
        "precision_at_100": 0.01109,
        "precision_at_1000": 0.00202,
        "precision_at_20": 0.03241,
        "precision_at_3": 0.1054,
        "precision_at_5": 0.07549,
        "recall_at_1": 0.13948,
        "recall_at_10": 0.32962,
        "recall_at_100": 0.58475,
        "recall_at_1000": 0.81281,
        "recall_at_20": 0.40963,
        "recall_at_3": 0.23654,
        "recall_at_5": 0.26976
      }
    ]
  },
  "task_name": "CQADupstackWebmastersRetrieval"
}