{
  "dataset_revision": "65ac3a16b8e91f9cee4c9828cc7c335575432a2a",
  "task_name": "CQADupstackStatsRetrieval",
  "mteb_version": "1.34.4",
  "scores": {
    "test": [
      {
        "ndcg_at_1": 0.13957,
        "ndcg_at_3": 0.15527,
        "ndcg_at_5": 0.16802,
        "ndcg_at_10": 0.18384,
        "ndcg_at_20": 0.2023,
        "ndcg_at_100": 0.22607,
        "ndcg_at_1000": 0.25466,
        "map_at_1": 0.11806,
        "map_at_3": 0.14137,
        "map_at_5": 0.14956,
        "map_at_10": 0.15659,
        "map_at_20": 0.1618,
        "map_at_100": 0.16498,
        "map_at_1000": 0.16595,
        "recall_at_1": 0.11806,
        "recall_at_3": 0.16956,
        "recall_at_5": 0.20112,
        "recall_at_10": 0.24838,
        "recall_at_20": 0.31863,
        "recall_at_100": 0.44181,
        "recall_at_1000": 0.65811,
        "precision_at_1": 0.13957,
        "precision_at_3": 0.068,
        "precision_at_5": 0.04939,
        "precision_at_10": 0.03067,
        "precision_at_20": 0.01971,
        "precision_at_100": 0.00555,
        "precision_at_1000": 0.00087,
        "mrr_at_1": 0.139571,
        "mrr_at_3": 0.163088,
        "mrr_at_5": 0.170527,
        "mrr_at_10": 0.177977,
        "mrr_at_20": 0.183158,
        "mrr_at_100": 0.186341,
        "mrr_at_1000": 0.187239,
        "nauc_ndcg_at_1_max": 0.149064,
        "nauc_ndcg_at_1_std": 0.024543,
        "nauc_ndcg_at_1_diff1": 0.294564,
        "nauc_ndcg_at_3_max": 0.113144,
        "nauc_ndcg_at_3_std": 0.026451,
        "nauc_ndcg_at_3_diff1": 0.25144,
        "nauc_ndcg_at_5_max": 0.116267,
        "nauc_ndcg_at_5_std": 0.012827,
        "nauc_ndcg_at_5_diff1": 0.25003,
        "nauc_ndcg_at_10_max": 0.106562,
        "nauc_ndcg_at_10_std": 0.025824,
        "nauc_ndcg_at_10_diff1": 0.244685,
        "nauc_ndcg_at_20_max": 0.099317,
        "nauc_ndcg_at_20_std": 0.028239,
        "nauc_ndcg_at_20_diff1": 0.23905,
        "nauc_ndcg_at_100_max": 0.095429,
        "nauc_ndcg_at_100_std": 0.035146,
        "nauc_ndcg_at_100_diff1": 0.238049,
        "nauc_ndcg_at_1000_max": 0.107903,
        "nauc_ndcg_at_1000_std": 0.058278,
        "nauc_ndcg_at_1000_diff1": 0.23876,
        "nauc_map_at_1_max": 0.084452,
        "nauc_map_at_1_std": -0.027052,
        "nauc_map_at_1_diff1": 0.244633,
        "nauc_map_at_3_max": 0.101583,
        "nauc_map_at_3_std": 0.006597,
        "nauc_map_at_3_diff1": 0.24647,
        "nauc_map_at_5_max": 0.103758,
        "nauc_map_at_5_std": 0.000481,
        "nauc_map_at_5_diff1": 0.247576,
        "nauc_map_at_10_max": 0.099646,
        "nauc_map_at_10_std": 0.006883,
        "nauc_map_at_10_diff1": 0.246237,
        "nauc_map_at_20_max": 0.097308,
        "nauc_map_at_20_std": 0.008307,
        "nauc_map_at_20_diff1": 0.244181,
        "nauc_map_at_100_max": 0.096495,
        "nauc_map_at_100_std": 0.009107,
        "nauc_map_at_100_diff1": 0.244554,
        "nauc_map_at_1000_max": 0.097037,
        "nauc_map_at_1000_std": 0.010125,
        "nauc_map_at_1000_diff1": 0.244514,
        "nauc_recall_at_1_max": 0.084452,
        "nauc_recall_at_1_std": -0.027052,
        "nauc_recall_at_1_diff1": 0.244633,
        "nauc_recall_at_3_max": 0.104724,
        "nauc_recall_at_3_std": 0.030133,
        "nauc_recall_at_3_diff1": 0.228713,
        "nauc_recall_at_5_max": 0.107968,
        "nauc_recall_at_5_std": 0.008145,
        "nauc_recall_at_5_diff1": 0.220548,
        "nauc_recall_at_10_max": 0.080683,
        "nauc_recall_at_10_std": 0.037038,
        "nauc_recall_at_10_diff1": 0.2141,
        "nauc_recall_at_20_max": 0.059783,
        "nauc_recall_at_20_std": 0.043201,
        "nauc_recall_at_20_diff1": 0.199073,
        "nauc_recall_at_100_max": 0.045571,
        "nauc_recall_at_100_std": 0.071498,
        "nauc_recall_at_100_diff1": 0.191518,
        "nauc_recall_at_1000_max": 0.113886,
        "nauc_recall_at_1000_std": 0.239173,
        "nauc_recall_at_1000_diff1": 0.18268,
        "nauc_precision_at_1_max": 0.149064,
        "nauc_precision_at_1_std": 0.024543,
        "nauc_precision_at_1_diff1": 0.294564,
        "nauc_precision_at_3_max": 0.159825,
        "nauc_precision_at_3_std": 0.073039,
        "nauc_precision_at_3_diff1": 0.284886,
        "nauc_precision_at_5_max": 0.170418,
        "nauc_precision_at_5_std": 0.055098,
        "nauc_precision_at_5_diff1": 0.2894,
        "nauc_precision_at_10_max": 0.157123,
        "nauc_precision_at_10_std": 0.099202,
        "nauc_precision_at_10_diff1": 0.268517,
        "nauc_precision_at_20_max": 0.145883,
        "nauc_precision_at_20_std": 0.109282,
        "nauc_precision_at_20_diff1": 0.242202,
        "nauc_precision_at_100_max": 0.140354,
        "nauc_precision_at_100_std": 0.131175,
        "nauc_precision_at_100_diff1": 0.226538,
        "nauc_precision_at_1000_max": 0.167668,
        "nauc_precision_at_1000_std": 0.212868,
        "nauc_precision_at_1000_diff1": 0.179129,
        "nauc_mrr_at_1_max": 0.149064,
        "nauc_mrr_at_1_std": 0.024543,
        "nauc_mrr_at_1_diff1": 0.294564,
        "nauc_mrr_at_3_max": 0.145104,
        "nauc_mrr_at_3_std": 0.046775,
        "nauc_mrr_at_3_diff1": 0.272574,
        "nauc_mrr_at_5_max": 0.14725,
        "nauc_mrr_at_5_std": 0.040691,
        "nauc_mrr_at_5_diff1": 0.273084,
        "nauc_mrr_at_10_max": 0.143331,
        "nauc_mrr_at_10_std": 0.046926,
        "nauc_mrr_at_10_diff1": 0.268859,
        "nauc_mrr_at_20_max": 0.139837,
        "nauc_mrr_at_20_std": 0.045338,
        "nauc_mrr_at_20_diff1": 0.266356,
        "nauc_mrr_at_100_max": 0.138115,
        "nauc_mrr_at_100_std": 0.045557,
        "nauc_mrr_at_100_diff1": 0.266076,
        "nauc_mrr_at_1000_max": 0.13856,
        "nauc_mrr_at_1000_std": 0.046291,
        "nauc_mrr_at_1000_diff1": 0.266252,
        "main_score": 0.18384,
        "hf_subset": "default",
        "languages": [
          "eng-Latn"
        ]
      }
    ]
  },
  "evaluation_time": 8.603283882141113,
  "kg_co2_emissions": null
}