{
  "dataset_revision": "5003b3064772da1887988e05400cf3806fe491f2",
  "task_name": "CQADupstackGisRetrieval",
  "mteb_version": "1.34.4",
  "scores": {
    "test": [
      {
        "ndcg_at_1": 0.13785,
        "ndcg_at_3": 0.17775,
        "ndcg_at_5": 0.19674,
        "ndcg_at_10": 0.20853,
        "ndcg_at_20": 0.22367,
        "ndcg_at_100": 0.25115,
        "ndcg_at_1000": 0.28534,
        "map_at_1": 0.12659,
        "map_at_3": 0.16283,
        "map_at_5": 0.17335,
        "map_at_10": 0.17837,
        "map_at_20": 0.18257,
        "map_at_100": 0.18619,
        "map_at_1000": 0.18742,
        "recall_at_1": 0.12659,
        "recall_at_3": 0.20754,
        "recall_at_5": 0.25253,
        "recall_at_10": 0.28828,
        "recall_at_20": 0.34545,
        "recall_at_100": 0.49171,
        "recall_at_1000": 0.75594,
        "precision_at_1": 0.13785,
        "precision_at_3": 0.07721,
        "precision_at_5": 0.05695,
        "precision_at_10": 0.03266,
        "precision_at_20": 0.01994,
        "precision_at_100": 0.00573,
        "precision_at_1000": 0.00091,
        "mrr_at_1": 0.137853,
        "mrr_at_3": 0.175518,
        "mrr_at_5": 0.186874,
        "mrr_at_10": 0.191695,
        "mrr_at_20": 0.195925,
        "mrr_at_100": 0.19951,
        "mrr_at_1000": 0.200562,
        "nauc_ndcg_at_1_max": 0.234397,
        "nauc_ndcg_at_1_std": -0.091776,
        "nauc_ndcg_at_1_diff1": 0.409369,
        "nauc_ndcg_at_3_max": 0.179198,
        "nauc_ndcg_at_3_std": -0.0801,
        "nauc_ndcg_at_3_diff1": 0.333893,
        "nauc_ndcg_at_5_max": 0.179189,
        "nauc_ndcg_at_5_std": -0.055854,
        "nauc_ndcg_at_5_diff1": 0.306117,
        "nauc_ndcg_at_10_max": 0.170073,
        "nauc_ndcg_at_10_std": -0.062668,
        "nauc_ndcg_at_10_diff1": 0.296643,
        "nauc_ndcg_at_20_max": 0.168779,
        "nauc_ndcg_at_20_std": -0.072584,
        "nauc_ndcg_at_20_diff1": 0.286473,
        "nauc_ndcg_at_100_max": 0.15916,
        "nauc_ndcg_at_100_std": -0.061221,
        "nauc_ndcg_at_100_diff1": 0.275034,
        "nauc_ndcg_at_1000_max": 0.168097,
        "nauc_ndcg_at_1000_std": -0.053319,
        "nauc_ndcg_at_1000_diff1": 0.27505,
        "nauc_map_at_1_max": 0.211243,
        "nauc_map_at_1_std": -0.12198,
        "nauc_map_at_1_diff1": 0.436749,
        "nauc_map_at_3_max": 0.18433,
        "nauc_map_at_3_std": -0.0908,
        "nauc_map_at_3_diff1": 0.357204,
        "nauc_map_at_5_max": 0.184242,
        "nauc_map_at_5_std": -0.075778,
        "nauc_map_at_5_diff1": 0.339716,
        "nauc_map_at_10_max": 0.179855,
        "nauc_map_at_10_std": -0.078564,
        "nauc_map_at_10_diff1": 0.335407,
        "nauc_map_at_20_max": 0.178864,
        "nauc_map_at_20_std": -0.081604,
        "nauc_map_at_20_diff1": 0.332239,
        "nauc_map_at_100_max": 0.177724,
        "nauc_map_at_100_std": -0.07954,
        "nauc_map_at_100_diff1": 0.330007,
        "nauc_map_at_1000_max": 0.178271,
        "nauc_map_at_1000_std": -0.079173,
        "nauc_map_at_1000_diff1": 0.329753,
        "nauc_recall_at_1_max": 0.211243,
        "nauc_recall_at_1_std": -0.12198,
        "nauc_recall_at_1_diff1": 0.436749,
        "nauc_recall_at_3_max": 0.155422,
        "nauc_recall_at_3_std": -0.071233,
        "nauc_recall_at_3_diff1": 0.29086,
        "nauc_recall_at_5_max": 0.15431,
        "nauc_recall_at_5_std": -0.024672,
        "nauc_recall_at_5_diff1": 0.234098,
        "nauc_recall_at_10_max": 0.133555,
        "nauc_recall_at_10_std": -0.043061,
        "nauc_recall_at_10_diff1": 0.212458,
        "nauc_recall_at_20_max": 0.130199,
        "nauc_recall_at_20_std": -0.074207,
        "nauc_recall_at_20_diff1": 0.18077,
        "nauc_recall_at_100_max": 0.080466,
        "nauc_recall_at_100_std": -0.028442,
        "nauc_recall_at_100_diff1": 0.132281,
        "nauc_recall_at_1000_max": 0.105557,
        "nauc_recall_at_1000_std": 0.056954,
        "nauc_recall_at_1000_diff1": 0.077402,
        "nauc_precision_at_1_max": 0.234397,
        "nauc_precision_at_1_std": -0.091776,
        "nauc_precision_at_1_diff1": 0.409369,
        "nauc_precision_at_3_max": 0.177285,
        "nauc_precision_at_3_std": -0.043981,
        "nauc_precision_at_3_diff1": 0.263007,
        "nauc_precision_at_5_max": 0.179081,
        "nauc_precision_at_5_std": 0.004273,
        "nauc_precision_at_5_diff1": 0.214903,
        "nauc_precision_at_10_max": 0.156489,
        "nauc_precision_at_10_std": -0.010813,
        "nauc_precision_at_10_diff1": 0.196448,
        "nauc_precision_at_20_max": 0.148821,
        "nauc_precision_at_20_std": -0.035304,
        "nauc_precision_at_20_diff1": 0.163836,
        "nauc_precision_at_100_max": 0.114943,
        "nauc_precision_at_100_std": 0.014164,
        "nauc_precision_at_100_diff1": 0.105381,
        "nauc_precision_at_1000_max": 0.143329,
        "nauc_precision_at_1000_std": 0.090358,
        "nauc_precision_at_1000_diff1": 0.004227,
        "nauc_mrr_at_1_max": 0.234397,
        "nauc_mrr_at_1_std": -0.091776,
        "nauc_mrr_at_1_diff1": 0.409369,
        "nauc_mrr_at_3_max": 0.197276,
        "nauc_mrr_at_3_std": -0.068748,
        "nauc_mrr_at_3_diff1": 0.33842,
        "nauc_mrr_at_5_max": 0.19698,
        "nauc_mrr_at_5_std": -0.054517,
        "nauc_mrr_at_5_diff1": 0.322364,
        "nauc_mrr_at_10_max": 0.193419,
        "nauc_mrr_at_10_std": -0.057453,
        "nauc_mrr_at_10_diff1": 0.318371,
        "nauc_mrr_at_20_max": 0.193639,
        "nauc_mrr_at_20_std": -0.060409,
        "nauc_mrr_at_20_diff1": 0.315923,
        "nauc_mrr_at_100_max": 0.193047,
        "nauc_mrr_at_100_std": -0.058736,
        "nauc_mrr_at_100_diff1": 0.314454,
        "nauc_mrr_at_1000_max": 0.193225,
        "nauc_mrr_at_1000_std": -0.058547,
        "nauc_mrr_at_1000_diff1": 0.314336,
        "main_score": 0.20853,
        "hf_subset": "default",
        "languages": [
          "eng-Latn"
        ]
      }
    ]
  },
  "evaluation_time": 8.196407794952393,
  "kg_co2_emissions": null
}