{
  "dataset_revision": "ad9991cb51e31e31e430383c75ffb2885547b5f0",
  "evaluation_time": 9.12316107749939,
  "kg_co2_emissions": null,
  "mteb_version": "1.14.15",
  "scores": {
    "test": [
      {
        "hf_subset": "default",
        "languages": [
          "eng-Latn"
        ],
        "main_score": 0.2715,
        "map_at_1": 0.1743,
        "map_at_10": 0.23204,
        "map_at_100": 0.24145,
        "map_at_1000": 0.24265,
        "map_at_20": 0.23686,
        "map_at_3": 0.21189,
        "map_at_5": 0.22255,
        "mrr_at_1": 0.21719745222929937,
        "mrr_at_10": 0.27507557375391767,
        "mrr_at_100": 0.2830013304854397,
        "mrr_at_1000": 0.2836874090137639,
        "mrr_at_20": 0.27951898243025874,
        "mrr_at_3": 0.2559447983014861,
        "mrr_at_5": 0.2663588110403395,
        "nauc_map_at_1000_diff1": 0.40114095239338976,
        "nauc_map_at_1000_max": 0.1637492327867575,
        "nauc_map_at_1000_std": -0.024133717957936653,
        "nauc_map_at_100_diff1": 0.4016270553232955,
        "nauc_map_at_100_max": 0.1634063524581922,
        "nauc_map_at_100_std": -0.02493868733681066,
        "nauc_map_at_10_diff1": 0.4048041468478108,
        "nauc_map_at_10_max": 0.16264842404610155,
        "nauc_map_at_10_std": -0.032700352899130314,
        "nauc_map_at_1_diff1": 0.4696738086855307,
        "nauc_map_at_1_max": 0.17123801092249133,
        "nauc_map_at_1_std": -0.043111162793511126,
        "nauc_map_at_20_diff1": 0.40272433370415356,
        "nauc_map_at_20_max": 0.16212635684878002,
        "nauc_map_at_20_std": -0.028818599939377326,
        "nauc_map_at_3_diff1": 0.4170165970504907,
        "nauc_map_at_3_max": 0.16359651564201816,
        "nauc_map_at_3_std": -0.04294683564342943,
        "nauc_map_at_5_diff1": 0.4102835576653319,
        "nauc_map_at_5_max": 0.1627940855548611,
        "nauc_map_at_5_std": -0.038828196073115724,
        "nauc_mrr_at_1000_diff1": 0.37352417509937025,
        "nauc_mrr_at_1000_max": 0.167894936288135,
        "nauc_mrr_at_1000_std": -0.0070268079983593695,
        "nauc_mrr_at_100_diff1": 0.3737319265054083,
        "nauc_mrr_at_100_max": 0.16785792904909455,
        "nauc_mrr_at_100_std": -0.007141300613570387,
        "nauc_mrr_at_10_diff1": 0.37440228643705115,
        "nauc_mrr_at_10_max": 0.16822238004660256,
        "nauc_mrr_at_10_std": -0.01064281278734109,
        "nauc_mrr_at_1_diff1": 0.4257621782861896,
        "nauc_mrr_at_1_max": 0.20139157671233285,
        "nauc_mrr_at_1_std": -0.011737759527663842,
        "nauc_mrr_at_20_diff1": 0.3733937055395397,
        "nauc_mrr_at_20_max": 0.16776195886601605,
        "nauc_mrr_at_20_std": -0.007803878999084822,
        "nauc_mrr_at_3_diff1": 0.3825326211165273,
        "nauc_mrr_at_3_max": 0.17153366906200748,
        "nauc_mrr_at_3_std": -0.012801443058247722,
        "nauc_mrr_at_5_diff1": 0.3806596720050976,
        "nauc_mrr_at_5_max": 0.1709392231006509,
        "nauc_mrr_at_5_std": -0.013623433653714555,
        "nauc_ndcg_at_1000_diff1": 0.36435133711331913,
        "nauc_ndcg_at_1000_max": 0.15586688731412274,
        "nauc_ndcg_at_1000_std": 0.007906560302800849,
        "nauc_ndcg_at_100_diff1": 0.36890721464008047,
        "nauc_ndcg_at_100_max": 0.151813884843887,
        "nauc_ndcg_at_100_std": 0.0009040811909091675,
        "nauc_ndcg_at_10_diff1": 0.3722999706499858,
        "nauc_ndcg_at_10_max": 0.1545138577492909,
        "nauc_ndcg_at_10_std": -0.018785020804451148,
        "nauc_ndcg_at_1_diff1": 0.4257621782861896,
        "nauc_ndcg_at_1_max": 0.20139157671233285,
        "nauc_ndcg_at_1_std": -0.011737759527663842,
        "nauc_ndcg_at_20_diff1": 0.36838912228068593,
        "nauc_ndcg_at_20_max": 0.14995726844190102,
        "nauc_ndcg_at_20_std": -0.010539261339339806,
        "nauc_ndcg_at_3_diff1": 0.3882534211536086,
        "nauc_ndcg_at_3_max": 0.16220832428536855,
        "nauc_ndcg_at_3_std": -0.02813569063131948,
        "nauc_ndcg_at_5_diff1": 0.3833996404125124,
        "nauc_ndcg_at_5_max": 0.158799422475145,
        "nauc_ndcg_at_5_std": -0.027491465604308967,
        "nauc_precision_at_1000_diff1": -0.047317350539247564,
        "nauc_precision_at_1000_max": 0.07435193268192747,
        "nauc_precision_at_1000_std": 0.1964454136253714,
        "nauc_precision_at_100_diff1": 0.06077831904313305,
        "nauc_precision_at_100_max": 0.11106929057800805,
        "nauc_precision_at_100_std": 0.18011167821410282,
        "nauc_precision_at_10_diff1": 0.2006310768880495,
        "nauc_precision_at_10_max": 0.1459451412625624,
        "nauc_precision_at_10_std": 0.06453563891426743,
        "nauc_precision_at_1_diff1": 0.4257621782861896,
        "nauc_precision_at_1_max": 0.20139157671233285,
        "nauc_precision_at_1_std": -0.011737759527663842,
        "nauc_precision_at_20_diff1": 0.13959222956715547,
        "nauc_precision_at_20_max": 0.12477724590330005,
        "nauc_precision_at_20_std": 0.11336423270774759,
        "nauc_precision_at_3_diff1": 0.29664870607877364,
        "nauc_precision_at_3_max": 0.16707672459588674,
        "nauc_precision_at_3_std": 0.012390528951961651,
        "nauc_precision_at_5_diff1": 0.2604656621005802,
        "nauc_precision_at_5_max": 0.16277009527866587,
        "nauc_precision_at_5_std": 0.03180296865694124,
        "nauc_recall_at_1000_diff1": 0.22618039866533232,
        "nauc_recall_at_1000_max": 0.10862168120090678,
        "nauc_recall_at_1000_std": 0.11350094310700354,
        "nauc_recall_at_100_diff1": 0.27499885478435776,
        "nauc_recall_at_100_max": 0.0964218276363341,
        "nauc_recall_at_100_std": 0.058637482058002934,
        "nauc_recall_at_10_diff1": 0.30529857718433184,
        "nauc_recall_at_10_max": 0.11752541699752392,
        "nauc_recall_at_10_std": -0.012801546990970789,
        "nauc_recall_at_1_diff1": 0.4696738086855307,
        "nauc_recall_at_1_max": 0.17123801092249133,
        "nauc_recall_at_1_std": -0.043111162793511126,
        "nauc_recall_at_20_diff1": 0.28358327134514627,
        "nauc_recall_at_20_max": 0.09900490473457751,
        "nauc_recall_at_20_std": 0.013182686690583876,
        "nauc_recall_at_3_diff1": 0.36199097964594135,
        "nauc_recall_at_3_max": 0.13526137335233243,
        "nauc_recall_at_3_std": -0.04332223904768279,
        "nauc_recall_at_5_diff1": 0.3440402552836485,
        "nauc_recall_at_5_max": 0.12723314342847472,
        "nauc_recall_at_5_std": -0.03782494828035306,
        "ndcg_at_1": 0.2172,
        "ndcg_at_10": 0.2715,
        "ndcg_at_100": 0.31439,
        "ndcg_at_1000": 0.34277,
        "ndcg_at_20": 0.28663,
        "ndcg_at_3": 0.23726,
        "ndcg_at_5": 0.25189,
        "precision_at_1": 0.2172,
        "precision_at_10": 0.05,
        "precision_at_100": 0.00907,
        "precision_at_1000": 0.00141,
        "precision_at_20": 0.03057,
        "precision_at_3": 0.1104,
        "precision_at_5": 0.07975,
        "recall_at_1": 0.1743,
        "recall_at_10": 0.34688,
        "recall_at_100": 0.53301,
        "recall_at_1000": 0.72772,
        "recall_at_20": 0.40198,
        "recall_at_3": 0.24982,
        "recall_at_5": 0.28786
      }
    ]
  },
  "task_name": "CQADupstackEnglishRetrieval"
}