{
  "dataset_revision": "6184bc1440d2dbc7612be22b50686b8826d22b32",
  "evaluation_time": 7.433557987213135,
  "kg_co2_emissions": null,
  "mteb_version": "1.14.15",
  "scores": {
    "test": [
      {
        "hf_subset": "default",
        "languages": [
          "eng-Latn"
        ],
        "main_score": 0.23433,
        "map_at_1": 0.13699,
        "map_at_10": 0.19466,
        "map_at_100": 0.20583,
        "map_at_1000": 0.20725,
        "map_at_20": 0.20043,
        "map_at_3": 0.17462,
        "map_at_5": 0.18529,
        "mrr_at_1": 0.1632420091324201,
        "mrr_at_10": 0.22843598245995486,
        "mrr_at_100": 0.23805814788577348,
        "mrr_at_1000": 0.23893595459117634,
        "mrr_at_20": 0.2336408369969747,
        "mrr_at_3": 0.2071917808219179,
        "mrr_at_5": 0.21923515981735153,
        "nauc_map_at_1000_diff1": 0.35299081766776585,
        "nauc_map_at_1000_max": 0.2119659387825901,
        "nauc_map_at_1000_std": -0.01180047064436864,
        "nauc_map_at_100_diff1": 0.35254373429564245,
        "nauc_map_at_100_max": 0.21158048137454785,
        "nauc_map_at_100_std": -0.012790123198148807,
        "nauc_map_at_10_diff1": 0.3550950328919451,
        "nauc_map_at_10_max": 0.20348484824359997,
        "nauc_map_at_10_std": -0.024603394968686156,
        "nauc_map_at_1_diff1": 0.4110727065397603,
        "nauc_map_at_1_max": 0.22543501102453542,
        "nauc_map_at_1_std": -0.027943381702992463,
        "nauc_map_at_20_diff1": 0.3519029596236487,
        "nauc_map_at_20_max": 0.2087279038260115,
        "nauc_map_at_20_std": -0.0182363477470446,
        "nauc_map_at_3_diff1": 0.3602030150485208,
        "nauc_map_at_3_max": 0.2038357498006346,
        "nauc_map_at_3_std": -0.02837404356814094,
        "nauc_map_at_5_diff1": 0.358201348144381,
        "nauc_map_at_5_max": 0.2038035108882887,
        "nauc_map_at_5_std": -0.027002422977828348,
        "nauc_mrr_at_1000_diff1": 0.3504099226290557,
        "nauc_mrr_at_1000_max": 0.21574270012905158,
        "nauc_mrr_at_1000_std": 0.003715347702019008,
        "nauc_mrr_at_100_diff1": 0.3500428106691662,
        "nauc_mrr_at_100_max": 0.2156784751335325,
        "nauc_mrr_at_100_std": 0.003466863156775645,
        "nauc_mrr_at_10_diff1": 0.35191561705253765,
        "nauc_mrr_at_10_max": 0.2110620714526233,
        "nauc_mrr_at_10_std": -0.0050318328493553985,
        "nauc_mrr_at_1_diff1": 0.4072226144379091,
        "nauc_mrr_at_1_max": 0.24156980986340362,
        "nauc_mrr_at_1_std": -0.0030639756688939147,
        "nauc_mrr_at_20_diff1": 0.3500790634012167,
        "nauc_mrr_at_20_max": 0.21383803803042722,
        "nauc_mrr_at_20_std": -0.0005435467437352896,
        "nauc_mrr_at_3_diff1": 0.36289465305244845,
        "nauc_mrr_at_3_max": 0.22291792865731253,
        "nauc_mrr_at_3_std": -0.001601560688322784,
        "nauc_mrr_at_5_diff1": 0.3603061040405196,
        "nauc_mrr_at_5_max": 0.214330773038141,
        "nauc_mrr_at_5_std": -0.003630881944646527,
        "nauc_ndcg_at_1000_diff1": 0.33232430146174297,
        "nauc_ndcg_at_1000_max": 0.22983696106878118,
        "nauc_ndcg_at_1000_std": 0.04640830565692821,
        "nauc_ndcg_at_100_diff1": 0.3250338054067435,
        "nauc_ndcg_at_100_max": 0.22189511219317434,
        "nauc_ndcg_at_100_std": 0.031052189980383522,
        "nauc_ndcg_at_10_diff1": 0.33323186122188836,
        "nauc_ndcg_at_10_max": 0.1956436410436655,
        "nauc_ndcg_at_10_std": -0.018344884585445503,
        "nauc_ndcg_at_1_diff1": 0.4072226144379091,
        "nauc_ndcg_at_1_max": 0.24156980986340362,
        "nauc_ndcg_at_1_std": -0.0030639756688939147,
        "nauc_ndcg_at_20_diff1": 0.32347401402734777,
        "nauc_ndcg_at_20_max": 0.2083380671662441,
        "nauc_ndcg_at_20_std": 0.00016563433585529974,
        "nauc_ndcg_at_3_diff1": 0.35041888105195246,
        "nauc_ndcg_at_3_max": 0.20764019978598489,
        "nauc_ndcg_at_3_std": -0.01594528012527463,
        "nauc_ndcg_at_5_diff1": 0.34439432023696714,
        "nauc_ndcg_at_5_max": 0.20106254608612054,
        "nauc_ndcg_at_5_std": -0.018594865842617228,
        "nauc_precision_at_1000_diff1": 0.07256129492861672,
        "nauc_precision_at_1000_max": 0.11996188955211178,
        "nauc_precision_at_1000_std": 0.13821279312799087,
        "nauc_precision_at_100_diff1": 0.1606033204193287,
        "nauc_precision_at_100_max": 0.21298571657566137,
        "nauc_precision_at_100_std": 0.1633488809216804,
        "nauc_precision_at_10_diff1": 0.2554206252229558,
        "nauc_precision_at_10_max": 0.20011563586461562,
        "nauc_precision_at_10_std": 0.030291709497281685,
        "nauc_precision_at_1_diff1": 0.4072226144379091,
        "nauc_precision_at_1_max": 0.24156980986340362,
        "nauc_precision_at_1_std": -0.0030639756688939147,
        "nauc_precision_at_20_diff1": 0.21545331269787849,
        "nauc_precision_at_20_max": 0.21328836807337612,
        "nauc_precision_at_20_std": 0.06749273704342806,
        "nauc_precision_at_3_diff1": 0.3174754387933826,
        "nauc_precision_at_3_max": 0.2200131054032921,
        "nauc_precision_at_3_std": 0.008933994096049079,
        "nauc_precision_at_5_diff1": 0.3008612742207831,
        "nauc_precision_at_5_max": 0.2007469952891432,
        "nauc_precision_at_5_std": 0.0016970208205211192,
        "nauc_recall_at_1000_diff1": 0.20943658951883773,
        "nauc_recall_at_1000_max": 0.3325768046293579,
        "nauc_recall_at_1000_std": 0.41359796251893366,
        "nauc_recall_at_100_diff1": 0.21484586350505036,
        "nauc_recall_at_100_max": 0.22854675507253802,
        "nauc_recall_at_100_std": 0.16024062636320888,
        "nauc_recall_at_10_diff1": 0.2719457260187267,
        "nauc_recall_at_10_max": 0.1606431177414546,
        "nauc_recall_at_10_std": -0.01723302447498358,
        "nauc_recall_at_1_diff1": 0.4110727065397603,
        "nauc_recall_at_1_max": 0.22543501102453542,
        "nauc_recall_at_1_std": -0.027943381702992463,
        "nauc_recall_at_20_diff1": 0.23584838236915115,
        "nauc_recall_at_20_max": 0.19419834269957578,
        "nauc_recall_at_20_std": 0.03986703252775787,
        "nauc_recall_at_3_diff1": 0.3056479090838521,
        "nauc_recall_at_3_max": 0.17872434147655505,
        "nauc_recall_at_3_std": -0.0254579770489298,
        "nauc_recall_at_5_diff1": 0.2989579939854362,
        "nauc_recall_at_5_max": 0.17285994867348797,
        "nauc_recall_at_5_std": -0.020188171694818412,
        "ndcg_at_1": 0.16324,
        "ndcg_at_10": 0.23433,
        "ndcg_at_100": 0.29032,
        "ndcg_at_1000": 0.32389,
        "ndcg_at_20": 0.2537,
        "ndcg_at_3": 0.19661,
        "ndcg_at_5": 0.21369,
        "precision_at_1": 0.16324,
        "precision_at_10": 0.04543,
        "precision_at_100": 0.00885,
        "precision_at_1000": 0.00134,
        "precision_at_20": 0.02837,
        "precision_at_3": 0.09399,
        "precision_at_5": 0.07055,
        "recall_at_1": 0.13699,
        "recall_at_10": 0.3189,
        "recall_at_100": 0.56785,
        "recall_at_1000": 0.80697,
        "recall_at_20": 0.38838,
        "recall_at_3": 0.21813,
        "recall_at_5": 0.25967
      }
    ]
  },
  "task_name": "CQADupstackProgrammersRetrieval"
}