{
  "dataset_revision": "65ac3a16b8e91f9cee4c9828cc7c335575432a2a",
  "evaluation_time": 9.09590220451355,
  "kg_co2_emissions": null,
  "mteb_version": "1.14.15",
  "scores": {
    "test": [
      {
        "hf_subset": "default",
        "languages": [
          "eng-Latn"
        ],
        "main_score": 0.18384,
        "map_at_1": 0.11806,
        "map_at_10": 0.15659,
        "map_at_100": 0.16498,
        "map_at_1000": 0.16595,
        "map_at_20": 0.1618,
        "map_at_3": 0.14137,
        "map_at_5": 0.14956,
        "mrr_at_1": 0.13957055214723926,
        "mrr_at_10": 0.17797679910409966,
        "mrr_at_100": 0.18634105330873982,
        "mrr_at_1000": 0.18723872119576956,
        "mrr_at_20": 0.18315768640080354,
        "mrr_at_3": 0.16308793456032714,
        "mrr_at_5": 0.17052658486707561,
        "nauc_map_at_1000_diff1": 0.24451360941385528,
        "nauc_map_at_1000_max": 0.09703731227062287,
        "nauc_map_at_1000_std": 0.010124787744750788,
        "nauc_map_at_100_diff1": 0.2445541062900218,
        "nauc_map_at_100_max": 0.09649455487883654,
        "nauc_map_at_100_std": 0.00910681103488745,
        "nauc_map_at_10_diff1": 0.24623702264364172,
        "nauc_map_at_10_max": 0.0996456196295675,
        "nauc_map_at_10_std": 0.006883064213253189,
        "nauc_map_at_1_diff1": 0.24463253990774003,
        "nauc_map_at_1_max": 0.0844516445733758,
        "nauc_map_at_1_std": -0.027052286093072267,
        "nauc_map_at_20_diff1": 0.2441807093882515,
        "nauc_map_at_20_max": 0.09730798192557719,
        "nauc_map_at_20_std": 0.008307302299269684,
        "nauc_map_at_3_diff1": 0.24647027786393474,
        "nauc_map_at_3_max": 0.10158348799557,
        "nauc_map_at_3_std": 0.006596938602041737,
        "nauc_map_at_5_diff1": 0.24757624011943458,
        "nauc_map_at_5_max": 0.10375814716590097,
        "nauc_map_at_5_std": 0.00048075053740994587,
        "nauc_mrr_at_1000_diff1": 0.2662518268407276,
        "nauc_mrr_at_1000_max": 0.13855993519763174,
        "nauc_mrr_at_1000_std": 0.046290533745032704,
        "nauc_mrr_at_100_diff1": 0.26607592560385196,
        "nauc_mrr_at_100_max": 0.13811494487812942,
        "nauc_mrr_at_100_std": 0.04555702211448958,
        "nauc_mrr_at_10_diff1": 0.26885862463851207,
        "nauc_mrr_at_10_max": 0.14333094390691403,
        "nauc_mrr_at_10_std": 0.04692620223972843,
        "nauc_mrr_at_1_diff1": 0.29456424929748837,
        "nauc_mrr_at_1_max": 0.14906357362630687,
        "nauc_mrr_at_1_std": 0.024543413134245497,
        "nauc_mrr_at_20_diff1": 0.26635584926784206,
        "nauc_mrr_at_20_max": 0.1398367218625398,
        "nauc_mrr_at_20_std": 0.04533797671279914,
        "nauc_mrr_at_3_diff1": 0.27257431270887866,
        "nauc_mrr_at_3_max": 0.1451038573428384,
        "nauc_mrr_at_3_std": 0.04677541680669749,
        "nauc_mrr_at_5_diff1": 0.2730840798568301,
        "nauc_mrr_at_5_max": 0.14725017635611035,
        "nauc_mrr_at_5_std": 0.040691456237580206,
        "nauc_ndcg_at_1000_diff1": 0.23875956488750957,
        "nauc_ndcg_at_1000_max": 0.10790320900447414,
        "nauc_ndcg_at_1000_std": 0.058277513192922605,
        "nauc_ndcg_at_100_diff1": 0.2380489864326311,
        "nauc_ndcg_at_100_max": 0.09542909613337207,
        "nauc_ndcg_at_100_std": 0.03514583939812324,
        "nauc_ndcg_at_10_diff1": 0.2446852393945355,
        "nauc_ndcg_at_10_max": 0.1065620836221067,
        "nauc_ndcg_at_10_std": 0.025824019348755597,
        "nauc_ndcg_at_1_diff1": 0.29456424929748837,
        "nauc_ndcg_at_1_max": 0.14906357362630687,
        "nauc_ndcg_at_1_std": 0.024543413134245497,
        "nauc_ndcg_at_20_diff1": 0.23904994858556128,
        "nauc_ndcg_at_20_max": 0.09931714836248881,
        "nauc_ndcg_at_20_std": 0.02823910728207098,
        "nauc_ndcg_at_3_diff1": 0.251439714946535,
        "nauc_ndcg_at_3_max": 0.11314410735026595,
        "nauc_ndcg_at_3_std": 0.026451314305581435,
        "nauc_ndcg_at_5_diff1": 0.2500295581819655,
        "nauc_ndcg_at_5_max": 0.11626656177248532,
        "nauc_ndcg_at_5_std": 0.012826883242759336,
        "nauc_precision_at_1000_diff1": 0.17912918228702432,
        "nauc_precision_at_1000_max": 0.1676675856170149,
        "nauc_precision_at_1000_std": 0.21286760618569542,
        "nauc_precision_at_100_diff1": 0.22653849223272018,
        "nauc_precision_at_100_max": 0.14035389695379297,
        "nauc_precision_at_100_std": 0.1311748433352797,
        "nauc_precision_at_10_diff1": 0.2685166296779437,
        "nauc_precision_at_10_max": 0.15712260548565923,
        "nauc_precision_at_10_std": 0.09920191712601452,
        "nauc_precision_at_1_diff1": 0.29456424929748837,
        "nauc_precision_at_1_max": 0.14906357362630687,
        "nauc_precision_at_1_std": 0.024543413134245497,
        "nauc_precision_at_20_diff1": 0.24220224327836684,
        "nauc_precision_at_20_max": 0.14588302868445296,
        "nauc_precision_at_20_std": 0.10928245403033239,
        "nauc_precision_at_3_diff1": 0.28488577734428644,
        "nauc_precision_at_3_max": 0.1598246205564231,
        "nauc_precision_at_3_std": 0.07303904258068353,
        "nauc_precision_at_5_diff1": 0.28939989997482773,
        "nauc_precision_at_5_max": 0.17041774400394183,
        "nauc_precision_at_5_std": 0.055098124463420745,
        "nauc_recall_at_1000_diff1": 0.18267969017984134,
        "nauc_recall_at_1000_max": 0.11388634142238112,
        "nauc_recall_at_1000_std": 0.2391731245454964,
        "nauc_recall_at_100_diff1": 0.19151833799379744,
        "nauc_recall_at_100_max": 0.04557136315212161,
        "nauc_recall_at_100_std": 0.07149764457086401,
        "nauc_recall_at_10_diff1": 0.21410038364719394,
        "nauc_recall_at_10_max": 0.08068322780045473,
        "nauc_recall_at_10_std": 0.037037571191716745,
        "nauc_recall_at_1_diff1": 0.24463253990774003,
        "nauc_recall_at_1_max": 0.0844516445733758,
        "nauc_recall_at_1_std": -0.027052286093072267,
        "nauc_recall_at_20_diff1": 0.1990729636016057,
        "nauc_recall_at_20_max": 0.059782723925941854,
        "nauc_recall_at_20_std": 0.04320061234796331,
        "nauc_recall_at_3_diff1": 0.22871302219459302,
        "nauc_recall_at_3_max": 0.10472443448415733,
        "nauc_recall_at_3_std": 0.03013314639210661,
        "nauc_recall_at_5_diff1": 0.22054793329886757,
        "nauc_recall_at_5_max": 0.10796778960647507,
        "nauc_recall_at_5_std": 0.00814500718437171,
        "ndcg_at_1": 0.13957,
        "ndcg_at_10": 0.18384,
        "ndcg_at_100": 0.22607,
        "ndcg_at_1000": 0.25466,
        "ndcg_at_20": 0.2023,
        "ndcg_at_3": 0.15527,
        "ndcg_at_5": 0.16802,
        "precision_at_1": 0.13957,
        "precision_at_10": 0.03067,
        "precision_at_100": 0.00555,
        "precision_at_1000": 0.00087,
        "precision_at_20": 0.01971,
        "precision_at_3": 0.068,
        "precision_at_5": 0.04939,
        "recall_at_1": 0.11806,
        "recall_at_10": 0.24838,
        "recall_at_100": 0.44181,
        "recall_at_1000": 0.65811,
        "recall_at_20": 0.31863,
        "recall_at_3": 0.16956,
        "recall_at_5": 0.20112
      }
    ]
  },
  "task_name": "CQADupstackStatsRetrieval"
}