{
  "dataset_revision": "79531abbd1fb92d06c6d6315a0cbbbf5bb247ea4",
  "evaluation_time": 9.13735818862915,
  "kg_co2_emissions": null,
  "mteb_version": "1.14.15",
  "scores": {
    "test": [
      {
        "hf_subset": "default",
        "languages": [
          "eng-Latn"
        ],
        "main_score": 0.281,
        "map_at_1": 0.17408,
        "map_at_10": 0.23634,
        "map_at_100": 0.2476,
        "map_at_1000": 0.24901,
        "map_at_20": 0.24144,
        "map_at_3": 0.21317,
        "map_at_5": 0.22615,
        "mrr_at_1": 0.21751684311838307,
        "mrr_at_10": 0.2820546312846601,
        "mrr_at_100": 0.29135361539963517,
        "mrr_at_1000": 0.2921658309312368,
        "mrr_at_20": 0.287217754830509,
        "mrr_at_3": 0.25794032723772864,
        "mrr_at_5": 0.27175168431183816,
        "nauc_map_at_1000_diff1": 0.4326036503458007,
        "nauc_map_at_1000_max": 0.25979886910558747,
        "nauc_map_at_1000_std": -0.020849267220215115,
        "nauc_map_at_100_diff1": 0.43224870619497985,
        "nauc_map_at_100_max": 0.2588024877542956,
        "nauc_map_at_100_std": -0.022139159499799402,
        "nauc_map_at_10_diff1": 0.43474467366657354,
        "nauc_map_at_10_max": 0.2597259760761233,
        "nauc_map_at_10_std": -0.027682768946830406,
        "nauc_map_at_1_diff1": 0.5123237029644941,
        "nauc_map_at_1_max": 0.296416845733838,
        "nauc_map_at_1_std": -0.02806567544030298,
        "nauc_map_at_20_diff1": 0.43164927055048097,
        "nauc_map_at_20_max": 0.2579620371040526,
        "nauc_map_at_20_std": -0.02527474807557985,
        "nauc_map_at_3_diff1": 0.4516292828974055,
        "nauc_map_at_3_max": 0.26192526759218915,
        "nauc_map_at_3_std": -0.03258122441754642,
        "nauc_map_at_5_diff1": 0.4427022371461212,
        "nauc_map_at_5_max": 0.25986943086976233,
        "nauc_map_at_5_std": -0.029688258936796903,
        "nauc_mrr_at_1000_diff1": 0.4076319304785522,
        "nauc_mrr_at_1000_max": 0.26528028493585576,
        "nauc_mrr_at_1000_std": 0.005361028661180448,
        "nauc_mrr_at_100_diff1": 0.40725952394342174,
        "nauc_mrr_at_100_max": 0.2647864694368845,
        "nauc_mrr_at_100_std": 0.005015817550912432,
        "nauc_mrr_at_10_diff1": 0.4095782826805433,
        "nauc_mrr_at_10_max": 0.2672257097851632,
        "nauc_mrr_at_10_std": 0.003297285535383387,
        "nauc_mrr_at_1_diff1": 0.4772594645013734,
        "nauc_mrr_at_1_max": 0.3039432411003057,
        "nauc_mrr_at_1_std": 0.014420412083862327,
        "nauc_mrr_at_20_diff1": 0.40639149396407676,
        "nauc_mrr_at_20_max": 0.264962504824028,
        "nauc_mrr_at_20_std": 0.004198198446831025,
        "nauc_mrr_at_3_diff1": 0.42149504777302726,
        "nauc_mrr_at_3_max": 0.27027528584859734,
        "nauc_mrr_at_3_std": -0.0034841587153009138,
        "nauc_mrr_at_5_diff1": 0.41395178216037637,
        "nauc_mrr_at_5_max": 0.2706751242405021,
        "nauc_mrr_at_5_std": 0.0024717610402157793,
        "nauc_ndcg_at_1000_diff1": 0.39575508159078476,
        "nauc_ndcg_at_1000_max": 0.2556853800881313,
        "nauc_ndcg_at_1000_std": 0.020843318101121115,
        "nauc_ndcg_at_100_diff1": 0.38845051526729224,
        "nauc_ndcg_at_100_max": 0.24164287066890422,
        "nauc_ndcg_at_100_std": 0.004704663117394464,
        "nauc_ndcg_at_10_diff1": 0.39599218956378923,
        "nauc_ndcg_at_10_max": 0.24593454723101713,
        "nauc_ndcg_at_10_std": -0.018816000573302148,
        "nauc_ndcg_at_1_diff1": 0.4772594645013734,
        "nauc_ndcg_at_1_max": 0.3039432411003057,
        "nauc_ndcg_at_1_std": 0.014420412083862327,
        "nauc_ndcg_at_20_diff1": 0.38492145337780037,
        "nauc_ndcg_at_20_max": 0.2387289179189674,
        "nauc_ndcg_at_20_std": -0.012296334118794574,
        "nauc_ndcg_at_3_diff1": 0.42426732454676047,
        "nauc_ndcg_at_3_max": 0.26047493631745866,
        "nauc_ndcg_at_3_std": -0.019063204994807348,
        "nauc_ndcg_at_5_diff1": 0.41130666312853637,
        "nauc_ndcg_at_5_max": 0.2536650004910346,
        "nauc_ndcg_at_5_std": -0.01842116343536162,
        "nauc_precision_at_1000_diff1": 0.017292134029280287,
        "nauc_precision_at_1000_max": 0.13882127060898436,
        "nauc_precision_at_1000_std": 0.2126169437752195,
        "nauc_precision_at_100_diff1": 0.11753385087746061,
        "nauc_precision_at_100_max": 0.17089840857788904,
        "nauc_precision_at_100_std": 0.15621459805832355,
        "nauc_precision_at_10_diff1": 0.2341970845165901,
        "nauc_precision_at_10_max": 0.2327676980263084,
        "nauc_precision_at_10_std": 0.06395234791166335,
        "nauc_precision_at_1_diff1": 0.4772594645013734,
        "nauc_precision_at_1_max": 0.3039432411003057,
        "nauc_precision_at_1_std": 0.014420412083862327,
        "nauc_precision_at_20_diff1": 0.17873164002378125,
        "nauc_precision_at_20_max": 0.1992501795496989,
        "nauc_precision_at_20_std": 0.09199279241356155,
        "nauc_precision_at_3_diff1": 0.3364682973700672,
        "nauc_precision_at_3_max": 0.2528187031566235,
        "nauc_precision_at_3_std": 0.018786825941907552,
        "nauc_precision_at_5_diff1": 0.2960910213078036,
        "nauc_precision_at_5_max": 0.25096715780488976,
        "nauc_precision_at_5_std": 0.03990043075979965,
        "nauc_recall_at_1000_diff1": 0.2306929521573006,
        "nauc_recall_at_1000_max": 0.20572528914896765,
        "nauc_recall_at_1000_std": 0.2983709673991498,
        "nauc_recall_at_100_diff1": 0.2333784906640149,
        "nauc_recall_at_100_max": 0.13563219449225009,
        "nauc_recall_at_100_std": 0.0746189623877132,
        "nauc_recall_at_10_diff1": 0.2922618248896166,
        "nauc_recall_at_10_max": 0.18368495112115502,
        "nauc_recall_at_10_std": -0.025415354865089633,
        "nauc_recall_at_1_diff1": 0.5123237029644941,
        "nauc_recall_at_1_max": 0.296416845733838,
        "nauc_recall_at_1_std": -0.02806567544030298,
        "nauc_recall_at_20_diff1": 0.24982279789513653,
        "nauc_recall_at_20_max": 0.1535005827725592,
        "nauc_recall_at_20_std": -0.004272837479647023,
        "nauc_recall_at_3_diff1": 0.370322476528056,
        "nauc_recall_at_3_max": 0.21523706479074506,
        "nauc_recall_at_3_std": -0.03641936776807508,
        "nauc_recall_at_5_diff1": 0.3372936570821818,
        "nauc_recall_at_5_max": 0.2029944173157368,
        "nauc_recall_at_5_std": -0.029020859696575238,
        "ndcg_at_1": 0.21752,
        "ndcg_at_10": 0.281,
        "ndcg_at_100": 0.33794,
        "ndcg_at_1000": 0.3683,
        "ndcg_at_20": 0.29844,
        "ndcg_at_3": 0.2399,
        "ndcg_at_5": 0.2594,
        "precision_at_1": 0.21752,
        "precision_at_10": 0.05207,
        "precision_at_100": 0.0098,
        "precision_at_1000": 0.00143,
        "precision_at_20": 0.03152,
        "precision_at_3": 0.11229,
        "precision_at_5": 0.08316,
        "recall_at_1": 0.17408,
        "recall_at_10": 0.37165,
        "recall_at_100": 0.62651,
        "recall_at_1000": 0.83469,
        "recall_at_20": 0.43446,
        "recall_at_3": 0.256,
        "recall_at_5": 0.30655
      }
    ]
  },
  "task_name": "CQADupstackPhysicsRetrieval"
}