{
  "dataset_revision": "c0f706b76e590d620bd6618b3ca8efdd34e2d659",
  "evaluation_time": 905.7324228286743,
  "kg_co2_emissions": null,
  "mteb_version": "1.14.15",
  "scores": {
    "test": [
      {
        "hf_subset": "default",
        "languages": [
          "eng-Latn"
        ],
        "main_score": 0.25516,
        "map_at_1": 0.04585,
        "map_at_10": 0.10558,
        "map_at_100": 0.14885,
        "map_at_1000": 0.15915,
        "map_at_20": 0.12242,
        "map_at_3": 0.07393,
        "map_at_5": 0.08594,
        "mrr_at_1": 0.445,
        "mrr_at_10": 0.5487410714285713,
        "mrr_at_100": 0.554860096009892,
        "mrr_at_1000": 0.5551079614224205,
        "mrr_at_20": 0.5527255238526521,
        "mrr_at_3": 0.5204166666666667,
        "mrr_at_5": 0.5351666666666667,
        "nauc_map_at_1000_diff1": 0.2840979236381772,
        "nauc_map_at_1000_max": 0.2978965229926178,
        "nauc_map_at_1000_std": 0.3088764977969059,
        "nauc_map_at_100_diff1": 0.2873278145547276,
        "nauc_map_at_100_max": 0.2728526713063023,
        "nauc_map_at_100_std": 0.28033272815666854,
        "nauc_map_at_10_diff1": 0.35334109256491625,
        "nauc_map_at_10_max": 0.11181399501220257,
        "nauc_map_at_10_std": 0.13180775434092862,
        "nauc_map_at_1_diff1": 0.45867323467058174,
        "nauc_map_at_1_max": -0.00733702892465686,
        "nauc_map_at_1_std": 0.03969007656387463,
        "nauc_map_at_20_diff1": 0.32737563371691464,
        "nauc_map_at_20_max": 0.16712015714292203,
        "nauc_map_at_20_std": 0.18179837825281564,
        "nauc_map_at_3_diff1": 0.39358945592949485,
        "nauc_map_at_3_max": 0.05448695676931316,
        "nauc_map_at_3_std": 0.06204172744817759,
        "nauc_map_at_5_diff1": 0.37928854484675684,
        "nauc_map_at_5_max": 0.06596337276392895,
        "nauc_map_at_5_std": 0.08235596939594136,
        "nauc_mrr_at_1000_diff1": 0.33420737775644394,
        "nauc_mrr_at_1000_max": 0.4613659689028793,
        "nauc_mrr_at_1000_std": 0.29278108581352297,
        "nauc_mrr_at_100_diff1": 0.3343760365632699,
        "nauc_mrr_at_100_max": 0.46155030904920286,
        "nauc_mrr_at_100_std": 0.2929183961203278,
        "nauc_mrr_at_10_diff1": 0.33372940724365224,
        "nauc_mrr_at_10_max": 0.4588502015727753,
        "nauc_mrr_at_10_std": 0.2897450116175713,
        "nauc_mrr_at_1_diff1": 0.37038949494421325,
        "nauc_mrr_at_1_max": 0.436843515716405,
        "nauc_mrr_at_1_std": 0.29062767577601584,
        "nauc_mrr_at_20_diff1": 0.3344943708493421,
        "nauc_mrr_at_20_max": 0.4610096995861355,
        "nauc_mrr_at_20_std": 0.2913755169706382,
        "nauc_mrr_at_3_diff1": 0.32932379921286087,
        "nauc_mrr_at_3_max": 0.4583046530737214,
        "nauc_mrr_at_3_std": 0.2898038995101691,
        "nauc_mrr_at_5_diff1": 0.3301848752761743,
        "nauc_mrr_at_5_max": 0.4574337639822611,
        "nauc_mrr_at_5_std": 0.2857219445985183,
        "nauc_ndcg_at_1000_diff1": 0.29031510049028775,
        "nauc_ndcg_at_1000_max": 0.405267703197412,
        "nauc_ndcg_at_1000_std": 0.423005865676892,
        "nauc_ndcg_at_100_diff1": 0.29344739057831065,
        "nauc_ndcg_at_100_max": 0.3337828801741486,
        "nauc_ndcg_at_100_std": 0.3398191361448277,
        "nauc_ndcg_at_10_diff1": 0.3158939487661351,
        "nauc_ndcg_at_10_max": 0.3305362616825694,
        "nauc_ndcg_at_10_std": 0.28519650410818054,
        "nauc_ndcg_at_1_diff1": 0.35294700632305814,
        "nauc_ndcg_at_1_max": 0.31551140366841895,
        "nauc_ndcg_at_1_std": 0.21389198724937097,
        "nauc_ndcg_at_20_diff1": 0.3143160990986207,
        "nauc_ndcg_at_20_max": 0.3006950946963706,
        "nauc_ndcg_at_20_std": 0.27355004276047906,
        "nauc_ndcg_at_3_diff1": 0.30599637518682726,
        "nauc_ndcg_at_3_max": 0.36791580459789214,
        "nauc_ndcg_at_3_std": 0.2589479156863662,
        "nauc_ndcg_at_5_diff1": 0.3129528680366849,
        "nauc_ndcg_at_5_max": 0.34093636691306395,
        "nauc_ndcg_at_5_std": 0.26748913229727944,
        "nauc_precision_at_1000_diff1": -0.04271485933807063,
        "nauc_precision_at_1000_max": 0.25366163422380916,
        "nauc_precision_at_1000_std": 0.2553048101383857,
        "nauc_precision_at_100_diff1": 0.0054958351317046334,
        "nauc_precision_at_100_max": 0.48557901797757963,
        "nauc_precision_at_100_std": 0.4181578833243624,
        "nauc_precision_at_10_diff1": 0.09697772742135413,
        "nauc_precision_at_10_max": 0.47433469954704566,
        "nauc_precision_at_10_std": 0.39087209552850155,
        "nauc_precision_at_1_diff1": 0.37038949494421325,
        "nauc_precision_at_1_max": 0.436843515716405,
        "nauc_precision_at_1_std": 0.29062767577601584,
        "nauc_precision_at_20_diff1": 0.06588427545245819,
        "nauc_precision_at_20_max": 0.4992197881871726,
        "nauc_precision_at_20_std": 0.4148698751619454,
        "nauc_precision_at_3_diff1": 0.18391812660675122,
        "nauc_precision_at_3_max": 0.47138424035248716,
        "nauc_precision_at_3_std": 0.31204774546957403,
        "nauc_precision_at_5_diff1": 0.14366934091519495,
        "nauc_precision_at_5_max": 0.44988560570416636,
        "nauc_precision_at_5_std": 0.3386434633706037,
        "nauc_recall_at_1000_diff1": 0.19132953877467654,
        "nauc_recall_at_1000_max": 0.26484610396399544,
        "nauc_recall_at_1000_std": 0.4459425418294402,
        "nauc_recall_at_100_diff1": 0.182269267679719,
        "nauc_recall_at_100_max": 0.1923569401472271,
        "nauc_recall_at_100_std": 0.2795048782794634,
        "nauc_recall_at_10_diff1": 0.2963639388235123,
        "nauc_recall_at_10_max": -0.011451637872846187,
        "nauc_recall_at_10_std": 0.035050609115944674,
        "nauc_recall_at_1_diff1": 0.45867323467058174,
        "nauc_recall_at_1_max": -0.00733702892465686,
        "nauc_recall_at_1_std": 0.03969007656387463,
        "nauc_recall_at_20_diff1": 0.25416606822860693,
        "nauc_recall_at_20_max": 0.03507604434126167,
        "nauc_recall_at_20_std": 0.08204428169089485,
        "nauc_recall_at_3_diff1": 0.3337396491465469,
        "nauc_recall_at_3_max": 0.0019079229494584184,
        "nauc_recall_at_3_std": 0.0029554177247243896,
        "nauc_recall_at_5_diff1": 0.3437485394010172,
        "nauc_recall_at_5_max": -0.0009950975618055761,
        "nauc_recall_at_5_std": 0.013966333793032765,
        "ndcg_at_1": 0.32375,
        "ndcg_at_10": 0.25516,
        "ndcg_at_100": 0.29213,
        "ndcg_at_1000": 0.36004,
        "ndcg_at_20": 0.25204,
        "ndcg_at_3": 0.27889,
        "ndcg_at_5": 0.26078,
        "precision_at_1": 0.445,
        "precision_at_10": 0.228,
        "precision_at_100": 0.07305,
        "precision_at_1000": 0.01517,
        "precision_at_20": 0.17087,
        "precision_at_3": 0.34083,
        "precision_at_5": 0.283,
        "recall_at_1": 0.04585,
        "recall_at_10": 0.16366,
        "recall_at_100": 0.36771,
        "recall_at_1000": 0.60239,
        "recall_at_20": 0.21854,
        "recall_at_3": 0.08651,
        "recall_at_5": 0.10895
      }
    ]
  },
  "task_name": "DBPedia"
}