{
  "dataset_revision": "c0f706b76e590d620bd6618b3ca8efdd34e2d659",
  "task_name": "DBPedia",
  "mteb_version": "1.34.4",
  "scores": {
    "test": [
      {
        "ndcg_at_1": 0.32375,
        "ndcg_at_3": 0.27889,
        "ndcg_at_5": 0.26078,
        "ndcg_at_10": 0.25516,
        "ndcg_at_20": 0.25204,
        "ndcg_at_100": 0.29213,
        "ndcg_at_1000": 0.36004,
        "map_at_1": 0.04585,
        "map_at_3": 0.07393,
        "map_at_5": 0.08594,
        "map_at_10": 0.10558,
        "map_at_20": 0.12242,
        "map_at_100": 0.14885,
        "map_at_1000": 0.15915,
        "recall_at_1": 0.04585,
        "recall_at_3": 0.08651,
        "recall_at_5": 0.10895,
        "recall_at_10": 0.16366,
        "recall_at_20": 0.21854,
        "recall_at_100": 0.36771,
        "recall_at_1000": 0.60239,
        "precision_at_1": 0.445,
        "precision_at_3": 0.34083,
        "precision_at_5": 0.283,
        "precision_at_10": 0.228,
        "precision_at_20": 0.17087,
        "precision_at_100": 0.07305,
        "precision_at_1000": 0.01517,
        "mrr_at_1": 0.445,
        "mrr_at_3": 0.520417,
        "mrr_at_5": 0.535167,
        "mrr_at_10": 0.548741,
        "mrr_at_20": 0.552726,
        "mrr_at_100": 0.55486,
        "mrr_at_1000": 0.555108,
        "nauc_ndcg_at_1_max": 0.315511,
        "nauc_ndcg_at_1_std": 0.213892,
        "nauc_ndcg_at_1_diff1": 0.352947,
        "nauc_ndcg_at_3_max": 0.367916,
        "nauc_ndcg_at_3_std": 0.258948,
        "nauc_ndcg_at_3_diff1": 0.305996,
        "nauc_ndcg_at_5_max": 0.340936,
        "nauc_ndcg_at_5_std": 0.267489,
        "nauc_ndcg_at_5_diff1": 0.312953,
        "nauc_ndcg_at_10_max": 0.330536,
        "nauc_ndcg_at_10_std": 0.285197,
        "nauc_ndcg_at_10_diff1": 0.315894,
        "nauc_ndcg_at_20_max": 0.300695,
        "nauc_ndcg_at_20_std": 0.27355,
        "nauc_ndcg_at_20_diff1": 0.314316,
        "nauc_ndcg_at_100_max": 0.333783,
        "nauc_ndcg_at_100_std": 0.339819,
        "nauc_ndcg_at_100_diff1": 0.293447,
        "nauc_ndcg_at_1000_max": 0.405268,
        "nauc_ndcg_at_1000_std": 0.423006,
        "nauc_ndcg_at_1000_diff1": 0.290315,
        "nauc_map_at_1_max": -0.007337,
        "nauc_map_at_1_std": 0.03969,
        "nauc_map_at_1_diff1": 0.458673,
        "nauc_map_at_3_max": 0.054487,
        "nauc_map_at_3_std": 0.062042,
        "nauc_map_at_3_diff1": 0.393589,
        "nauc_map_at_5_max": 0.065963,
        "nauc_map_at_5_std": 0.082356,
        "nauc_map_at_5_diff1": 0.379289,
        "nauc_map_at_10_max": 0.111814,
        "nauc_map_at_10_std": 0.131808,
        "nauc_map_at_10_diff1": 0.353341,
        "nauc_map_at_20_max": 0.16712,
        "nauc_map_at_20_std": 0.181798,
        "nauc_map_at_20_diff1": 0.327376,
        "nauc_map_at_100_max": 0.272853,
        "nauc_map_at_100_std": 0.280333,
        "nauc_map_at_100_diff1": 0.287328,
        "nauc_map_at_1000_max": 0.297897,
        "nauc_map_at_1000_std": 0.308876,
        "nauc_map_at_1000_diff1": 0.284098,
        "nauc_recall_at_1_max": -0.007337,
        "nauc_recall_at_1_std": 0.03969,
        "nauc_recall_at_1_diff1": 0.458673,
        "nauc_recall_at_3_max": 0.001908,
        "nauc_recall_at_3_std": 0.002955,
        "nauc_recall_at_3_diff1": 0.33374,
        "nauc_recall_at_5_max": -0.000995,
        "nauc_recall_at_5_std": 0.013966,
        "nauc_recall_at_5_diff1": 0.343749,
        "nauc_recall_at_10_max": -0.011452,
        "nauc_recall_at_10_std": 0.035051,
        "nauc_recall_at_10_diff1": 0.296364,
        "nauc_recall_at_20_max": 0.035076,
        "nauc_recall_at_20_std": 0.082044,
        "nauc_recall_at_20_diff1": 0.254166,
        "nauc_recall_at_100_max": 0.192357,
        "nauc_recall_at_100_std": 0.279505,
        "nauc_recall_at_100_diff1": 0.182269,
        "nauc_recall_at_1000_max": 0.264846,
        "nauc_recall_at_1000_std": 0.445943,
        "nauc_recall_at_1000_diff1": 0.19133,
        "nauc_precision_at_1_max": 0.436844,
        "nauc_precision_at_1_std": 0.290628,
        "nauc_precision_at_1_diff1": 0.370389,
        "nauc_precision_at_3_max": 0.471384,
        "nauc_precision_at_3_std": 0.312048,
        "nauc_precision_at_3_diff1": 0.183918,
        "nauc_precision_at_5_max": 0.449886,
        "nauc_precision_at_5_std": 0.338643,
        "nauc_precision_at_5_diff1": 0.143669,
        "nauc_precision_at_10_max": 0.474335,
        "nauc_precision_at_10_std": 0.390872,
        "nauc_precision_at_10_diff1": 0.096978,
        "nauc_precision_at_20_max": 0.49922,
        "nauc_precision_at_20_std": 0.41487,
        "nauc_precision_at_20_diff1": 0.065884,
        "nauc_precision_at_100_max": 0.485579,
        "nauc_precision_at_100_std": 0.418158,
        "nauc_precision_at_100_diff1": 0.005496,
        "nauc_precision_at_1000_max": 0.253662,
        "nauc_precision_at_1000_std": 0.255305,
        "nauc_precision_at_1000_diff1": -0.042715,
        "nauc_mrr_at_1_max": 0.436844,
        "nauc_mrr_at_1_std": 0.290628,
        "nauc_mrr_at_1_diff1": 0.370389,
        "nauc_mrr_at_3_max": 0.458305,
        "nauc_mrr_at_3_std": 0.289804,
        "nauc_mrr_at_3_diff1": 0.329324,
        "nauc_mrr_at_5_max": 0.457434,
        "nauc_mrr_at_5_std": 0.285722,
        "nauc_mrr_at_5_diff1": 0.330185,
        "nauc_mrr_at_10_max": 0.45885,
        "nauc_mrr_at_10_std": 0.289745,
        "nauc_mrr_at_10_diff1": 0.333729,
        "nauc_mrr_at_20_max": 0.46101,
        "nauc_mrr_at_20_std": 0.291376,
        "nauc_mrr_at_20_diff1": 0.334494,
        "nauc_mrr_at_100_max": 0.46155,
        "nauc_mrr_at_100_std": 0.292918,
        "nauc_mrr_at_100_diff1": 0.334376,
        "nauc_mrr_at_1000_max": 0.461366,
        "nauc_mrr_at_1000_std": 0.292781,
        "nauc_mrr_at_1000_diff1": 0.334207,
        "main_score": 0.25516,
        "hf_subset": "default",
        "languages": [
          "eng-Latn"
        ]
      }
    ]
  },
  "evaluation_time": 811.3702161312103,
  "kg_co2_emissions": null
}