{
  "dataset_revision": "bea83ef9e8fb933d90a2f1d5515737465d613e12",
  "task_name": "FEVER",
  "mteb_version": "1.34.4",
  "scores": {
    "test": [
      {
        "ndcg_at_1": 0.19337,
        "ndcg_at_3": 0.27232,
        "ndcg_at_5": 0.30177,
        "ndcg_at_10": 0.33504,
        "ndcg_at_20": 0.35663,
        "ndcg_at_100": 0.3868,
        "ndcg_at_1000": 0.40474,
        "map_at_1": 0.18044,
        "map_at_3": 0.24621,
        "map_at_5": 0.26263,
        "map_at_10": 0.27644,
        "map_at_20": 0.28245,
        "map_at_100": 0.28679,
        "map_at_1000": 0.28747,
        "recall_at_1": 0.18044,
        "recall_at_3": 0.33161,
        "recall_at_5": 0.40198,
        "recall_at_10": 0.50262,
        "recall_at_20": 0.58551,
        "recall_at_100": 0.7425,
        "recall_at_1000": 0.87905,
        "precision_at_1": 0.19337,
        "precision_at_3": 0.11901,
        "precision_at_5": 0.08713,
        "precision_at_10": 0.05473,
        "precision_at_20": 0.03212,
        "precision_at_100": 0.00825,
        "precision_at_1000": 0.001,
        "mrr_at_1": 0.193369,
        "mrr_at_3": 0.262401,
        "mrr_at_5": 0.27966,
        "mrr_at_10": 0.293863,
        "mrr_at_20": 0.299842,
        "mrr_at_100": 0.303936,
        "mrr_at_1000": 0.304532,
        "nauc_ndcg_at_1_max": 0.02934,
        "nauc_ndcg_at_1_std": -0.09198,
        "nauc_ndcg_at_1_diff1": 0.249399,
        "nauc_ndcg_at_3_max": 0.04714,
        "nauc_ndcg_at_3_std": -0.083802,
        "nauc_ndcg_at_3_diff1": 0.211548,
        "nauc_ndcg_at_5_max": 0.051303,
        "nauc_ndcg_at_5_std": -0.079433,
        "nauc_ndcg_at_5_diff1": 0.203248,
        "nauc_ndcg_at_10_max": 0.06236,
        "nauc_ndcg_at_10_std": -0.066448,
        "nauc_ndcg_at_10_diff1": 0.195274,
        "nauc_ndcg_at_20_max": 0.071469,
        "nauc_ndcg_at_20_std": -0.051755,
        "nauc_ndcg_at_20_diff1": 0.193324,
        "nauc_ndcg_at_100_max": 0.077561,
        "nauc_ndcg_at_100_std": -0.040627,
        "nauc_ndcg_at_100_diff1": 0.196114,
        "nauc_ndcg_at_1000_max": 0.076465,
        "nauc_ndcg_at_1000_std": -0.040715,
        "nauc_ndcg_at_1000_diff1": 0.197291,
        "nauc_map_at_1_max": 0.032072,
        "nauc_map_at_1_std": -0.089431,
        "nauc_map_at_1_diff1": 0.251287,
        "nauc_map_at_3_max": 0.043518,
        "nauc_map_at_3_std": -0.0859,
        "nauc_map_at_3_diff1": 0.221038,
        "nauc_map_at_5_max": 0.045554,
        "nauc_map_at_5_std": -0.083657,
        "nauc_map_at_5_diff1": 0.215843,
        "nauc_map_at_10_max": 0.050131,
        "nauc_map_at_10_std": -0.077947,
        "nauc_map_at_10_diff1": 0.212121,
        "nauc_map_at_20_max": 0.052596,
        "nauc_map_at_20_std": -0.073855,
        "nauc_map_at_20_diff1": 0.211558,
        "nauc_map_at_100_max": 0.053567,
        "nauc_map_at_100_std": -0.072345,
        "nauc_map_at_100_diff1": 0.211931,
        "nauc_map_at_1000_max": 0.053602,
        "nauc_map_at_1000_std": -0.072263,
        "nauc_map_at_1000_diff1": 0.211971,
        "nauc_recall_at_1_max": 0.032072,
        "nauc_recall_at_1_std": -0.089431,
        "nauc_recall_at_1_diff1": 0.251287,
        "nauc_recall_at_3_max": 0.054671,
        "nauc_recall_at_3_std": -0.075642,
        "nauc_recall_at_3_diff1": 0.184964,
        "nauc_recall_at_5_max": 0.06314,
        "nauc_recall_at_5_std": -0.066062,
        "nauc_recall_at_5_diff1": 0.166631,
        "nauc_recall_at_10_max": 0.092724,
        "nauc_recall_at_10_std": -0.030237,
        "nauc_recall_at_10_diff1": 0.142103,
        "nauc_recall_at_20_max": 0.128421,
        "nauc_recall_at_20_std": 0.028699,
        "nauc_recall_at_20_diff1": 0.129492,
        "nauc_recall_at_100_max": 0.183338,
        "nauc_recall_at_100_std": 0.130732,
        "nauc_recall_at_100_diff1": 0.121659,
        "nauc_recall_at_1000_max": 0.247277,
        "nauc_recall_at_1000_std": 0.272547,
        "nauc_recall_at_1000_diff1": 0.08219,
        "nauc_precision_at_1_max": 0.02934,
        "nauc_precision_at_1_std": -0.09198,
        "nauc_precision_at_1_diff1": 0.249399,
        "nauc_precision_at_3_max": 0.058635,
        "nauc_precision_at_3_std": -0.076161,
        "nauc_precision_at_3_diff1": 0.185715,
        "nauc_precision_at_5_max": 0.067398,
        "nauc_precision_at_5_std": -0.066967,
        "nauc_precision_at_5_diff1": 0.165297,
        "nauc_precision_at_10_max": 0.101146,
        "nauc_precision_at_10_std": -0.026328,
        "nauc_precision_at_10_diff1": 0.13956,
        "nauc_precision_at_20_max": 0.135523,
        "nauc_precision_at_20_std": 0.034021,
        "nauc_precision_at_20_diff1": 0.118101,
        "nauc_precision_at_100_max": 0.184267,
        "nauc_precision_at_100_std": 0.136689,
        "nauc_precision_at_100_diff1": 0.084422,
        "nauc_precision_at_1000_max": 0.191783,
        "nauc_precision_at_1000_std": 0.189754,
        "nauc_precision_at_1000_diff1": 0.004664,
        "nauc_mrr_at_1_max": 0.02934,
        "nauc_mrr_at_1_std": -0.09198,
        "nauc_mrr_at_1_diff1": 0.249399,
        "nauc_mrr_at_3_max": 0.043381,
        "nauc_mrr_at_3_std": -0.086472,
        "nauc_mrr_at_3_diff1": 0.219119,
        "nauc_mrr_at_5_max": 0.046082,
        "nauc_mrr_at_5_std": -0.083751,
        "nauc_mrr_at_5_diff1": 0.21421,
        "nauc_mrr_at_10_max": 0.050665,
        "nauc_mrr_at_10_std": -0.078514,
        "nauc_mrr_at_10_diff1": 0.210614,
        "nauc_mrr_at_20_max": 0.053241,
        "nauc_mrr_at_20_std": -0.074943,
        "nauc_mrr_at_20_diff1": 0.210391,
        "nauc_mrr_at_100_max": 0.053887,
        "nauc_mrr_at_100_std": -0.073881,
        "nauc_mrr_at_100_diff1": 0.211061,
        "nauc_mrr_at_1000_max": 0.053791,
        "nauc_mrr_at_1000_std": -0.073961,
        "nauc_mrr_at_1000_diff1": 0.211162,
        "main_score": 0.33504,
        "hf_subset": "default",
        "languages": [
          "eng-Latn"
        ]
      }
    ]
  },
  "evaluation_time": 1334.809000968933,
  "kg_co2_emissions": null
}