{
  "dataset_revision": "ab518f4d6fcca38d87c25209f94beba119d02014",
  "task_name": "HotpotQA",
  "mteb_version": "1.34.4",
  "scores": {
    "test": [
      {
        "ndcg_at_1": 0.4632,
        "ndcg_at_3": 0.35998,
        "ndcg_at_5": 0.38089,
        "ndcg_at_10": 0.40216,
        "ndcg_at_20": 0.41787,
        "ndcg_at_100": 0.4433,
        "ndcg_at_1000": 0.46656,
        "map_at_1": 0.2316,
        "map_at_3": 0.29655,
        "map_at_5": 0.31011,
        "map_at_10": 0.32046,
        "map_at_20": 0.32568,
        "map_at_100": 0.33,
        "map_at_1000": 0.33102,
        "recall_at_1": 0.2316,
        "recall_at_3": 0.337,
        "recall_at_5": 0.37846,
        "recall_at_10": 0.43207,
        "recall_at_20": 0.48285,
        "recall_at_100": 0.59554,
        "recall_at_1000": 0.75037,
        "precision_at_1": 0.4632,
        "precision_at_3": 0.22467,
        "precision_at_5": 0.15138,
        "precision_at_10": 0.08641,
        "precision_at_20": 0.04828,
        "precision_at_100": 0.01191,
        "precision_at_1000": 0.0015,
        "mrr_at_1": 0.463201,
        "mrr_at_3": 0.520932,
        "mrr_at_5": 0.531621,
        "mrr_at_10": 0.539553,
        "mrr_at_20": 0.543118,
        "mrr_at_100": 0.54572,
        "mrr_at_1000": 0.546133,
        "nauc_ndcg_at_1_max": 0.287293,
        "nauc_ndcg_at_1_std": 0.005024,
        "nauc_ndcg_at_1_diff1": 0.611964,
        "nauc_ndcg_at_3_max": 0.265918,
        "nauc_ndcg_at_3_std": 0.0381,
        "nauc_ndcg_at_3_diff1": 0.497959,
        "nauc_ndcg_at_5_max": 0.26124,
        "nauc_ndcg_at_5_std": 0.045522,
        "nauc_ndcg_at_5_diff1": 0.477687,
        "nauc_ndcg_at_10_max": 0.258289,
        "nauc_ndcg_at_10_std": 0.060964,
        "nauc_ndcg_at_10_diff1": 0.465812,
        "nauc_ndcg_at_20_max": 0.260882,
        "nauc_ndcg_at_20_std": 0.075204,
        "nauc_ndcg_at_20_diff1": 0.457787,
        "nauc_ndcg_at_100_max": 0.264745,
        "nauc_ndcg_at_100_std": 0.095794,
        "nauc_ndcg_at_100_diff1": 0.448734,
        "nauc_ndcg_at_1000_max": 0.265404,
        "nauc_ndcg_at_1000_std": 0.101028,
        "nauc_ndcg_at_1000_diff1": 0.447481,
        "nauc_map_at_1_max": 0.287293,
        "nauc_map_at_1_std": 0.005024,
        "nauc_map_at_1_diff1": 0.611964,
        "nauc_map_at_3_max": 0.262506,
        "nauc_map_at_3_std": 0.038843,
        "nauc_map_at_3_diff1": 0.476069,
        "nauc_map_at_5_max": 0.259051,
        "nauc_map_at_5_std": 0.044459,
        "nauc_map_at_5_diff1": 0.459693,
        "nauc_map_at_10_max": 0.256909,
        "nauc_map_at_10_std": 0.052853,
        "nauc_map_at_10_diff1": 0.453076,
        "nauc_map_at_20_max": 0.258088,
        "nauc_map_at_20_std": 0.058136,
        "nauc_map_at_20_diff1": 0.450338,
        "nauc_map_at_100_max": 0.259091,
        "nauc_map_at_100_std": 0.062148,
        "nauc_map_at_100_diff1": 0.448632,
        "nauc_map_at_1000_max": 0.25917,
        "nauc_map_at_1000_std": 0.062534,
        "nauc_map_at_1000_diff1": 0.448591,
        "nauc_recall_at_1_max": 0.287293,
        "nauc_recall_at_1_std": 0.005024,
        "nauc_recall_at_1_diff1": 0.611964,
        "nauc_recall_at_3_max": 0.247053,
        "nauc_recall_at_3_std": 0.054578,
        "nauc_recall_at_3_diff1": 0.42762,
        "nauc_recall_at_5_max": 0.231249,
        "nauc_recall_at_5_std": 0.06787,
        "nauc_recall_at_5_diff1": 0.376063,
        "nauc_recall_at_10_max": 0.214115,
        "nauc_recall_at_10_std": 0.104256,
        "nauc_recall_at_10_diff1": 0.328856,
        "nauc_recall_at_20_max": 0.209618,
        "nauc_recall_at_20_std": 0.14469,
        "nauc_recall_at_20_diff1": 0.282581,
        "nauc_recall_at_100_max": 0.203539,
        "nauc_recall_at_100_std": 0.23236,
        "nauc_recall_at_100_diff1": 0.201629,
        "nauc_recall_at_1000_max": 0.178211,
        "nauc_recall_at_1000_std": 0.304916,
        "nauc_recall_at_1000_diff1": 0.099378,
        "nauc_precision_at_1_max": 0.287293,
        "nauc_precision_at_1_std": 0.005024,
        "nauc_precision_at_1_diff1": 0.611964,
        "nauc_precision_at_3_max": 0.247053,
        "nauc_precision_at_3_std": 0.054578,
        "nauc_precision_at_3_diff1": 0.42762,
        "nauc_precision_at_5_max": 0.231249,
        "nauc_precision_at_5_std": 0.06787,
        "nauc_precision_at_5_diff1": 0.376063,
        "nauc_precision_at_10_max": 0.214115,
        "nauc_precision_at_10_std": 0.104256,
        "nauc_precision_at_10_diff1": 0.328856,
        "nauc_precision_at_20_max": 0.209618,
        "nauc_precision_at_20_std": 0.14469,
        "nauc_precision_at_20_diff1": 0.282581,
        "nauc_precision_at_100_max": 0.203539,
        "nauc_precision_at_100_std": 0.23236,
        "nauc_precision_at_100_diff1": 0.201629,
        "nauc_precision_at_1000_max": 0.178211,
        "nauc_precision_at_1000_std": 0.304916,
        "nauc_precision_at_1000_diff1": 0.099378,
        "nauc_mrr_at_1_max": 0.287293,
        "nauc_mrr_at_1_std": 0.005024,
        "nauc_mrr_at_1_diff1": 0.611964,
        "nauc_mrr_at_3_max": 0.2833,
        "nauc_mrr_at_3_std": 0.020883,
        "nauc_mrr_at_3_diff1": 0.584925,
        "nauc_mrr_at_5_max": 0.282541,
        "nauc_mrr_at_5_std": 0.023175,
        "nauc_mrr_at_5_diff1": 0.582935,
        "nauc_mrr_at_10_max": 0.282149,
        "nauc_mrr_at_10_std": 0.026724,
        "nauc_mrr_at_10_diff1": 0.581297,
        "nauc_mrr_at_20_max": 0.282612,
        "nauc_mrr_at_20_std": 0.028755,
        "nauc_mrr_at_20_diff1": 0.58079,
        "nauc_mrr_at_100_max": 0.28296,
        "nauc_mrr_at_100_std": 0.02967,
        "nauc_mrr_at_100_diff1": 0.580897,
        "nauc_mrr_at_1000_max": 0.282939,
        "nauc_mrr_at_1000_std": 0.029544,
        "nauc_mrr_at_1000_diff1": 0.58098,
        "main_score": 0.40216,
        "hf_subset": "default",
        "languages": [
          "eng-Latn"
        ]
      }
    ]
  },
  "evaluation_time": 1365.6827480793,
  "kg_co2_emissions": null
}