{
  "dataset_revision": "ab518f4d6fcca38d87c25209f94beba119d02014",
  "evaluation_time": 1318.7896621227264,
  "kg_co2_emissions": null,
  "mteb_version": "1.14.15",
  "scores": {
    "test": [
      {
        "hf_subset": "default",
        "languages": [
          "eng-Latn"
        ],
        "main_score": 0.40216,
        "map_at_1": 0.2316,
        "map_at_10": 0.32046,
        "map_at_100": 0.33,
        "map_at_1000": 0.33102,
        "map_at_20": 0.32568,
        "map_at_3": 0.29655,
        "map_at_5": 0.31011,
        "mrr_at_1": 0.46320054017555706,
        "mrr_at_10": 0.5395531762108416,
        "mrr_at_100": 0.5457200329952687,
        "mrr_at_1000": 0.5461327661150647,
        "mrr_at_20": 0.5431181386260544,
        "mrr_at_3": 0.5209318028359241,
        "mrr_at_5": 0.5316205266711693,
        "nauc_map_at_1000_diff1": 0.44859067312276274,
        "nauc_map_at_1000_max": 0.25916972606593697,
        "nauc_map_at_1000_std": 0.06253445218067477,
        "nauc_map_at_100_diff1": 0.44863243406193704,
        "nauc_map_at_100_max": 0.2590909999944194,
        "nauc_map_at_100_std": 0.062147881117790196,
        "nauc_map_at_10_diff1": 0.4530759397690741,
        "nauc_map_at_10_max": 0.25690927362066235,
        "nauc_map_at_10_std": 0.052852590838442466,
        "nauc_map_at_1_diff1": 0.6119640996181416,
        "nauc_map_at_1_max": 0.2872930920023417,
        "nauc_map_at_1_std": 0.005023892901280935,
        "nauc_map_at_20_diff1": 0.4503381245393179,
        "nauc_map_at_20_max": 0.2580883711775135,
        "nauc_map_at_20_std": 0.058136021449542,
        "nauc_map_at_3_diff1": 0.47606878718192625,
        "nauc_map_at_3_max": 0.2625063014273412,
        "nauc_map_at_3_std": 0.038842714485913095,
        "nauc_map_at_5_diff1": 0.45969349613068816,
        "nauc_map_at_5_max": 0.2590509255737118,
        "nauc_map_at_5_std": 0.04445890407273528,
        "nauc_mrr_at_1000_diff1": 0.5809795156596312,
        "nauc_mrr_at_1000_max": 0.2829391430971964,
        "nauc_mrr_at_1000_std": 0.029543852693821603,
        "nauc_mrr_at_100_diff1": 0.5808973285225233,
        "nauc_mrr_at_100_max": 0.28296027316962385,
        "nauc_mrr_at_100_std": 0.029669718825797387,
        "nauc_mrr_at_10_diff1": 0.581296976627478,
        "nauc_mrr_at_10_max": 0.28214896438043247,
        "nauc_mrr_at_10_std": 0.026724211845588295,
        "nauc_mrr_at_1_diff1": 0.6119640996181416,
        "nauc_mrr_at_1_max": 0.2872930920023417,
        "nauc_mrr_at_1_std": 0.005023892901280935,
        "nauc_mrr_at_20_diff1": 0.5807901672129855,
        "nauc_mrr_at_20_max": 0.28261220041773194,
        "nauc_mrr_at_20_std": 0.028754516882066112,
        "nauc_mrr_at_3_diff1": 0.5849251126681858,
        "nauc_mrr_at_3_max": 0.2833004881649236,
        "nauc_mrr_at_3_std": 0.02088307118099806,
        "nauc_mrr_at_5_diff1": 0.5829349849945206,
        "nauc_mrr_at_5_max": 0.28254147613755787,
        "nauc_mrr_at_5_std": 0.02317453426169504,
        "nauc_ndcg_at_1000_diff1": 0.44748137484093586,
        "nauc_ndcg_at_1000_max": 0.26540352967644415,
        "nauc_ndcg_at_1000_std": 0.10102814146840283,
        "nauc_ndcg_at_100_diff1": 0.44873371808979934,
        "nauc_ndcg_at_100_max": 0.26474465177673084,
        "nauc_ndcg_at_100_std": 0.09579371689924795,
        "nauc_ndcg_at_10_diff1": 0.46581223548767,
        "nauc_ndcg_at_10_max": 0.25828889039362296,
        "nauc_ndcg_at_10_std": 0.060964295503096295,
        "nauc_ndcg_at_1_diff1": 0.6119640996181416,
        "nauc_ndcg_at_1_max": 0.2872930920023417,
        "nauc_ndcg_at_1_std": 0.005023892901280935,
        "nauc_ndcg_at_20_diff1": 0.45778660517840136,
        "nauc_ndcg_at_20_max": 0.2608816142658483,
        "nauc_ndcg_at_20_std": 0.07520411389641454,
        "nauc_ndcg_at_3_diff1": 0.4979589333047773,
        "nauc_ndcg_at_3_max": 0.265918118122357,
        "nauc_ndcg_at_3_std": 0.03810009744090748,
        "nauc_ndcg_at_5_diff1": 0.477687125131952,
        "nauc_ndcg_at_5_max": 0.2612400177682168,
        "nauc_ndcg_at_5_std": 0.045521693334443454,
        "nauc_precision_at_1000_diff1": 0.09937767084200962,
        "nauc_precision_at_1000_max": 0.17821085008921447,
        "nauc_precision_at_1000_std": 0.30491638472583793,
        "nauc_precision_at_100_diff1": 0.20162873612867943,
        "nauc_precision_at_100_max": 0.20353909763458464,
        "nauc_precision_at_100_std": 0.23235976792350035,
        "nauc_precision_at_10_diff1": 0.3288560093643963,
        "nauc_precision_at_10_max": 0.21411457505696205,
        "nauc_precision_at_10_std": 0.10425552179784568,
        "nauc_precision_at_1_diff1": 0.6119640996181416,
        "nauc_precision_at_1_max": 0.2872930920023417,
        "nauc_precision_at_1_std": 0.005023892901280935,
        "nauc_precision_at_20_diff1": 0.2825811506565499,
        "nauc_precision_at_20_max": 0.20961811561439705,
        "nauc_precision_at_20_std": 0.1446899018450582,
        "nauc_precision_at_3_diff1": 0.427620046846948,
        "nauc_precision_at_3_max": 0.2470528695522995,
        "nauc_precision_at_3_std": 0.05457836377466167,
        "nauc_precision_at_5_diff1": 0.37606274296103875,
        "nauc_precision_at_5_max": 0.23124944762838145,
        "nauc_precision_at_5_std": 0.06786960218266853,
        "nauc_recall_at_1000_diff1": 0.09937767084201071,
        "nauc_recall_at_1000_max": 0.17821085008921614,
        "nauc_recall_at_1000_std": 0.30491638472583965,
        "nauc_recall_at_100_diff1": 0.20162873612867918,
        "nauc_recall_at_100_max": 0.20353909763458358,
        "nauc_recall_at_100_std": 0.2323597679234997,
        "nauc_recall_at_10_diff1": 0.3288560093643965,
        "nauc_recall_at_10_max": 0.2141145750569624,
        "nauc_recall_at_10_std": 0.10425552179784642,
        "nauc_recall_at_1_diff1": 0.6119640996181416,
        "nauc_recall_at_1_max": 0.2872930920023417,
        "nauc_recall_at_1_std": 0.005023892901280935,
        "nauc_recall_at_20_diff1": 0.2825811506565502,
        "nauc_recall_at_20_max": 0.20961811561439755,
        "nauc_recall_at_20_std": 0.14468990184505875,
        "nauc_recall_at_3_diff1": 0.4276200468469484,
        "nauc_recall_at_3_max": 0.24705286955229921,
        "nauc_recall_at_3_std": 0.054578363774661486,
        "nauc_recall_at_5_diff1": 0.3760627429610391,
        "nauc_recall_at_5_max": 0.23124944762838098,
        "nauc_recall_at_5_std": 0.06786960218266914,
        "ndcg_at_1": 0.4632,
        "ndcg_at_10": 0.40216,
        "ndcg_at_100": 0.4433,
        "ndcg_at_1000": 0.46656,
        "ndcg_at_20": 0.41787,
        "ndcg_at_3": 0.35998,
        "ndcg_at_5": 0.38089,
        "precision_at_1": 0.4632,
        "precision_at_10": 0.08641,
        "precision_at_100": 0.01191,
        "precision_at_1000": 0.0015,
        "precision_at_20": 0.04828,
        "precision_at_3": 0.22467,
        "precision_at_5": 0.15138,
        "recall_at_1": 0.2316,
        "recall_at_10": 0.43207,
        "recall_at_100": 0.59554,
        "recall_at_1000": 0.75037,
        "recall_at_20": 0.48285,
        "recall_at_3": 0.337,
        "recall_at_5": 0.37846
      }
    ]
  },
  "task_name": "HotpotQA"
}