{
  "dataset_revision": "c5a29a104738b98a9e76336939199e264163d4a0",
  "task_name": "MSMARCO",
  "mteb_version": "1.34.4",
  "scores": {
    "dev": [
      {
        "ndcg_at_1": 0.07865,
        "ndcg_at_3": 0.1259,
        "ndcg_at_5": 0.14474,
        "ndcg_at_10": 0.16737,
        "ndcg_at_20": 0.18727,
        "ndcg_at_100": 0.22191,
        "ndcg_at_1000": 0.25362,
        "map_at_1": 0.07653,
        "map_at_3": 0.11286,
        "map_at_5": 0.12332,
        "map_at_10": 0.13268,
        "map_at_20": 0.13816,
        "map_at_100": 0.14274,
        "map_at_1000": 0.14381,
        "recall_at_1": 0.07653,
        "recall_at_3": 0.16084,
        "recall_at_5": 0.20616,
        "recall_at_10": 0.27529,
        "recall_at_20": 0.3531,
        "recall_at_100": 0.54089,
        "recall_at_1000": 0.79439,
        "precision_at_1": 0.07865,
        "precision_at_3": 0.05516,
        "precision_at_5": 0.04261,
        "precision_at_10": 0.0286,
        "precision_at_20": 0.01843,
        "precision_at_100": 0.00567,
        "precision_at_1000": 0.00084,
        "mrr_at_1": 0.078653,
        "mrr_at_3": 0.115926,
        "mrr_at_5": 0.126464,
        "mrr_at_10": 0.135969,
        "mrr_at_20": 0.141425,
        "mrr_at_100": 0.145993,
        "mrr_at_1000": 0.147017,
        "nauc_ndcg_at_1_max": 0.022937,
        "nauc_ndcg_at_1_std": -0.127373,
        "nauc_ndcg_at_1_diff1": 0.25515,
        "nauc_ndcg_at_3_max": 0.032052,
        "nauc_ndcg_at_3_std": -0.106279,
        "nauc_ndcg_at_3_diff1": 0.239768,
        "nauc_ndcg_at_5_max": 0.025849,
        "nauc_ndcg_at_5_std": -0.09935,
        "nauc_ndcg_at_5_diff1": 0.231475,
        "nauc_ndcg_at_10_max": 0.02859,
        "nauc_ndcg_at_10_std": -0.089146,
        "nauc_ndcg_at_10_diff1": 0.225551,
        "nauc_ndcg_at_20_max": 0.03161,
        "nauc_ndcg_at_20_std": -0.075328,
        "nauc_ndcg_at_20_diff1": 0.21847,
        "nauc_ndcg_at_100_max": 0.035107,
        "nauc_ndcg_at_100_std": -0.045823,
        "nauc_ndcg_at_100_diff1": 0.212595,
        "nauc_ndcg_at_1000_max": 0.047653,
        "nauc_ndcg_at_1000_std": -0.030607,
        "nauc_ndcg_at_1000_diff1": 0.208481,
        "nauc_map_at_1_max": 0.023563,
        "nauc_map_at_1_std": -0.12742,
        "nauc_map_at_1_diff1": 0.260185,
        "nauc_map_at_3_max": 0.030416,
        "nauc_map_at_3_std": -0.110179,
        "nauc_map_at_3_diff1": 0.243059,
        "nauc_map_at_5_max": 0.026491,
        "nauc_map_at_5_std": -0.105475,
        "nauc_map_at_5_diff1": 0.237138,
        "nauc_map_at_10_max": 0.028122,
        "nauc_map_at_10_std": -0.10071,
        "nauc_map_at_10_diff1": 0.234095,
        "nauc_map_at_20_max": 0.029126,
        "nauc_map_at_20_std": -0.096273,
        "nauc_map_at_20_diff1": 0.231294,
        "nauc_map_at_100_max": 0.029349,
        "nauc_map_at_100_std": -0.091591,
        "nauc_map_at_100_diff1": 0.230163,
        "nauc_map_at_1000_max": 0.029868,
        "nauc_map_at_1000_std": -0.090815,
        "nauc_map_at_1000_diff1": 0.230053,
        "nauc_recall_at_1_max": 0.023563,
        "nauc_recall_at_1_std": -0.12742,
        "nauc_recall_at_1_diff1": 0.260185,
        "nauc_recall_at_3_max": 0.034102,
        "nauc_recall_at_3_std": -0.099549,
        "nauc_recall_at_3_diff1": 0.235273,
        "nauc_recall_at_5_max": 0.022515,
        "nauc_recall_at_5_std": -0.087343,
        "nauc_recall_at_5_diff1": 0.220629,
        "nauc_recall_at_10_max": 0.028408,
        "nauc_recall_at_10_std": -0.066517,
        "nauc_recall_at_10_diff1": 0.209876,
        "nauc_recall_at_20_max": 0.035507,
        "nauc_recall_at_20_std": -0.031639,
        "nauc_recall_at_20_diff1": 0.192436,
        "nauc_recall_at_100_max": 0.048365,
        "nauc_recall_at_100_std": 0.07949,
        "nauc_recall_at_100_diff1": 0.170228,
        "nauc_recall_at_1000_max": 0.163914,
        "nauc_recall_at_1000_std": 0.291373,
        "nauc_recall_at_1000_diff1": 0.105859,
        "nauc_precision_at_1_max": 0.022937,
        "nauc_precision_at_1_std": -0.127373,
        "nauc_precision_at_1_diff1": 0.25515,
        "nauc_precision_at_3_max": 0.037147,
        "nauc_precision_at_3_std": -0.096227,
        "nauc_precision_at_3_diff1": 0.232249,
        "nauc_precision_at_5_max": 0.026551,
        "nauc_precision_at_5_std": -0.085784,
        "nauc_precision_at_5_diff1": 0.219645,
        "nauc_precision_at_10_max": 0.031367,
        "nauc_precision_at_10_std": -0.063216,
        "nauc_precision_at_10_diff1": 0.206393,
        "nauc_precision_at_20_max": 0.039773,
        "nauc_precision_at_20_std": -0.028522,
        "nauc_precision_at_20_diff1": 0.188265,
        "nauc_precision_at_100_max": 0.063314,
        "nauc_precision_at_100_std": 0.091042,
        "nauc_precision_at_100_diff1": 0.16054,
        "nauc_precision_at_1000_max": 0.180677,
        "nauc_precision_at_1000_std": 0.271139,
        "nauc_precision_at_1000_diff1": 0.067315,
        "nauc_mrr_at_1_max": 0.023855,
        "nauc_mrr_at_1_std": -0.126346,
        "nauc_mrr_at_1_diff1": 0.25515,
        "nauc_mrr_at_3_max": 0.032159,
        "nauc_mrr_at_3_std": -0.107612,
        "nauc_mrr_at_3_diff1": 0.238596,
        "nauc_mrr_at_5_max": 0.028253,
        "nauc_mrr_at_5_std": -0.103533,
        "nauc_mrr_at_5_diff1": 0.233266,
        "nauc_mrr_at_10_max": 0.029391,
        "nauc_mrr_at_10_std": -0.098754,
        "nauc_mrr_at_10_diff1": 0.2304,
        "nauc_mrr_at_20_max": 0.030647,
        "nauc_mrr_at_20_std": -0.093785,
        "nauc_mrr_at_20_diff1": 0.22831,
        "nauc_mrr_at_100_max": 0.03113,
        "nauc_mrr_at_100_std": -0.089358,
        "nauc_mrr_at_100_diff1": 0.227151,
        "nauc_mrr_at_1000_max": 0.031529,
        "nauc_mrr_at_1000_std": -0.088769,
        "nauc_mrr_at_1000_diff1": 0.227049,
        "main_score": 0.16737,
        "hf_subset": "default",
        "languages": [
          "eng-Latn"
        ]
      }
    ]
  },
  "evaluation_time": 1059.9862880706787,
  "kg_co2_emissions": null
}