{
  "dataset_revision": "c5a29a104738b98a9e76336939199e264163d4a0",
  "evaluation_time": 1723.9454579353333,
  "kg_co2_emissions": null,
  "mteb_version": "1.14.15",
  "scores": {
    "test": [
      {
        "hf_subset": "default",
        "languages": [
          "eng-Latn"
        ],
        "main_score": 0.37678,
        "map_at_1": 0.013,
        "map_at_10": 0.06458,
        "map_at_100": 0.18192,
        "map_at_1000": 0.22869,
        "map_at_20": 0.09509,
        "map_at_3": 0.02745,
        "map_at_5": 0.03999,
        "mrr_at_1": 0.6744186046511628,
        "mrr_at_10": 0.7670542635658915,
        "mrr_at_100": 0.7675490681180933,
        "mrr_at_1000": 0.7675897251354946,
        "mrr_at_20": 0.7670542635658915,
        "mrr_at_3": 0.7403100775193799,
        "mrr_at_5": 0.7670542635658915,
        "nauc_map_at_1000_diff1": -0.0988754558806949,
        "nauc_map_at_1000_max": 0.6403933042840461,
        "nauc_map_at_1000_std": 0.6523188262074746,
        "nauc_map_at_100_diff1": -0.10206004224159292,
        "nauc_map_at_100_max": 0.5669013155432794,
        "nauc_map_at_100_std": 0.5928810375228661,
        "nauc_map_at_10_diff1": -0.1704940102245024,
        "nauc_map_at_10_max": 0.27273929641443556,
        "nauc_map_at_10_std": 0.2782349143703665,
        "nauc_map_at_1_diff1": -0.26202958880643146,
        "nauc_map_at_1_max": -0.07124386540229982,
        "nauc_map_at_1_std": 0.006951328400074942,
        "nauc_map_at_20_diff1": -0.14164361766078779,
        "nauc_map_at_20_max": 0.35702893018714843,
        "nauc_map_at_20_std": 0.39304805904744267,
        "nauc_map_at_3_diff1": -0.2574466615332818,
        "nauc_map_at_3_max": 0.09001802346350422,
        "nauc_map_at_3_std": 0.14553440561965308,
        "nauc_map_at_5_diff1": -0.22504849474098432,
        "nauc_map_at_5_max": 0.18572856431860468,
        "nauc_map_at_5_std": 0.22228488573704613,
        "nauc_mrr_at_1000_diff1": -0.47733315106072843,
        "nauc_mrr_at_1000_max": 0.44821461988966926,
        "nauc_mrr_at_1000_std": 0.4784242487878596,
        "nauc_mrr_at_100_diff1": -0.47727366114165626,
        "nauc_mrr_at_100_max": 0.4483250848852219,
        "nauc_mrr_at_100_std": 0.47852866594915966,
        "nauc_mrr_at_10_diff1": -0.47886353033369655,
        "nauc_mrr_at_10_max": 0.44966593137584393,
        "nauc_mrr_at_10_std": 0.47823645019470296,
        "nauc_mrr_at_1_diff1": -0.39179832386387675,
        "nauc_mrr_at_1_max": 0.396591497254911,
        "nauc_mrr_at_1_std": 0.3790542432955914,
        "nauc_mrr_at_20_diff1": -0.47886353033369655,
        "nauc_mrr_at_20_max": 0.44966593137584393,
        "nauc_mrr_at_20_std": 0.47823645019470296,
        "nauc_mrr_at_3_diff1": -0.462121294259396,
        "nauc_mrr_at_3_max": 0.4410697671384829,
        "nauc_mrr_at_3_std": 0.4938344045193219,
        "nauc_mrr_at_5_diff1": -0.47886353033369655,
        "nauc_mrr_at_5_max": 0.44966593137584393,
        "nauc_mrr_at_5_std": 0.47823645019470296,
        "nauc_ndcg_at_1000_diff1": -0.28786349342559653,
        "nauc_ndcg_at_1000_max": 0.5997264099708227,
        "nauc_ndcg_at_1000_std": 0.6820776309895734,
        "nauc_ndcg_at_100_diff1": -0.15688954074018316,
        "nauc_ndcg_at_100_max": 0.6023683014554728,
        "nauc_ndcg_at_100_std": 0.6311339418621779,
        "nauc_ndcg_at_10_diff1": -0.24902317949087438,
        "nauc_ndcg_at_10_max": 0.5337569207116616,
        "nauc_ndcg_at_10_std": 0.5248592330227771,
        "nauc_ndcg_at_1_diff1": -0.21653521280252824,
        "nauc_ndcg_at_1_max": 0.14274727299758838,
        "nauc_ndcg_at_1_std": 0.20292187616514618,
        "nauc_ndcg_at_20_diff1": -0.22118549404986004,
        "nauc_ndcg_at_20_max": 0.5942642999251343,
        "nauc_ndcg_at_20_std": 0.6003691259232066,
        "nauc_ndcg_at_3_diff1": -0.280998335530241,
        "nauc_ndcg_at_3_max": 0.3719495998818337,
        "nauc_ndcg_at_3_std": 0.45602451446392833,
        "nauc_ndcg_at_5_diff1": -0.293466175706748,
        "nauc_ndcg_at_5_max": 0.47619470848266227,
        "nauc_ndcg_at_5_std": 0.5334470634591212,
        "nauc_precision_at_1000_diff1": -0.06998782483418799,
        "nauc_precision_at_1000_max": 0.5311312314325285,
        "nauc_precision_at_1000_std": 0.48259556354340344,
        "nauc_precision_at_100_diff1": -0.04605735408234785,
        "nauc_precision_at_100_max": 0.6551127106580618,
        "nauc_precision_at_100_std": 0.6073394086559162,
        "nauc_precision_at_10_diff1": -0.2030338592030741,
        "nauc_precision_at_10_max": 0.684564447240256,
        "nauc_precision_at_10_std": 0.5860683771481885,
        "nauc_precision_at_1_diff1": -0.39179832386387675,
        "nauc_precision_at_1_max": 0.396591497254911,
        "nauc_precision_at_1_std": 0.3790542432955914,
        "nauc_precision_at_20_diff1": -0.1726105647691607,
        "nauc_precision_at_20_max": 0.6601915424661092,
        "nauc_precision_at_20_std": 0.6093952502719073,
        "nauc_precision_at_3_diff1": -0.3121293042037448,
        "nauc_precision_at_3_max": 0.6224093293515494,
        "nauc_precision_at_3_std": 0.6055027014842964,
        "nauc_precision_at_5_diff1": -0.2957322674528564,
        "nauc_precision_at_5_max": 0.6767852068990299,
        "nauc_precision_at_5_std": 0.6204281793717719,
        "nauc_recall_at_1000_diff1": -0.32248423680290855,
        "nauc_recall_at_1000_max": 0.5018123492869779,
        "nauc_recall_at_1000_std": 0.6066089355852352,
        "nauc_recall_at_100_diff1": -0.14301809847601832,
        "nauc_recall_at_100_max": 0.4451575485936085,
        "nauc_recall_at_100_std": 0.49812799375256284,
        "nauc_recall_at_10_diff1": -0.1693047529431789,
        "nauc_recall_at_10_max": 0.20210519584735925,
        "nauc_recall_at_10_std": 0.2135214057359764,
        "nauc_recall_at_1_diff1": -0.26202958880643146,
        "nauc_recall_at_1_max": -0.07124386540229982,
        "nauc_recall_at_1_std": 0.006951328400074942,
        "nauc_recall_at_20_diff1": -0.1754223589626273,
        "nauc_recall_at_20_max": 0.2707050603517775,
        "nauc_recall_at_20_std": 0.3205685363558265,
        "nauc_recall_at_3_diff1": -0.23618200725056937,
        "nauc_recall_at_3_max": 0.04640818564571053,
        "nauc_recall_at_3_std": 0.08168671193501166,
        "nauc_recall_at_5_diff1": -0.21796040536265915,
        "nauc_recall_at_5_max": 0.12040922147593534,
        "nauc_recall_at_5_std": 0.15749947387697358,
        "ndcg_at_1": 0.44186,
        "ndcg_at_10": 0.37678,
        "ndcg_at_100": 0.37508,
        "ndcg_at_1000": 0.46956,
        "ndcg_at_20": 0.35889,
        "ndcg_at_3": 0.39298,
        "ndcg_at_5": 0.39582,
        "precision_at_1": 0.67442,
        "precision_at_10": 0.47674,
        "precision_at_100": 0.25,
        "precision_at_1000": 0.05202,
        "precision_at_20": 0.41047,
        "precision_at_3": 0.55814,
        "precision_at_5": 0.53953,
        "recall_at_1": 0.013,
        "recall_at_10": 0.08069,
        "recall_at_100": 0.32096,
        "recall_at_1000": 0.59515,
        "recall_at_20": 0.12834,
        "recall_at_3": 0.03056,
        "recall_at_5": 0.04806
      }
    ]
  },
  "task_name": "MSMARCO"
}