{
  "dataset_revision": "ec0fa4fe99da2ff19ca1214b7966684033a58814",
  "task_name": "NFCorpus",
  "mteb_version": "1.34.4",
  "scores": {
    "test": [
      {
        "ndcg_at_1": 0.36068,
        "ndcg_at_3": 0.31658,
        "ndcg_at_5": 0.2941,
        "ndcg_at_10": 0.2716,
        "ndcg_at_20": 0.25572,
        "ndcg_at_100": 0.25111,
        "ndcg_at_1000": 0.33936,
        "map_at_1": 0.04561,
        "map_at_3": 0.07053,
        "map_at_5": 0.08038,
        "map_at_10": 0.0927,
        "map_at_20": 0.10327,
        "map_at_100": 0.11644,
        "map_at_1000": 0.12843,
        "recall_at_1": 0.04561,
        "recall_at_3": 0.08121,
        "recall_at_5": 0.10015,
        "recall_at_10": 0.13171,
        "recall_at_20": 0.16256,
        "recall_at_100": 0.26686,
        "recall_at_1000": 0.58371,
        "precision_at_1": 0.3808,
        "precision_at_3": 0.29412,
        "precision_at_5": 0.24892,
        "precision_at_10": 0.19721,
        "precision_at_20": 0.15263,
        "precision_at_100": 0.06495,
        "precision_at_1000": 0.01901,
        "mrr_at_1": 0.380805,
        "mrr_at_3": 0.449432,
        "mrr_at_5": 0.460888,
        "mrr_at_10": 0.470684,
        "mrr_at_20": 0.473901,
        "mrr_at_100": 0.477454,
        "mrr_at_1000": 0.47794,
        "nauc_ndcg_at_1_max": 0.337273,
        "nauc_ndcg_at_1_std": 0.177869,
        "nauc_ndcg_at_1_diff1": 0.40932,
        "nauc_ndcg_at_3_max": 0.361318,
        "nauc_ndcg_at_3_std": 0.199827,
        "nauc_ndcg_at_3_diff1": 0.336587,
        "nauc_ndcg_at_5_max": 0.362809,
        "nauc_ndcg_at_5_std": 0.20688,
        "nauc_ndcg_at_5_diff1": 0.328434,
        "nauc_ndcg_at_10_max": 0.366039,
        "nauc_ndcg_at_10_std": 0.229103,
        "nauc_ndcg_at_10_diff1": 0.309752,
        "nauc_ndcg_at_20_max": 0.353905,
        "nauc_ndcg_at_20_std": 0.230786,
        "nauc_ndcg_at_20_diff1": 0.307308,
        "nauc_ndcg_at_100_max": 0.338989,
        "nauc_ndcg_at_100_std": 0.186155,
        "nauc_ndcg_at_100_diff1": 0.332428,
        "nauc_ndcg_at_1000_max": 0.39389,
        "nauc_ndcg_at_1000_std": 0.242968,
        "nauc_ndcg_at_1000_diff1": 0.324167,
        "nauc_map_at_1_max": 0.070729,
        "nauc_map_at_1_std": -0.088291,
        "nauc_map_at_1_diff1": 0.506136,
        "nauc_map_at_3_max": 0.152219,
        "nauc_map_at_3_std": -0.064384,
        "nauc_map_at_3_diff1": 0.488095,
        "nauc_map_at_5_max": 0.175424,
        "nauc_map_at_5_std": -0.046417,
        "nauc_map_at_5_diff1": 0.483149,
        "nauc_map_at_10_max": 0.212978,
        "nauc_map_at_10_std": -0.011914,
        "nauc_map_at_10_diff1": 0.469363,
        "nauc_map_at_20_max": 0.240782,
        "nauc_map_at_20_std": 0.021991,
        "nauc_map_at_20_diff1": 0.449182,
        "nauc_map_at_100_max": 0.262115,
        "nauc_map_at_100_std": 0.060627,
        "nauc_map_at_100_diff1": 0.421167,
        "nauc_map_at_1000_max": 0.280303,
        "nauc_map_at_1000_std": 0.101274,
        "nauc_map_at_1000_diff1": 0.404041,
        "nauc_recall_at_1_max": 0.070729,
        "nauc_recall_at_1_std": -0.088291,
        "nauc_recall_at_1_diff1": 0.506136,
        "nauc_recall_at_3_max": 0.152725,
        "nauc_recall_at_3_std": -0.0576,
        "nauc_recall_at_3_diff1": 0.433445,
        "nauc_recall_at_5_max": 0.182033,
        "nauc_recall_at_5_std": -0.028339,
        "nauc_recall_at_5_diff1": 0.403141,
        "nauc_recall_at_10_max": 0.196971,
        "nauc_recall_at_10_std": 0.000644,
        "nauc_recall_at_10_diff1": 0.344074,
        "nauc_recall_at_20_max": 0.214618,
        "nauc_recall_at_20_std": 0.025214,
        "nauc_recall_at_20_diff1": 0.303634,
        "nauc_recall_at_100_max": 0.167814,
        "nauc_recall_at_100_std": 0.044075,
        "nauc_recall_at_100_diff1": 0.196263,
        "nauc_recall_at_1000_max": 0.167141,
        "nauc_recall_at_1000_std": 0.132232,
        "nauc_recall_at_1000_diff1": 0.104438,
        "nauc_precision_at_1_max": 0.342967,
        "nauc_precision_at_1_std": 0.183251,
        "nauc_precision_at_1_diff1": 0.416166,
        "nauc_precision_at_3_max": 0.380225,
        "nauc_precision_at_3_std": 0.237538,
        "nauc_precision_at_3_diff1": 0.26518,
        "nauc_precision_at_5_max": 0.386537,
        "nauc_precision_at_5_std": 0.265332,
        "nauc_precision_at_5_diff1": 0.22754,
        "nauc_precision_at_10_max": 0.401675,
        "nauc_precision_at_10_std": 0.348085,
        "nauc_precision_at_10_diff1": 0.139439,
        "nauc_precision_at_20_max": 0.364028,
        "nauc_precision_at_20_std": 0.379766,
        "nauc_precision_at_20_diff1": 0.069874,
        "nauc_precision_at_100_max": 0.28117,
        "nauc_precision_at_100_std": 0.413129,
        "nauc_precision_at_100_diff1": -0.042463,
        "nauc_precision_at_1000_max": 0.218916,
        "nauc_precision_at_1000_std": 0.41621,
        "nauc_precision_at_1000_diff1": -0.067082,
        "nauc_mrr_at_1_max": 0.342967,
        "nauc_mrr_at_1_std": 0.183251,
        "nauc_mrr_at_1_diff1": 0.416166,
        "nauc_mrr_at_3_max": 0.38667,
        "nauc_mrr_at_3_std": 0.208197,
        "nauc_mrr_at_3_diff1": 0.415586,
        "nauc_mrr_at_5_max": 0.395368,
        "nauc_mrr_at_5_std": 0.224171,
        "nauc_mrr_at_5_diff1": 0.40613,
        "nauc_mrr_at_10_max": 0.401354,
        "nauc_mrr_at_10_std": 0.232029,
        "nauc_mrr_at_10_diff1": 0.396992,
        "nauc_mrr_at_20_max": 0.399128,
        "nauc_mrr_at_20_std": 0.232208,
        "nauc_mrr_at_20_diff1": 0.395654,
        "nauc_mrr_at_100_max": 0.39815,
        "nauc_mrr_at_100_std": 0.231576,
        "nauc_mrr_at_100_diff1": 0.39608,
        "nauc_mrr_at_1000_max": 0.398114,
        "nauc_mrr_at_1000_std": 0.231302,
        "nauc_mrr_at_1000_diff1": 0.396307,
        "main_score": 0.2716,
        "hf_subset": "default",
        "languages": [
          "eng-Latn"
        ]
      }
    ]
  },
  "evaluation_time": 1.9266481399536133,
  "kg_co2_emissions": null
}