{
  "dataset_revision": "b774495ed302d8c44a3a7ea25c90dbce03968f31",
  "task_name": "NQ",
  "mteb_version": "1.34.4",
  "scores": {
    "test": [
      {
        "ndcg_at_1": 0.10139,
        "ndcg_at_3": 0.1564,
        "ndcg_at_5": 0.18257,
        "ndcg_at_10": 0.21158,
        "ndcg_at_20": 0.23569,
        "ndcg_at_100": 0.27668,
        "ndcg_at_1000": 0.30285,
        "map_at_1": 0.08819,
        "map_at_3": 0.13623,
        "map_at_5": 0.15053,
        "map_at_10": 0.16304,
        "map_at_20": 0.16996,
        "map_at_100": 0.17589,
        "map_at_1000": 0.17686,
        "recall_at_1": 0.08819,
        "recall_at_3": 0.19783,
        "recall_at_5": 0.25966,
        "recall_at_10": 0.34536,
        "recall_at_20": 0.43559,
        "recall_at_100": 0.64781,
        "recall_at_1000": 0.84859,
        "precision_at_1": 0.10139,
        "precision_at_3": 0.07648,
        "precision_at_5": 0.0606,
        "precision_at_10": 0.04067,
        "precision_at_20": 0.02598,
        "precision_at_100": 0.00777,
        "precision_at_1000": 0.00103,
        "mrr_at_1": 0.10139,
        "mrr_at_3": 0.153438,
        "mrr_at_5": 0.168806,
        "mrr_at_10": 0.180456,
        "mrr_at_20": 0.186996,
        "mrr_at_100": 0.192243,
        "mrr_at_1000": 0.193048,
        "nauc_ndcg_at_1_max": 0.084846,
        "nauc_ndcg_at_1_std": -0.016998,
        "nauc_ndcg_at_1_diff1": 0.205271,
        "nauc_ndcg_at_3_max": 0.104229,
        "nauc_ndcg_at_3_std": -0.018388,
        "nauc_ndcg_at_3_diff1": 0.157272,
        "nauc_ndcg_at_5_max": 0.117708,
        "nauc_ndcg_at_5_std": -0.005685,
        "nauc_ndcg_at_5_diff1": 0.153177,
        "nauc_ndcg_at_10_max": 0.137029,
        "nauc_ndcg_at_10_std": 0.007711,
        "nauc_ndcg_at_10_diff1": 0.14653,
        "nauc_ndcg_at_20_max": 0.141145,
        "nauc_ndcg_at_20_std": 0.024612,
        "nauc_ndcg_at_20_diff1": 0.142349,
        "nauc_ndcg_at_100_max": 0.161264,
        "nauc_ndcg_at_100_std": 0.055038,
        "nauc_ndcg_at_100_diff1": 0.144348,
        "nauc_ndcg_at_1000_max": 0.164042,
        "nauc_ndcg_at_1000_std": 0.061608,
        "nauc_ndcg_at_1000_diff1": 0.145253,
        "nauc_map_at_1_max": 0.087518,
        "nauc_map_at_1_std": -0.041417,
        "nauc_map_at_1_diff1": 0.216948,
        "nauc_map_at_3_max": 0.101839,
        "nauc_map_at_3_std": -0.027028,
        "nauc_map_at_3_diff1": 0.170041,
        "nauc_map_at_5_max": 0.110538,
        "nauc_map_at_5_std": -0.018553,
        "nauc_map_at_5_diff1": 0.167531,
        "nauc_map_at_10_max": 0.120523,
        "nauc_map_at_10_std": -0.010846,
        "nauc_map_at_10_diff1": 0.163611,
        "nauc_map_at_20_max": 0.121693,
        "nauc_map_at_20_std": -0.005231,
        "nauc_map_at_20_diff1": 0.161638,
        "nauc_map_at_100_max": 0.125124,
        "nauc_map_at_100_std": -0.000141,
        "nauc_map_at_100_diff1": 0.162242,
        "nauc_map_at_1000_max": 0.125128,
        "nauc_map_at_1000_std": 0.000179,
        "nauc_map_at_1000_diff1": 0.162299,
        "nauc_recall_at_1_max": 0.087518,
        "nauc_recall_at_1_std": -0.041417,
        "nauc_recall_at_1_diff1": 0.216948,
        "nauc_recall_at_3_max": 0.110084,
        "nauc_recall_at_3_std": -0.012809,
        "nauc_recall_at_3_diff1": 0.133884,
        "nauc_recall_at_5_max": 0.132561,
        "nauc_recall_at_5_std": 0.009916,
        "nauc_recall_at_5_diff1": 0.128597,
        "nauc_recall_at_10_max": 0.169966,
        "nauc_recall_at_10_std": 0.034044,
        "nauc_recall_at_10_diff1": 0.114895,
        "nauc_recall_at_20_max": 0.179921,
        "nauc_recall_at_20_std": 0.078541,
        "nauc_recall_at_20_diff1": 0.105278,
        "nauc_recall_at_100_max": 0.275356,
        "nauc_recall_at_100_std": 0.220574,
        "nauc_recall_at_100_diff1": 0.107207,
        "nauc_recall_at_1000_max": 0.429397,
        "nauc_recall_at_1000_std": 0.446264,
        "nauc_recall_at_1000_diff1": 0.097559,
        "nauc_precision_at_1_max": 0.084846,
        "nauc_precision_at_1_std": -0.016998,
        "nauc_precision_at_1_diff1": 0.205271,
        "nauc_precision_at_3_max": 0.109851,
        "nauc_precision_at_3_std": 0.006691,
        "nauc_precision_at_3_diff1": 0.126339,
        "nauc_precision_at_5_max": 0.134896,
        "nauc_precision_at_5_std": 0.028418,
        "nauc_precision_at_5_diff1": 0.119515,
        "nauc_precision_at_10_max": 0.170808,
        "nauc_precision_at_10_std": 0.061957,
        "nauc_precision_at_10_diff1": 0.104905,
        "nauc_precision_at_20_max": 0.176277,
        "nauc_precision_at_20_std": 0.110056,
        "nauc_precision_at_20_diff1": 0.088387,
        "nauc_precision_at_100_max": 0.223774,
        "nauc_precision_at_100_std": 0.222202,
        "nauc_precision_at_100_diff1": 0.059146,
        "nauc_precision_at_1000_max": 0.214566,
        "nauc_precision_at_1000_std": 0.281895,
        "nauc_precision_at_1000_diff1": -0.000119,
        "nauc_mrr_at_1_max": 0.084846,
        "nauc_mrr_at_1_std": -0.016998,
        "nauc_mrr_at_1_diff1": 0.205271,
        "nauc_mrr_at_3_max": 0.097652,
        "nauc_mrr_at_3_std": -0.007619,
        "nauc_mrr_at_3_diff1": 0.158618,
        "nauc_mrr_at_5_max": 0.104827,
        "nauc_mrr_at_5_std": -0.001643,
        "nauc_mrr_at_5_diff1": 0.155291,
        "nauc_mrr_at_10_max": 0.113921,
        "nauc_mrr_at_10_std": 0.003614,
        "nauc_mrr_at_10_diff1": 0.153044,
        "nauc_mrr_at_20_max": 0.115364,
        "nauc_mrr_at_20_std": 0.008207,
        "nauc_mrr_at_20_diff1": 0.152105,
        "nauc_mrr_at_100_max": 0.117563,
        "nauc_mrr_at_100_std": 0.011526,
        "nauc_mrr_at_100_diff1": 0.152525,
        "nauc_mrr_at_1000_max": 0.117533,
        "nauc_mrr_at_1000_std": 0.011612,
        "nauc_mrr_at_1000_diff1": 0.152645,
        "main_score": 0.21158,
        "hf_subset": "default",
        "languages": [
          "eng-Latn"
        ]
      }
    ]
  },
  "evaluation_time": 577.4195160865784,
  "kg_co2_emissions": null
}