{
  "dataset_revision": "b774495ed302d8c44a3a7ea25c90dbce03968f31",
  "evaluation_time": 587.133630990982,
  "kg_co2_emissions": null,
  "mteb_version": "1.14.15",
  "scores": {
    "test": [
      {
        "hf_subset": "default",
        "languages": [
          "eng-Latn"
        ],
        "main_score": 0.21158,
        "map_at_1": 0.08819,
        "map_at_10": 0.16304,
        "map_at_100": 0.17589,
        "map_at_1000": 0.17686,
        "map_at_20": 0.16996,
        "map_at_3": 0.13623,
        "map_at_5": 0.15053,
        "mrr_at_1": 0.10168018539976825,
        "mrr_at_10": 0.18060050304401404,
        "mrr_at_100": 0.19238744437400304,
        "mrr_at_1000": 0.19319259507478356,
        "mrr_at_20": 0.18714121979500284,
        "mrr_at_3": 0.15358246427191932,
        "mrr_at_5": 0.16895036693704107,
        "nauc_map_at_1000_diff1": 0.16229939570708335,
        "nauc_map_at_1000_max": 0.1251276425335657,
        "nauc_map_at_1000_std": 0.00017921811151751793,
        "nauc_map_at_100_diff1": 0.16224170935226456,
        "nauc_map_at_100_max": 0.12512374428428033,
        "nauc_map_at_100_std": -0.00014129877859965362,
        "nauc_map_at_10_diff1": 0.16361123231572874,
        "nauc_map_at_10_max": 0.12052286808517218,
        "nauc_map_at_10_std": -0.010845583297624023,
        "nauc_map_at_1_diff1": 0.2169479889364372,
        "nauc_map_at_1_max": 0.08751825885396515,
        "nauc_map_at_1_std": -0.04141691109841626,
        "nauc_map_at_20_diff1": 0.16163837857786525,
        "nauc_map_at_20_max": 0.12169273900826845,
        "nauc_map_at_20_std": -0.005230657088878215,
        "nauc_map_at_3_diff1": 0.17004148721306647,
        "nauc_map_at_3_max": 0.10183926939188352,
        "nauc_map_at_3_std": -0.02702790451893015,
        "nauc_map_at_5_diff1": 0.16753072970093538,
        "nauc_map_at_5_max": 0.11053795082504381,
        "nauc_map_at_5_std": -0.018553370232908793,
        "nauc_mrr_at_1000_diff1": 0.1519344157824319,
        "nauc_mrr_at_1000_max": 0.11723486184894916,
        "nauc_mrr_at_1000_std": 0.011268841139934581,
        "nauc_mrr_at_100_diff1": 0.15181630298990895,
        "nauc_mrr_at_100_max": 0.11726527351488125,
        "nauc_mrr_at_100_std": 0.011184409088822182,
        "nauc_mrr_at_10_diff1": 0.15234123726061952,
        "nauc_mrr_at_10_max": 0.11362873518294107,
        "nauc_mrr_at_10_std": 0.003280013067153407,
        "nauc_mrr_at_1_diff1": 0.20323504485666052,
        "nauc_mrr_at_1_max": 0.08409582172937484,
        "nauc_mrr_at_1_std": -0.017878562506897403,
        "nauc_mrr_at_20_diff1": 0.15140222590320127,
        "nauc_mrr_at_20_max": 0.11507085338033451,
        "nauc_mrr_at_20_std": 0.007869627376407451,
        "nauc_mrr_at_3_diff1": 0.15787762647299597,
        "nauc_mrr_at_3_max": 0.09735742984997958,
        "nauc_mrr_at_3_std": -0.007960248100230818,
        "nauc_mrr_at_5_diff1": 0.15457910256551852,
        "nauc_mrr_at_5_max": 0.10453812095004862,
        "nauc_mrr_at_5_std": -0.001976186410951605,
        "nauc_ndcg_at_1000_diff1": 0.14525260995964645,
        "nauc_ndcg_at_1000_max": 0.1640422064372703,
        "nauc_ndcg_at_1000_std": 0.06160846861359799,
        "nauc_ndcg_at_100_diff1": 0.1443475714612311,
        "nauc_ndcg_at_100_max": 0.16126427718957964,
        "nauc_ndcg_at_100_std": 0.05503813378756256,
        "nauc_ndcg_at_10_diff1": 0.14653040189468122,
        "nauc_ndcg_at_10_max": 0.13702892971289238,
        "nauc_ndcg_at_10_std": 0.0077112128631662115,
        "nauc_ndcg_at_1_diff1": 0.20527077947621664,
        "nauc_ndcg_at_1_max": 0.08484625582388178,
        "nauc_ndcg_at_1_std": -0.01699841668341001,
        "nauc_ndcg_at_20_diff1": 0.14234859827158017,
        "nauc_ndcg_at_20_max": 0.1411446527457659,
        "nauc_ndcg_at_20_std": 0.02461159703742406,
        "nauc_ndcg_at_3_diff1": 0.1572722174801643,
        "nauc_ndcg_at_3_max": 0.10422853598151251,
        "nauc_ndcg_at_3_std": -0.018387845418902336,
        "nauc_ndcg_at_5_diff1": 0.15317720430106904,
        "nauc_ndcg_at_5_max": 0.11770806512745685,
        "nauc_ndcg_at_5_std": -0.005685297839614628,
        "nauc_precision_at_1000_diff1": -0.00011896277439912461,
        "nauc_precision_at_1000_max": 0.21456610537983106,
        "nauc_precision_at_1000_std": 0.2818953073757473,
        "nauc_precision_at_100_diff1": 0.059146250062772014,
        "nauc_precision_at_100_max": 0.22377437220824353,
        "nauc_precision_at_100_std": 0.2222022082888642,
        "nauc_precision_at_10_diff1": 0.10490477017715451,
        "nauc_precision_at_10_max": 0.17080750684938736,
        "nauc_precision_at_10_std": 0.06195671573812195,
        "nauc_precision_at_1_diff1": 0.20527077947621664,
        "nauc_precision_at_1_max": 0.08484625582388178,
        "nauc_precision_at_1_std": -0.01699841668341001,
        "nauc_precision_at_20_diff1": 0.08838713882019307,
        "nauc_precision_at_20_max": 0.1762766208235687,
        "nauc_precision_at_20_std": 0.11005626718130639,
        "nauc_precision_at_3_diff1": 0.12633919865132393,
        "nauc_precision_at_3_max": 0.10985135077103243,
        "nauc_precision_at_3_std": 0.00669075735470292,
        "nauc_precision_at_5_diff1": 0.11951488524299246,
        "nauc_precision_at_5_max": 0.1348960082923163,
        "nauc_precision_at_5_std": 0.028417529161489666,
        "nauc_recall_at_1000_diff1": 0.0975591395203056,
        "nauc_recall_at_1000_max": 0.4293972040629296,
        "nauc_recall_at_1000_std": 0.4462636838759521,
        "nauc_recall_at_100_diff1": 0.1072072635332075,
        "nauc_recall_at_100_max": 0.2753559494029257,
        "nauc_recall_at_100_std": 0.2205735513477615,
        "nauc_recall_at_10_diff1": 0.11489494034849927,
        "nauc_recall_at_10_max": 0.16996589598773557,
        "nauc_recall_at_10_std": 0.034044252519447114,
        "nauc_recall_at_1_diff1": 0.2169479889364372,
        "nauc_recall_at_1_max": 0.08751825885396515,
        "nauc_recall_at_1_std": -0.04141691109841626,
        "nauc_recall_at_20_diff1": 0.10527813840222097,
        "nauc_recall_at_20_max": 0.17992129475663315,
        "nauc_recall_at_20_std": 0.07854098046672443,
        "nauc_recall_at_3_diff1": 0.13388408419008543,
        "nauc_recall_at_3_max": 0.11008383225327555,
        "nauc_recall_at_3_std": -0.012808508934700652,
        "nauc_recall_at_5_diff1": 0.12859671871295617,
        "nauc_recall_at_5_max": 0.13256125187808374,
        "nauc_recall_at_5_std": 0.009916132686714296,
        "ndcg_at_1": 0.10139,
        "ndcg_at_10": 0.21158,
        "ndcg_at_100": 0.27668,
        "ndcg_at_1000": 0.30285,
        "ndcg_at_20": 0.23569,
        "ndcg_at_3": 0.1564,
        "ndcg_at_5": 0.18257,
        "precision_at_1": 0.10139,
        "precision_at_10": 0.04067,
        "precision_at_100": 0.00777,
        "precision_at_1000": 0.00103,
        "precision_at_20": 0.02598,
        "precision_at_3": 0.07648,
        "precision_at_5": 0.0606,
        "recall_at_1": 0.08819,
        "recall_at_10": 0.34536,
        "recall_at_100": 0.64781,
        "recall_at_1000": 0.84859,
        "recall_at_20": 0.43559,
        "recall_at_3": 0.19783,
        "recall_at_5": 0.25966
      }
    ]
  },
  "task_name": "NQ"
}