{
  "dataset_revision": "e4e08e0b7dbe3c8700f0daef558ff32256715259",
  "task_name": "QuoraRetrieval",
  "mteb_version": "1.34.4",
  "scores": {
    "test": [
      {
        "ndcg_at_1": 0.7425,
        "ndcg_at_3": 0.78318,
        "ndcg_at_5": 0.80257,
        "ndcg_at_10": 0.82012,
        "ndcg_at_20": 0.82983,
        "ndcg_at_100": 0.83907,
        "ndcg_at_1000": 0.84237,
        "map_at_1": 0.64592,
        "map_at_3": 0.74311,
        "map_at_5": 0.76204,
        "map_at_10": 0.77402,
        "map_at_20": 0.77879,
        "map_at_100": 0.78148,
        "map_at_1000": 0.7818,
        "recall_at_1": 0.64592,
        "recall_at_3": 0.80487,
        "recall_at_5": 0.85794,
        "recall_at_10": 0.9099,
        "recall_at_20": 0.9421,
        "recall_at_100": 0.97878,
        "recall_at_1000": 0.9969,
        "precision_at_1": 0.7425,
        "precision_at_3": 0.33947,
        "precision_at_5": 0.2252,
        "precision_at_10": 0.12433,
        "precision_at_20": 0.06679,
        "precision_at_100": 0.01471,
        "precision_at_1000": 0.00155,
        "mrr_at_1": 0.7423,
        "mrr_at_3": 0.799733,
        "mrr_at_5": 0.808943,
        "mrr_at_10": 0.814065,
        "mrr_at_20": 0.815543,
        "mrr_at_100": 0.816131,
        "mrr_at_1000": 0.816182,
        "nauc_ndcg_at_1_max": 0.386787,
        "nauc_ndcg_at_1_std": -0.189397,
        "nauc_ndcg_at_1_diff1": 0.742238,
        "nauc_ndcg_at_3_max": 0.364462,
        "nauc_ndcg_at_3_std": -0.225371,
        "nauc_ndcg_at_3_diff1": 0.70564,
        "nauc_ndcg_at_5_max": 0.368308,
        "nauc_ndcg_at_5_std": -0.225062,
        "nauc_ndcg_at_5_diff1": 0.705998,
        "nauc_ndcg_at_10_max": 0.373857,
        "nauc_ndcg_at_10_std": -0.222586,
        "nauc_ndcg_at_10_diff1": 0.71065,
        "nauc_ndcg_at_20_max": 0.380482,
        "nauc_ndcg_at_20_std": -0.208683,
        "nauc_ndcg_at_20_diff1": 0.714218,
        "nauc_ndcg_at_100_max": 0.38132,
        "nauc_ndcg_at_100_std": -0.202515,
        "nauc_ndcg_at_100_diff1": 0.715387,
        "nauc_ndcg_at_1000_max": 0.382391,
        "nauc_ndcg_at_1000_std": -0.202609,
        "nauc_ndcg_at_1000_diff1": 0.71537,
        "nauc_map_at_1_max": 0.299772,
        "nauc_map_at_1_std": -0.210001,
        "nauc_map_at_1_diff1": 0.73809,
        "nauc_map_at_3_max": 0.346281,
        "nauc_map_at_3_std": -0.238992,
        "nauc_map_at_3_diff1": 0.717267,
        "nauc_map_at_5_max": 0.356241,
        "nauc_map_at_5_std": -0.2348,
        "nauc_map_at_5_diff1": 0.714726,
        "nauc_map_at_10_max": 0.362635,
        "nauc_map_at_10_std": -0.230133,
        "nauc_map_at_10_diff1": 0.715436,
        "nauc_map_at_20_max": 0.366186,
        "nauc_map_at_20_std": -0.223306,
        "nauc_map_at_20_diff1": 0.715769,
        "nauc_map_at_100_max": 0.367215,
        "nauc_map_at_100_std": -0.220127,
        "nauc_map_at_100_diff1": 0.715653,
        "nauc_map_at_1000_max": 0.367381,
        "nauc_map_at_1000_std": -0.219807,
        "nauc_map_at_1000_diff1": 0.715631,
        "nauc_recall_at_1_max": 0.299772,
        "nauc_recall_at_1_std": -0.210001,
        "nauc_recall_at_1_diff1": 0.73809,
        "nauc_recall_at_3_max": 0.322336,
        "nauc_recall_at_3_std": -0.261819,
        "nauc_recall_at_3_diff1": 0.669091,
        "nauc_recall_at_5_max": 0.332643,
        "nauc_recall_at_5_std": -0.265936,
        "nauc_recall_at_5_diff1": 0.650857,
        "nauc_recall_at_10_max": 0.343344,
        "nauc_recall_at_10_std": -0.260244,
        "nauc_recall_at_10_diff1": 0.640558,
        "nauc_recall_at_20_max": 0.380695,
        "nauc_recall_at_20_std": -0.159544,
        "nauc_recall_at_20_diff1": 0.648138,
        "nauc_recall_at_100_max": 0.374594,
        "nauc_recall_at_100_std": -0.034713,
        "nauc_recall_at_100_diff1": 0.651297,
        "nauc_recall_at_1000_max": 0.561548,
        "nauc_recall_at_1000_std": 0.372976,
        "nauc_recall_at_1000_diff1": 0.576386,
        "nauc_precision_at_1_max": 0.386787,
        "nauc_precision_at_1_std": -0.189397,
        "nauc_precision_at_1_diff1": 0.742238,
        "nauc_precision_at_3_max": 0.170162,
        "nauc_precision_at_3_std": -0.019983,
        "nauc_precision_at_3_diff1": 0.043973,
        "nauc_precision_at_5_max": 0.113521,
        "nauc_precision_at_5_std": 0.055348,
        "nauc_precision_at_5_diff1": -0.10944,
        "nauc_precision_at_10_max": 0.053609,
        "nauc_precision_at_10_std": 0.119065,
        "nauc_precision_at_10_diff1": -0.230776,
        "nauc_precision_at_20_max": 0.019097,
        "nauc_precision_at_20_std": 0.17637,
        "nauc_precision_at_20_diff1": -0.291039,
        "nauc_precision_at_100_max": -0.030424,
        "nauc_precision_at_100_std": 0.216847,
        "nauc_precision_at_100_diff1": -0.348255,
        "nauc_precision_at_1000_max": -0.050657,
        "nauc_precision_at_1000_std": 0.226161,
        "nauc_precision_at_1000_diff1": -0.370442,
        "nauc_mrr_at_1_max": 0.387417,
        "nauc_mrr_at_1_std": -0.190517,
        "nauc_mrr_at_1_diff1": 0.742644,
        "nauc_mrr_at_3_max": 0.392642,
        "nauc_mrr_at_3_std": -0.199141,
        "nauc_mrr_at_3_diff1": 0.724303,
        "nauc_mrr_at_5_max": 0.394658,
        "nauc_mrr_at_5_std": -0.197642,
        "nauc_mrr_at_5_diff1": 0.72531,
        "nauc_mrr_at_10_max": 0.39511,
        "nauc_mrr_at_10_std": -0.196588,
        "nauc_mrr_at_10_diff1": 0.727032,
        "nauc_mrr_at_20_max": 0.39547,
        "nauc_mrr_at_20_std": -0.194964,
        "nauc_mrr_at_20_diff1": 0.727565,
        "nauc_mrr_at_100_max": 0.394966,
        "nauc_mrr_at_100_std": -0.195375,
        "nauc_mrr_at_100_diff1": 0.727748,
        "nauc_mrr_at_1000_max": 0.394944,
        "nauc_mrr_at_1000_std": -0.195413,
        "nauc_mrr_at_1000_diff1": 0.727758,
        "main_score": 0.82012,
        "hf_subset": "default",
        "languages": [
          "eng-Latn"
        ]
      }
    ]
  },
  "evaluation_time": 84.80414175987244,
  "kg_co2_emissions": null
}