{
  "dataset_revision": "20a6d6f312dd54037fe07a32d58e5e168867909d",
  "evaluation_time": 0.5868527889251709,
  "kg_co2_emissions": null,
  "mteb_version": "1.14.15",
  "scores": {
    "test": [
      {
        "cosine_pearson": 0.7625915789536036,
        "cosine_spearman": 0.6566845738179554,
        "euclidean_pearson": 0.6985107857850403,
        "euclidean_spearman": 0.656685173896875,
        "hf_subset": "default",
        "languages": [
          "eng-Latn"
        ],
        "main_score": 0.6566845738179554,
        "manhattan_pearson": 0.6901865715022275,
        "manhattan_spearman": 0.6563874813005013,
        "pearson": 0.7625915789536036,
        "spearman": 0.6566845738179554
      }
    ]
  },
  "task_name": "SICK-R"
}