{
  "dataset_revision": "d66bd1f72af766a5cc4b0ca5e00c162f89e8cc46",
  "evaluation_time": 1.7213099002838135,
  "kg_co2_emissions": null,
  "mteb_version": "1.14.15",
  "scores": {
    "test": [
      {
        "cosine_accuracy": 0.9973861386138614,
        "cosine_accuracy_threshold": 0.7621053359407102,
        "cosine_ap": 0.9255456011993165,
        "cosine_f1": 0.8634953464322648,
        "cosine_f1_threshold": 0.7621053359407102,
        "cosine_precision": 0.8940042826552462,
        "cosine_recall": 0.835,
        "dot_accuracy": 0.9973861386138614,
        "dot_accuracy_threshold": 0.7621053204886737,
        "dot_ap": 0.9255456011993165,
        "dot_f1": 0.8634953464322648,
        "dot_f1_threshold": 0.7621053204886737,
        "dot_precision": 0.8940042826552462,
        "dot_recall": 0.835,
        "euclidean_accuracy": 0.9973861386138614,
        "euclidean_accuracy_threshold": 0.6897747134363049,
        "euclidean_ap": 0.9255456011993165,
        "euclidean_f1": 0.8634953464322648,
        "euclidean_f1_threshold": 0.6897747134363049,
        "euclidean_precision": 0.8940042826552462,
        "euclidean_recall": 0.835,
        "hf_subset": "default",
        "languages": [
          "eng-Latn"
        ],
        "main_score": 0.9255456011993165,
        "manhattan_accuracy": 0.9972079207920792,
        "manhattan_accuracy_threshold": 11.651618136773664,
        "manhattan_ap": 0.9185005554989055,
        "manhattan_f1": 0.8555327868852459,
        "manhattan_f1_threshold": 11.69146348835659,
        "manhattan_precision": 0.8771008403361344,
        "manhattan_recall": 0.835,
        "max_accuracy": 0.9973861386138614,
        "max_ap": 0.9255456011993165,
        "max_f1": 0.8634953464322648,
        "max_precision": 0.8940042826552462,
        "max_recall": 0.835,
        "similarity_accuracy": 0.9973861386138614,
        "similarity_accuracy_threshold": 0.7621053359407102,
        "similarity_ap": 0.9255456011993165,
        "similarity_f1": 0.8634953464322648,
        "similarity_f1_threshold": 0.7621053359407102,
        "similarity_precision": 0.8940042826552462,
        "similarity_recall": 0.835
      }
    ]
  },
  "task_name": "SprintDuplicateQuestions"
}