{
  "dataset_revision": "ae752c7c21bf194d8b67fd573edf7ae58183cbe3",
  "evaluation_time": 0.2256460189819336,
  "kg_co2_emissions": null,
  "mteb_version": "1.14.15",
  "scores": {
    "test": [
      {
        "cosine_pearson": 0.8029008555581484,
        "cosine_spearman": 0.8075923364182438,
        "euclidean_pearson": 0.8031136434402754,
        "euclidean_spearman": 0.8075922963811225,
        "hf_subset": "default",
        "languages": [
          "eng-Latn"
        ],
        "main_score": 0.8075923364182438,
        "manhattan_pearson": 0.7932871995817709,
        "manhattan_spearman": 0.7956283194488046,
        "pearson": 0.8029008555581484,
        "spearman": 0.8075923364182438
      }
    ]
  },
  "task_name": "STS15"
}