{
  "dataset_revision": "a0d554a64d88156834ff5ae9920b964011b16384",
  "evaluation_time": 0.23529815673828125,
  "kg_co2_emissions": null,
  "mteb_version": "1.14.15",
  "scores": {
    "test": [
      {
        "cosine_pearson": 0.7240943128011739,
        "cosine_spearman": 0.6272495538860372,
        "euclidean_pearson": 0.6811171624405147,
        "euclidean_spearman": 0.6272485577613837,
        "hf_subset": "default",
        "languages": [
          "eng-Latn"
        ],
        "main_score": 0.6272495538860372,
        "manhattan_pearson": 0.6481398846456101,
        "manhattan_spearman": 0.6079321036856722,
        "pearson": 0.7240943128011739,
        "spearman": 0.6272495538860372
      }
    ]
  },
  "task_name": "STS12"
}