{
  "dataset_revision": "cda12ad7615edc362dbf25a00fdd61d3b1eaf93c",
  "evaluation_time": 0.526878833770752,
  "kg_co2_emissions": null,
  "mteb_version": "1.14.15",
  "scores": {
    "test": [
      {
        "cosine_pearson": 0.30188622278722266,
        "cosine_spearman": 0.29781575832251295,
        "dot_pearson": 0.3018862305916549,
        "dot_spearman": 0.29790199244359933,
        "hf_subset": "default",
        "languages": [
          "eng-Latn"
        ],
        "main_score": 0.29781575832251295,
        "pearson": 0.30188622278722266,
        "spearman": 0.29781575832251295
      }
    ]
  },
  "task_name": "SummEval"
}