{
  "dataset_revision": "a34f9a33db75fa0cbb21bb5cfc3dae8dc8bec93f",
  "task_name": "Touche2020",
  "mteb_version": "1.34.4",
  "scores": {
    "test": [
      {
        "ndcg_at_1": 0.16327,
        "ndcg_at_3": 0.18094,
        "ndcg_at_5": 0.19089,
        "ndcg_at_10": 0.19629,
        "ndcg_at_20": 0.20232,
        "ndcg_at_100": 0.30853,
        "ndcg_at_1000": 0.42881,
        "map_at_1": 0.01777,
        "map_at_3": 0.03217,
        "map_at_5": 0.04601,
        "map_at_10": 0.07313,
        "map_at_20": 0.08796,
        "map_at_100": 0.11988,
        "map_at_1000": 0.13515,
        "recall_at_1": 0.01777,
        "recall_at_3": 0.04444,
        "recall_at_5": 0.07742,
        "recall_at_10": 0.14056,
        "recall_at_20": 0.1973,
        "recall_at_100": 0.43388,
        "recall_at_1000": 0.80384,
        "precision_at_1": 0.20408,
        "precision_at_3": 0.20408,
        "precision_at_5": 0.21224,
        "precision_at_10": 0.2,
        "precision_at_20": 0.14796,
        "precision_at_100": 0.07204,
        "precision_at_1000": 0.01488,
        "mrr_at_1": 0.204082,
        "mrr_at_3": 0.326531,
        "mrr_at_5": 0.367347,
        "mrr_at_10": 0.372789,
        "mrr_at_20": 0.38089,
        "mrr_at_100": 0.386072,
        "mrr_at_1000": 0.386072,
        "nauc_ndcg_at_1_max": -0.296343,
        "nauc_ndcg_at_1_std": -0.211904,
        "nauc_ndcg_at_1_diff1": 0.017911,
        "nauc_ndcg_at_3_max": -0.331108,
        "nauc_ndcg_at_3_std": -0.168772,
        "nauc_ndcg_at_3_diff1": -0.010915,
        "nauc_ndcg_at_5_max": -0.413743,
        "nauc_ndcg_at_5_std": -0.207155,
        "nauc_ndcg_at_5_diff1": -0.010826,
        "nauc_ndcg_at_10_max": -0.382169,
        "nauc_ndcg_at_10_std": -0.202014,
        "nauc_ndcg_at_10_diff1": 0.022897,
        "nauc_ndcg_at_20_max": -0.33961,
        "nauc_ndcg_at_20_std": -0.201258,
        "nauc_ndcg_at_20_diff1": 0.08807,
        "nauc_ndcg_at_100_max": -0.323315,
        "nauc_ndcg_at_100_std": -0.058684,
        "nauc_ndcg_at_100_diff1": 0.168096,
        "nauc_ndcg_at_1000_max": -0.321058,
        "nauc_ndcg_at_1000_std": 0.133509,
        "nauc_ndcg_at_1000_diff1": 0.144798,
        "nauc_map_at_1_max": -0.353892,
        "nauc_map_at_1_std": -0.194973,
        "nauc_map_at_1_diff1": 0.07128,
        "nauc_map_at_3_max": -0.383146,
        "nauc_map_at_3_std": -0.229446,
        "nauc_map_at_3_diff1": 0.04038,
        "nauc_map_at_5_max": -0.431353,
        "nauc_map_at_5_std": -0.279605,
        "nauc_map_at_5_diff1": 0.0128,
        "nauc_map_at_10_max": -0.403962,
        "nauc_map_at_10_std": -0.285093,
        "nauc_map_at_10_diff1": 0.000415,
        "nauc_map_at_20_max": -0.326743,
        "nauc_map_at_20_std": -0.256735,
        "nauc_map_at_20_diff1": 0.060852,
        "nauc_map_at_100_max": -0.308654,
        "nauc_map_at_100_std": -0.204227,
        "nauc_map_at_100_diff1": 0.118687,
        "nauc_map_at_1000_max": -0.312942,
        "nauc_map_at_1000_std": -0.149377,
        "nauc_map_at_1000_diff1": 0.105706,
        "nauc_recall_at_1_max": -0.353892,
        "nauc_recall_at_1_std": -0.194973,
        "nauc_recall_at_1_diff1": 0.07128,
        "nauc_recall_at_3_max": -0.380588,
        "nauc_recall_at_3_std": -0.218469,
        "nauc_recall_at_3_diff1": 0.035565,
        "nauc_recall_at_5_max": -0.465406,
        "nauc_recall_at_5_std": -0.305608,
        "nauc_recall_at_5_diff1": -0.007556,
        "nauc_recall_at_10_max": -0.380655,
        "nauc_recall_at_10_std": -0.280142,
        "nauc_recall_at_10_diff1": 0.016251,
        "nauc_recall_at_20_max": -0.300986,
        "nauc_recall_at_20_std": -0.229365,
        "nauc_recall_at_20_diff1": 0.10635,
        "nauc_recall_at_100_max": -0.280707,
        "nauc_recall_at_100_std": -0.001134,
        "nauc_recall_at_100_diff1": 0.218863,
        "nauc_recall_at_1000_max": -0.305876,
        "nauc_recall_at_1000_std": 0.574852,
        "nauc_recall_at_1000_diff1": 0.169843,
        "nauc_precision_at_1_max": -0.305383,
        "nauc_precision_at_1_std": -0.221376,
        "nauc_precision_at_1_diff1": -0.010597,
        "nauc_precision_at_3_max": -0.310593,
        "nauc_precision_at_3_std": -0.171029,
        "nauc_precision_at_3_diff1": 0.009473,
        "nauc_precision_at_5_max": -0.375814,
        "nauc_precision_at_5_std": -0.196902,
        "nauc_precision_at_5_diff1": 0.009266,
        "nauc_precision_at_10_max": -0.260958,
        "nauc_precision_at_10_std": -0.16806,
        "nauc_precision_at_10_diff1": 0.05217,
        "nauc_precision_at_20_max": -0.161678,
        "nauc_precision_at_20_std": -0.110536,
        "nauc_precision_at_20_diff1": 0.11169,
        "nauc_precision_at_100_max": -0.01765,
        "nauc_precision_at_100_std": 0.265454,
        "nauc_precision_at_100_diff1": 0.142268,
        "nauc_precision_at_1000_max": 0.34582,
        "nauc_precision_at_1000_std": 0.607752,
        "nauc_precision_at_1000_diff1": -0.063236,
        "nauc_mrr_at_1_max": -0.305383,
        "nauc_mrr_at_1_std": -0.221376,
        "nauc_mrr_at_1_diff1": -0.010597,
        "nauc_mrr_at_3_max": -0.362844,
        "nauc_mrr_at_3_std": -0.199913,
        "nauc_mrr_at_3_diff1": -0.018934,
        "nauc_mrr_at_5_max": -0.394173,
        "nauc_mrr_at_5_std": -0.214915,
        "nauc_mrr_at_5_diff1": -0.020922,
        "nauc_mrr_at_10_max": -0.367691,
        "nauc_mrr_at_10_std": -0.202875,
        "nauc_mrr_at_10_diff1": -0.008838,
        "nauc_mrr_at_20_max": -0.376913,
        "nauc_mrr_at_20_std": -0.203607,
        "nauc_mrr_at_20_diff1": -0.021539,
        "nauc_mrr_at_100_max": -0.376146,
        "nauc_mrr_at_100_std": -0.204537,
        "nauc_mrr_at_100_diff1": -0.017632,
        "nauc_mrr_at_1000_max": -0.376146,
        "nauc_mrr_at_1000_std": -0.204537,
        "nauc_mrr_at_1000_diff1": -0.017632,
        "main_score": 0.19629,
        "hf_subset": "default",
        "languages": [
          "eng-Latn"
        ]
      }
    ]
  },
  "evaluation_time": 26.283660888671875,
  "kg_co2_emissions": null
}