{
  "dataset_revision": "a34f9a33db75fa0cbb21bb5cfc3dae8dc8bec93f",
  "evaluation_time": 81.40826797485352,
  "kg_co2_emissions": null,
  "mteb_version": "1.14.15",
  "scores": {
    "test": [
      {
        "hf_subset": "default",
        "languages": [
          "eng-Latn"
        ],
        "main_score": 0.19629,
        "map_at_1": 0.01777,
        "map_at_10": 0.07313,
        "map_at_100": 0.11988,
        "map_at_1000": 0.13515,
        "map_at_20": 0.08796,
        "map_at_3": 0.03217,
        "map_at_5": 0.04601,
        "mrr_at_1": 0.20408163265306123,
        "mrr_at_10": 0.3727891156462584,
        "mrr_at_100": 0.386072477967195,
        "mrr_at_1000": 0.386072477967195,
        "mrr_at_20": 0.38088981636084684,
        "mrr_at_3": 0.32653061224489793,
        "mrr_at_5": 0.3673469387755102,
        "nauc_map_at_1000_diff1": 0.10570624698916106,
        "nauc_map_at_1000_max": -0.31294202007427385,
        "nauc_map_at_1000_std": -0.14937652619312106,
        "nauc_map_at_100_diff1": 0.11868722412438842,
        "nauc_map_at_100_max": -0.30865420770703605,
        "nauc_map_at_100_std": -0.20422724780426732,
        "nauc_map_at_10_diff1": 0.00041493306597119875,
        "nauc_map_at_10_max": -0.40396176612553963,
        "nauc_map_at_10_std": -0.28509321814611593,
        "nauc_map_at_1_diff1": 0.07127954407520293,
        "nauc_map_at_1_max": -0.353892053151105,
        "nauc_map_at_1_std": -0.1949733359371979,
        "nauc_map_at_20_diff1": 0.060852289399128526,
        "nauc_map_at_20_max": -0.3267429246305332,
        "nauc_map_at_20_std": -0.256734801877654,
        "nauc_map_at_3_diff1": 0.04038000337628374,
        "nauc_map_at_3_max": -0.3831457856321273,
        "nauc_map_at_3_std": -0.2294457942922101,
        "nauc_map_at_5_diff1": 0.01279980605614138,
        "nauc_map_at_5_max": -0.4313533497355372,
        "nauc_map_at_5_std": -0.27960528588143113,
        "nauc_mrr_at_1000_diff1": -0.017632046089447705,
        "nauc_mrr_at_1000_max": -0.37614642648352414,
        "nauc_mrr_at_1000_std": -0.20453733496900503,
        "nauc_mrr_at_100_diff1": -0.017632046089447705,
        "nauc_mrr_at_100_max": -0.37614642648352414,
        "nauc_mrr_at_100_std": -0.20453733496900503,
        "nauc_mrr_at_10_diff1": -0.008838352304131204,
        "nauc_mrr_at_10_max": -0.3676914151415433,
        "nauc_mrr_at_10_std": -0.20287505509157536,
        "nauc_mrr_at_1_diff1": -0.010597262941161223,
        "nauc_mrr_at_1_max": -0.3053828106000604,
        "nauc_mrr_at_1_std": -0.2213764017683114,
        "nauc_mrr_at_20_diff1": -0.021539344598000856,
        "nauc_mrr_at_20_max": -0.3769131983804487,
        "nauc_mrr_at_20_std": -0.2036070687538437,
        "nauc_mrr_at_3_diff1": -0.018934382687972172,
        "nauc_mrr_at_3_max": -0.3628440192297394,
        "nauc_mrr_at_3_std": -0.19991286112256187,
        "nauc_mrr_at_5_diff1": -0.02092220660191668,
        "nauc_mrr_at_5_max": -0.39417325228752564,
        "nauc_mrr_at_5_std": -0.21491524754378055,
        "nauc_ndcg_at_1000_diff1": 0.14479754053162955,
        "nauc_ndcg_at_1000_max": -0.3210581012377326,
        "nauc_ndcg_at_1000_std": 0.1335087951605272,
        "nauc_ndcg_at_100_diff1": 0.1680964326984191,
        "nauc_ndcg_at_100_max": -0.3233147471694196,
        "nauc_ndcg_at_100_std": -0.05868369097951216,
        "nauc_ndcg_at_10_diff1": 0.02289700885976584,
        "nauc_ndcg_at_10_max": -0.3821688129723461,
        "nauc_ndcg_at_10_std": -0.2020137297942159,
        "nauc_ndcg_at_1_diff1": 0.017910846362434195,
        "nauc_ndcg_at_1_max": -0.296342699147759,
        "nauc_ndcg_at_1_std": -0.21190379097876075,
        "nauc_ndcg_at_20_diff1": 0.08806996779903234,
        "nauc_ndcg_at_20_max": -0.3396095191892843,
        "nauc_ndcg_at_20_std": -0.20125770326355852,
        "nauc_ndcg_at_3_diff1": -0.01091472840622981,
        "nauc_ndcg_at_3_max": -0.33110818220389493,
        "nauc_ndcg_at_3_std": -0.16877176763631754,
        "nauc_ndcg_at_5_diff1": -0.010825792191153089,
        "nauc_ndcg_at_5_max": -0.413743136016136,
        "nauc_ndcg_at_5_std": -0.20715523834992033,
        "nauc_precision_at_1000_diff1": -0.0632355678100729,
        "nauc_precision_at_1000_max": 0.3458199835082229,
        "nauc_precision_at_1000_std": 0.6077523423450688,
        "nauc_precision_at_100_diff1": 0.14226845553421733,
        "nauc_precision_at_100_max": -0.017650024651415824,
        "nauc_precision_at_100_std": 0.2654538052469,
        "nauc_precision_at_10_diff1": 0.05217036148150041,
        "nauc_precision_at_10_max": -0.26095792438253196,
        "nauc_precision_at_10_std": -0.16806040198390762,
        "nauc_precision_at_1_diff1": -0.010597262941161223,
        "nauc_precision_at_1_max": -0.3053828106000604,
        "nauc_precision_at_1_std": -0.2213764017683114,
        "nauc_precision_at_20_diff1": 0.11168974829140431,
        "nauc_precision_at_20_max": -0.1616782573302428,
        "nauc_precision_at_20_std": -0.11053623767620661,
        "nauc_precision_at_3_diff1": 0.00947307929112776,
        "nauc_precision_at_3_max": -0.3105930383886252,
        "nauc_precision_at_3_std": -0.17102851167484615,
        "nauc_precision_at_5_diff1": 0.009266007195538144,
        "nauc_precision_at_5_max": -0.37581387889994,
        "nauc_precision_at_5_std": -0.19690150307959292,
        "nauc_recall_at_1000_diff1": 0.16984317473823676,
        "nauc_recall_at_1000_max": -0.30587646676977936,
        "nauc_recall_at_1000_std": 0.5748516026941197,
        "nauc_recall_at_100_diff1": 0.21886301436834626,
        "nauc_recall_at_100_max": -0.2807071340770586,
        "nauc_recall_at_100_std": -0.0011337935267596243,
        "nauc_recall_at_10_diff1": 0.016250953111186458,
        "nauc_recall_at_10_max": -0.380654848945014,
        "nauc_recall_at_10_std": -0.28014162803875353,
        "nauc_recall_at_1_diff1": 0.07127954407520293,
        "nauc_recall_at_1_max": -0.353892053151105,
        "nauc_recall_at_1_std": -0.1949733359371979,
        "nauc_recall_at_20_diff1": 0.10635038702861864,
        "nauc_recall_at_20_max": -0.30098601211040904,
        "nauc_recall_at_20_std": -0.22936538824524816,
        "nauc_recall_at_3_diff1": 0.035564807135760254,
        "nauc_recall_at_3_max": -0.380587512734278,
        "nauc_recall_at_3_std": -0.2184694412548793,
        "nauc_recall_at_5_diff1": -0.007556448626996317,
        "nauc_recall_at_5_max": -0.46540574319477906,
        "nauc_recall_at_5_std": -0.3056076072609364,
        "ndcg_at_1": 0.16327,
        "ndcg_at_10": 0.19629,
        "ndcg_at_100": 0.30853,
        "ndcg_at_1000": 0.42881,
        "ndcg_at_20": 0.20232,
        "ndcg_at_3": 0.18094,
        "ndcg_at_5": 0.19089,
        "precision_at_1": 0.20408,
        "precision_at_10": 0.2,
        "precision_at_100": 0.07204,
        "precision_at_1000": 0.01488,
        "precision_at_20": 0.14796,
        "precision_at_3": 0.20408,
        "precision_at_5": 0.21224,
        "recall_at_1": 0.01777,
        "recall_at_10": 0.14056,
        "recall_at_100": 0.43388,
        "recall_at_1000": 0.80384,
        "recall_at_20": 0.1973,
        "recall_at_3": 0.04444,
        "recall_at_5": 0.07742
      }
    ]
  },
  "task_name": "Touche2020"
}