{
  "dataset_revision": "70970daeab8776df92f5ea462b6173c0b46fd2d1",
  "evaluation_time": 3.634972095489502,
  "kg_co2_emissions": null,
  "mteb_version": "1.14.15",
  "scores": {
    "test": [
      {
        "cosine_accuracy": 0.8180246766406389,
        "cosine_accuracy_threshold": 0.7272156987862404,
        "cosine_ap": 0.5862648076286016,
        "cosine_f1": 0.5633530619640051,
        "cosine_f1_threshold": 0.6390516602618299,
        "cosine_precision": 0.5194920917799064,
        "cosine_recall": 0.6153034300791557,
        "dot_accuracy": 0.8180246766406389,
        "dot_accuracy_threshold": 0.7272157129741353,
        "dot_ap": 0.5862648092781114,
        "dot_f1": 0.5633530619640051,
        "dot_f1_threshold": 0.6390516471984052,
        "dot_precision": 0.5194920917799064,
        "dot_recall": 0.6153034300791557,
        "euclidean_accuracy": 0.8180246766406389,
        "euclidean_accuracy_threshold": 0.7386261650981828,
        "euclidean_ap": 0.5862647856650887,
        "euclidean_f1": 0.5633530619640051,
        "euclidean_f1_threshold": 0.8496450225024544,
        "euclidean_precision": 0.5194920917799064,
        "euclidean_recall": 0.6153034300791557,
        "hf_subset": "default",
        "languages": [
          "eng-Latn"
        ],
        "main_score": 0.5915380842181217,
        "manhattan_accuracy": 0.8188591524110389,
        "manhattan_accuracy_threshold": 11.819765670520376,
        "manhattan_ap": 0.5915380842181217,
        "manhattan_f1": 0.5693997559081327,
        "manhattan_f1_threshold": 14.377120667882991,
        "manhattan_precision": 0.4912885314953092,
        "manhattan_recall": 0.6770448548812665,
        "max_accuracy": 0.8188591524110389,
        "max_ap": 0.5915380842181217,
        "max_f1": 0.5693997559081327,
        "max_precision": 0.5194920917799064,
        "max_recall": 0.6770448548812665,
        "similarity_accuracy": 0.8180246766406389,
        "similarity_accuracy_threshold": 0.7272156987862404,
        "similarity_ap": 0.5862648076286016,
        "similarity_f1": 0.5633530619640051,
        "similarity_f1_threshold": 0.6390516602618299,
        "similarity_precision": 0.5194920917799064,
        "similarity_recall": 0.6153034300791557
      }
    ]
  },
  "task_name": "TwitterSemEval2015"
}