{
  "dataset_revision": "f43b4f32987048043a8b31e5e26be4d360c2438f",
  "task_name": "ArmenianParaphrasePC",
  "mteb_version": "1.34.4",
  "scores": {
    "test": [
      {
        "similarity_accuracy": 0.865306,
        "similarity_accuracy_threshold": 0.795531,
        "similarity_f1": 0.909174,
        "similarity_f1_threshold": 0.790839,
        "similarity_precision": 0.855047,
        "similarity_recall": 0.970617,
        "similarity_ap": 0.920802,
        "cosine_accuracy": 0.865306,
        "cosine_accuracy_threshold": 0.795531,
        "cosine_f1": 0.909174,
        "cosine_f1_threshold": 0.790839,
        "cosine_precision": 0.855047,
        "cosine_recall": 0.970617,
        "cosine_ap": 0.920802,
        "manhattan_accuracy": 0.872789,
        "manhattan_accuracy_threshold": 6.586708,
        "manhattan_f1": 0.912494,
        "manhattan_f1_threshold": 6.63052,
        "manhattan_precision": 0.873656,
        "manhattan_recall": 0.954946,
        "manhattan_ap": 0.919914,
        "euclidean_accuracy": 0.865306,
        "euclidean_accuracy_threshold": 0.639482,
        "euclidean_f1": 0.909174,
        "euclidean_f1_threshold": 0.646772,
        "euclidean_precision": 0.855047,
        "euclidean_recall": 0.970617,
        "euclidean_ap": 0.920802,
        "dot_accuracy": 0.865306,
        "dot_accuracy_threshold": 0.795531,
        "dot_f1": 0.909174,
        "dot_f1_threshold": 0.790839,
        "dot_precision": 0.855047,
        "dot_recall": 0.970617,
        "dot_ap": 0.920802,
        "max_accuracy": 0.872789,
        "max_f1": 0.912494,
        "max_precision": 0.873656,
        "max_recall": 0.970617,
        "max_ap": 0.920802,
        "main_score": 0.920802,
        "hf_subset": "default",
        "languages": [
          "hye-Armn"
        ]
      }
    ]
  },
  "evaluation_time": 0.2306046485900879,
  "kg_co2_emissions": null
}