{
  "dataset_revision": "e39ff896cf3efbbdeeb950e6bd7c79f266995b07",
  "task_name": "Core17InstructionRetrieval",
  "mteb_version": "1.34.4",
  "scores": {
    "test": [
      {
        "p-MRR": -0.013814,
        "individual": {
          "original": {
            "ndcg_at_1": 0.05,
            "ndcg_at_3": 0.06806,
            "ndcg_at_5": 0.085,
            "ndcg_at_10": 0.07453,
            "ndcg_at_20": 0.06573,
            "ndcg_at_100": 0.10451,
            "ndcg_at_1000": 0.39376,
            "map_at_1": 0.00128,
            "map_at_3": 0.00647,
            "map_at_5": 0.00963,
            "map_at_10": 0.01297,
            "map_at_20": 0.01482,
            "map_at_100": 0.02371,
            "map_at_1000": 0.05824,
            "recall_at_1": 0.00128,
            "recall_at_3": 0.01057,
            "recall_at_5": 0.01838,
            "recall_at_10": 0.0269,
            "recall_at_20": 0.03543,
            "recall_at_100": 0.13517,
            "recall_at_1000": 1.0,
            "precision_at_1": 0.05,
            "precision_at_3": 0.1,
            "precision_at_5": 0.12,
            "precision_at_10": 0.095,
            "precision_at_20": 0.065,
            "precision_at_100": 0.0495,
            "precision_at_1000": 0.0327,
            "naucs_at_1_max": 1.0,
            "naucs_at_1_std": -0.070566,
            "naucs_at_1_diff1": -0.070566,
            "naucs_at_3_max": 0.366363,
            "naucs_at_3_std": -0.126466,
            "naucs_at_3_diff1": 0.220803,
            "naucs_at_5_max": 0.324604,
            "naucs_at_5_std": 0.017245,
            "naucs_at_5_diff1": 0.059552,
            "naucs_at_10_max": 0.375229,
            "naucs_at_10_std": -0.00742,
            "naucs_at_10_diff1": 0.075787,
            "naucs_at_20_max": 0.35271,
            "naucs_at_20_std": -0.036072,
            "naucs_at_20_diff1": 0.096925,
            "naucs_at_100_max": 0.361911,
            "naucs_at_100_std": -0.037362,
            "naucs_at_100_diff1": 0.108881,
            "naucs_at_1000_max": 0.362104,
            "naucs_at_1000_std": -0.037867,
            "naucs_at_1000_diff1": 0.108719,
            "mrr_at_1": 0.05,
            "mrr_at_3": 0.116667,
            "mrr_at_5": 0.161667,
            "mrr_at_10": 0.167222,
            "mrr_at_20": 0.174545,
            "mrr_at_100": 0.184398,
            "mrr_at_1000": 0.184656
          },
          "changed": {
            "ndcg_at_1": 0.15,
            "ndcg_at_3": 0.175,
            "ndcg_at_5": 0.15575,
            "ndcg_at_10": 0.13507,
            "ndcg_at_20": 0.12176,
            "ndcg_at_100": 0.15013,
            "ndcg_at_1000": 0.48576,
            "map_at_1": 0.00266,
            "map_at_3": 0.00997,
            "map_at_5": 0.01226,
            "map_at_10": 0.01673,
            "map_at_20": 0.02317,
            "map_at_100": 0.03861,
            "map_at_1000": 0.09617,
            "recall_at_1": 0.00266,
            "recall_at_3": 0.01377,
            "recall_at_5": 0.01726,
            "recall_at_10": 0.02751,
            "recall_at_20": 0.04558,
            "recall_at_100": 0.16131,
            "recall_at_1000": 1.0,
            "precision_at_1": 0.15,
            "precision_at_3": 0.23333,
            "precision_at_5": 0.18,
            "precision_at_10": 0.15,
            "precision_at_20": 0.1275,
            "precision_at_100": 0.0905,
            "precision_at_1000": 0.0545,
            "naucs_at_1_max": -0.058663,
            "naucs_at_1_std": -0.509122,
            "naucs_at_1_diff1": 0.407318,
            "naucs_at_3_max": -0.081217,
            "naucs_at_3_std": -0.358224,
            "naucs_at_3_diff1": 0.367016,
            "naucs_at_5_max": -0.02218,
            "naucs_at_5_std": -0.340496,
            "naucs_at_5_diff1": 0.349643,
            "naucs_at_10_max": -0.047861,
            "naucs_at_10_std": -0.310689,
            "naucs_at_10_diff1": 0.341546,
            "naucs_at_20_max": -0.043669,
            "naucs_at_20_std": -0.327412,
            "naucs_at_20_diff1": 0.328375,
            "naucs_at_100_max": -0.048386,
            "naucs_at_100_std": -0.328706,
            "naucs_at_100_diff1": 0.335351,
            "naucs_at_1000_max": -0.049728,
            "naucs_at_1000_std": -0.328936,
            "naucs_at_1000_diff1": 0.335662,
            "mrr_at_1": 0.15,
            "mrr_at_3": 0.258333,
            "mrr_at_5": 0.268333,
            "mrr_at_10": 0.282222,
            "mrr_at_20": 0.290101,
            "mrr_at_100": 0.297865,
            "mrr_at_1000": 0.298275
          }
        },
        "main_score": -0.013814,
        "hf_subset": "default",
        "languages": [
          "eng-Latn"
        ]
      }
    ]
  },
  "evaluation_time": 32.37028932571411,
  "kg_co2_emissions": null
}