{
  "dataset_revision": "1271c7809071a13532e05f25fb53511ffce77117",
  "task_name": "CovidRetrieval",
  "mteb_version": "1.34.4",
  "scores": {
    "dev": [
      {
        "ndcg_at_1": 0.19916,
        "ndcg_at_3": 0.24734,
        "ndcg_at_5": 0.26598,
        "ndcg_at_10": 0.28637,
        "ndcg_at_20": 0.30691,
        "ndcg_at_100": 0.33496,
        "ndcg_at_1000": 0.35685,
        "map_at_1": 0.19916,
        "map_at_3": 0.23538,
        "map_at_5": 0.24584,
        "map_at_10": 0.25451,
        "map_at_20": 0.26033,
        "map_at_100": 0.26433,
        "map_at_1000": 0.26508,
        "recall_at_1": 0.19916,
        "recall_at_3": 0.28109,
        "recall_at_5": 0.32587,
        "recall_at_10": 0.38751,
        "recall_at_20": 0.46786,
        "recall_at_100": 0.61749,
        "recall_at_1000": 0.79399,
        "precision_at_1": 0.19916,
        "precision_at_3": 0.09413,
        "precision_at_5": 0.06554,
        "precision_at_10": 0.0392,
        "precision_at_20": 0.02371,
        "precision_at_100": 0.00625,
        "precision_at_1000": 0.0008,
        "mrr_at_1": 0.199157,
        "mrr_at_3": 0.236389,
        "mrr_at_5": 0.246927,
        "mrr_at_10": 0.255186,
        "mrr_at_20": 0.260761,
        "mrr_at_100": 0.26475,
        "mrr_at_1000": 0.265495,
        "nauc_ndcg_at_1_max": 0.257721,
        "nauc_ndcg_at_1_std": 0.010588,
        "nauc_ndcg_at_1_diff1": 0.437478,
        "nauc_ndcg_at_3_max": 0.289085,
        "nauc_ndcg_at_3_std": 0.024904,
        "nauc_ndcg_at_3_diff1": 0.392865,
        "nauc_ndcg_at_5_max": 0.27776,
        "nauc_ndcg_at_5_std": 0.033614,
        "nauc_ndcg_at_5_diff1": 0.367525,
        "nauc_ndcg_at_10_max": 0.274618,
        "nauc_ndcg_at_10_std": 0.070501,
        "nauc_ndcg_at_10_diff1": 0.344272,
        "nauc_ndcg_at_20_max": 0.289065,
        "nauc_ndcg_at_20_std": 0.073431,
        "nauc_ndcg_at_20_diff1": 0.340333,
        "nauc_ndcg_at_100_max": 0.278728,
        "nauc_ndcg_at_100_std": 0.092354,
        "nauc_ndcg_at_100_diff1": 0.334293,
        "nauc_ndcg_at_1000_max": 0.275165,
        "nauc_ndcg_at_1000_std": 0.099958,
        "nauc_ndcg_at_1000_diff1": 0.335484,
        "nauc_map_at_1_max": 0.257721,
        "nauc_map_at_1_std": 0.010588,
        "nauc_map_at_1_diff1": 0.437478,
        "nauc_map_at_3_max": 0.282104,
        "nauc_map_at_3_std": 0.020101,
        "nauc_map_at_3_diff1": 0.401402,
        "nauc_map_at_5_max": 0.275097,
        "nauc_map_at_5_std": 0.025391,
        "nauc_map_at_5_diff1": 0.386798,
        "nauc_map_at_10_max": 0.273447,
        "nauc_map_at_10_std": 0.042533,
        "nauc_map_at_10_diff1": 0.376501,
        "nauc_map_at_20_max": 0.277324,
        "nauc_map_at_20_std": 0.043366,
        "nauc_map_at_20_diff1": 0.375587,
        "nauc_map_at_100_max": 0.275973,
        "nauc_map_at_100_std": 0.04615,
        "nauc_map_at_100_diff1": 0.374641,
        "nauc_map_at_1000_max": 0.275826,
        "nauc_map_at_1000_std": 0.046315,
        "nauc_map_at_1000_diff1": 0.374623,
        "nauc_recall_at_1_max": 0.257721,
        "nauc_recall_at_1_std": 0.010588,
        "nauc_recall_at_1_diff1": 0.437478,
        "nauc_recall_at_3_max": 0.308323,
        "nauc_recall_at_3_std": 0.034615,
        "nauc_recall_at_3_diff1": 0.369912,
        "nauc_recall_at_5_max": 0.284327,
        "nauc_recall_at_5_std": 0.052704,
        "nauc_recall_at_5_diff1": 0.314126,
        "nauc_recall_at_10_max": 0.276795,
        "nauc_recall_at_10_std": 0.150121,
        "nauc_recall_at_10_diff1": 0.252499,
        "nauc_recall_at_20_max": 0.329831,
        "nauc_recall_at_20_std": 0.163069,
        "nauc_recall_at_20_diff1": 0.235184,
        "nauc_recall_at_100_max": 0.277127,
        "nauc_recall_at_100_std": 0.278942,
        "nauc_recall_at_100_diff1": 0.187021,
        "nauc_recall_at_1000_max": 0.230546,
        "nauc_recall_at_1000_std": 0.485691,
        "nauc_recall_at_1000_diff1": 0.123867,
        "nauc_precision_at_1_max": 0.257721,
        "nauc_precision_at_1_std": 0.010588,
        "nauc_precision_at_1_diff1": 0.437478,
        "nauc_precision_at_3_max": 0.307747,
        "nauc_precision_at_3_std": 0.039518,
        "nauc_precision_at_3_diff1": 0.371535,
        "nauc_precision_at_5_max": 0.282668,
        "nauc_precision_at_5_std": 0.06004,
        "nauc_precision_at_5_diff1": 0.315643,
        "nauc_precision_at_10_max": 0.265532,
        "nauc_precision_at_10_std": 0.163804,
        "nauc_precision_at_10_diff1": 0.247792,
        "nauc_precision_at_20_max": 0.312012,
        "nauc_precision_at_20_std": 0.177757,
        "nauc_precision_at_20_diff1": 0.228144,
        "nauc_precision_at_100_max": 0.258733,
        "nauc_precision_at_100_std": 0.295976,
        "nauc_precision_at_100_diff1": 0.178329,
        "nauc_precision_at_1000_max": 0.201884,
        "nauc_precision_at_1000_std": 0.492844,
        "nauc_precision_at_1000_diff1": 0.117542,
        "nauc_mrr_at_1_max": 0.257721,
        "nauc_mrr_at_1_std": 0.010588,
        "nauc_mrr_at_1_diff1": 0.437478,
        "nauc_mrr_at_3_max": 0.280506,
        "nauc_mrr_at_3_std": 0.02474,
        "nauc_mrr_at_3_diff1": 0.401359,
        "nauc_mrr_at_5_max": 0.275247,
        "nauc_mrr_at_5_std": 0.030419,
        "nauc_mrr_at_5_diff1": 0.387032,
        "nauc_mrr_at_10_max": 0.273323,
        "nauc_mrr_at_10_std": 0.044728,
        "nauc_mrr_at_10_diff1": 0.377108,
        "nauc_mrr_at_20_max": 0.277481,
        "nauc_mrr_at_20_std": 0.045161,
        "nauc_mrr_at_20_diff1": 0.376281,
        "nauc_mrr_at_100_max": 0.276094,
        "nauc_mrr_at_100_std": 0.047837,
        "nauc_mrr_at_100_diff1": 0.375359,
        "nauc_mrr_at_1000_max": 0.275958,
        "nauc_mrr_at_1000_std": 0.047996,
        "nauc_mrr_at_1000_diff1": 0.375342,
        "main_score": 0.28637,
        "hf_subset": "default",
        "languages": [
          "cmn-Hans"
        ]
      }
    ]
  },
  "evaluation_time": 452.54539704322815,
  "kg_co2_emissions": null
}