{
  "dataset_revision": "b2a085913606be3c4f2f1a8bff1810e38bade8fa",
  "task_name": "HagridRetrieval",
  "mteb_version": "1.34.4",
  "scores": {
    "dev": [
      {
        "ndcg_at_1": 0.73387,
        "ndcg_at_3": 0.79606,
        "ndcg_at_5": 0.80942,
        "ndcg_at_10": 0.82139,
        "ndcg_at_20": 0.83008,
        "ndcg_at_100": 0.83539,
        "ndcg_at_1000": 0.83933,
        "map_at_1": 0.73387,
        "map_at_3": 0.78125,
        "map_at_5": 0.78871,
        "map_at_10": 0.79379,
        "map_at_20": 0.79619,
        "map_at_100": 0.79695,
        "map_at_1000": 0.79711,
        "recall_at_1": 0.73387,
        "recall_at_3": 0.83871,
        "recall_at_5": 0.87097,
        "recall_at_10": 0.90726,
        "recall_at_20": 0.94153,
        "recall_at_100": 0.96976,
        "recall_at_1000": 1.0,
        "precision_at_1": 0.73387,
        "precision_at_3": 0.27957,
        "precision_at_5": 0.17419,
        "precision_at_10": 0.09073,
        "precision_at_20": 0.04708,
        "precision_at_100": 0.0097,
        "precision_at_1000": 0.001,
        "mrr_at_1": 0.733871,
        "mrr_at_3": 0.78125,
        "mrr_at_5": 0.78871,
        "mrr_at_10": 0.793785,
        "mrr_at_20": 0.796192,
        "mrr_at_100": 0.796955,
        "mrr_at_1000": 0.797114,
        "nauc_ndcg_at_1_max": 0.658377,
        "nauc_ndcg_at_1_std": 0.007578,
        "nauc_ndcg_at_1_diff1": 0.88979,
        "nauc_ndcg_at_3_max": 0.665163,
        "nauc_ndcg_at_3_std": 0.001167,
        "nauc_ndcg_at_3_diff1": 0.8624,
        "nauc_ndcg_at_5_max": 0.656415,
        "nauc_ndcg_at_5_std": 0.00476,
        "nauc_ndcg_at_5_diff1": 0.858168,
        "nauc_ndcg_at_10_max": 0.651939,
        "nauc_ndcg_at_10_std": -0.003715,
        "nauc_ndcg_at_10_diff1": 0.855058,
        "nauc_ndcg_at_20_max": 0.657794,
        "nauc_ndcg_at_20_std": -0.000552,
        "nauc_ndcg_at_20_diff1": 0.860043,
        "nauc_ndcg_at_100_max": 0.656564,
        "nauc_ndcg_at_100_std": 0.001033,
        "nauc_ndcg_at_100_diff1": 0.863633,
        "nauc_ndcg_at_1000_max": 0.657672,
        "nauc_ndcg_at_1000_std": 0.00294,
        "nauc_ndcg_at_1000_diff1": 0.864134,
        "nauc_map_at_1_max": 0.658377,
        "nauc_map_at_1_std": 0.007578,
        "nauc_map_at_1_diff1": 0.88979,
        "nauc_map_at_3_max": 0.663692,
        "nauc_map_at_3_std": 0.004001,
        "nauc_map_at_3_diff1": 0.869384,
        "nauc_map_at_5_max": 0.659174,
        "nauc_map_at_5_std": 0.005784,
        "nauc_map_at_5_diff1": 0.867616,
        "nauc_map_at_10_max": 0.657707,
        "nauc_map_at_10_std": 0.002853,
        "nauc_map_at_10_diff1": 0.866504,
        "nauc_map_at_20_max": 0.659333,
        "nauc_map_at_20_std": 0.003911,
        "nauc_map_at_20_diff1": 0.86773,
        "nauc_map_at_100_max": 0.658977,
        "nauc_map_at_100_std": 0.004042,
        "nauc_map_at_100_diff1": 0.868098,
        "nauc_map_at_1000_max": 0.659022,
        "nauc_map_at_1000_std": 0.004171,
        "nauc_map_at_1000_diff1": 0.868123,
        "nauc_recall_at_1_max": 0.658377,
        "nauc_recall_at_1_std": 0.007578,
        "nauc_recall_at_1_diff1": 0.88979,
        "nauc_recall_at_3_max": 0.670409,
        "nauc_recall_at_3_std": -0.009951,
        "nauc_recall_at_3_diff1": 0.836766,
        "nauc_recall_at_5_max": 0.642119,
        "nauc_recall_at_5_std": 0.000601,
        "nauc_recall_at_5_diff1": 0.81578,
        "nauc_recall_at_10_max": 0.61164,
        "nauc_recall_at_10_std": -0.048849,
        "nauc_recall_at_10_diff1": 0.786127,
        "nauc_recall_at_20_max": 0.644882,
        "nauc_recall_at_20_std": -0.047908,
        "nauc_recall_at_20_diff1": 0.800179,
        "nauc_recall_at_100_max": 0.619825,
        "nauc_recall_at_100_std": -0.044079,
        "nauc_recall_at_100_diff1": 0.846336,
        "nauc_recall_at_1000_max": NaN,
        "nauc_recall_at_1000_std": NaN,
        "nauc_recall_at_1000_diff1": NaN,
        "nauc_precision_at_1_max": 0.658377,
        "nauc_precision_at_1_std": 0.007578,
        "nauc_precision_at_1_diff1": 0.88979,
        "nauc_precision_at_3_max": 0.670409,
        "nauc_precision_at_3_std": -0.009951,
        "nauc_precision_at_3_diff1": 0.836766,
        "nauc_precision_at_5_max": 0.642119,
        "nauc_precision_at_5_std": 0.000601,
        "nauc_precision_at_5_diff1": 0.81578,
        "nauc_precision_at_10_max": 0.61164,
        "nauc_precision_at_10_std": -0.048849,
        "nauc_precision_at_10_diff1": 0.786127,
        "nauc_precision_at_20_max": 0.644882,
        "nauc_precision_at_20_std": -0.047908,
        "nauc_precision_at_20_diff1": 0.800179,
        "nauc_precision_at_100_max": 0.619825,
        "nauc_precision_at_100_std": -0.044079,
        "nauc_precision_at_100_diff1": 0.846336,
        "nauc_precision_at_1000_max": 1.0,
        "nauc_precision_at_1000_std": 1.0,
        "nauc_precision_at_1000_diff1": 1.0,
        "nauc_mrr_at_1_max": 0.658377,
        "nauc_mrr_at_1_std": 0.007578,
        "nauc_mrr_at_1_diff1": 0.88979,
        "nauc_mrr_at_3_max": 0.663692,
        "nauc_mrr_at_3_std": 0.004001,
        "nauc_mrr_at_3_diff1": 0.869384,
        "nauc_mrr_at_5_max": 0.659174,
        "nauc_mrr_at_5_std": 0.005784,
        "nauc_mrr_at_5_diff1": 0.867616,
        "nauc_mrr_at_10_max": 0.657707,
        "nauc_mrr_at_10_std": 0.002853,
        "nauc_mrr_at_10_diff1": 0.866504,
        "nauc_mrr_at_20_max": 0.659333,
        "nauc_mrr_at_20_std": 0.003911,
        "nauc_mrr_at_20_diff1": 0.86773,
        "nauc_mrr_at_100_max": 0.658977,
        "nauc_mrr_at_100_std": 0.004042,
        "nauc_mrr_at_100_diff1": 0.868098,
        "nauc_mrr_at_1000_max": 0.659021,
        "nauc_mrr_at_1000_std": 0.004171,
        "nauc_mrr_at_1000_diff1": 0.868123,
        "main_score": 0.82139,
        "hf_subset": "default",
        "languages": [
          "eng-Latn"
        ]
      }
    ]
  },
  "evaluation_time": 0.28281211853027344,
  "kg_co2_emissions": null
}