{
  "dataset_revision": "f69691c650464e62546d7f2a4536f8f87c891e38",
  "task_name": "LegalBenchCorporateLobbying",
  "mteb_version": "1.34.4",
  "scores": {
    "test": [
      {
        "ndcg_at_1": 0.50294,
        "ndcg_at_3": 0.58809,
        "ndcg_at_5": 0.6086,
        "ndcg_at_10": 0.63444,
        "ndcg_at_20": 0.6462,
        "ndcg_at_100": 0.67099,
        "ndcg_at_1000": 0.67644,
        "map_at_1": 0.50294,
        "map_at_3": 0.56765,
        "map_at_5": 0.57897,
        "map_at_10": 0.58974,
        "map_at_20": 0.59288,
        "map_at_100": 0.59622,
        "map_at_1000": 0.59644,
        "recall_at_1": 0.50294,
        "recall_at_3": 0.64706,
        "recall_at_5": 0.69706,
        "recall_at_10": 0.77647,
        "recall_at_20": 0.82353,
        "recall_at_100": 0.95882,
        "recall_at_1000": 1.0,
        "precision_at_1": 0.50294,
        "precision_at_3": 0.21569,
        "precision_at_5": 0.13941,
        "precision_at_10": 0.07765,
        "precision_at_20": 0.04118,
        "precision_at_100": 0.00959,
        "precision_at_1000": 0.001,
        "mrr_at_1": 0.502941,
        "mrr_at_3": 0.567647,
        "mrr_at_5": 0.578971,
        "mrr_at_10": 0.589736,
        "mrr_at_20": 0.592878,
        "mrr_at_100": 0.596219,
        "mrr_at_1000": 0.596445,
        "nauc_ndcg_at_1_max": 0.357708,
        "nauc_ndcg_at_1_std": 0.041194,
        "nauc_ndcg_at_1_diff1": 0.638055,
        "nauc_ndcg_at_3_max": 0.377634,
        "nauc_ndcg_at_3_std": 0.024114,
        "nauc_ndcg_at_3_diff1": 0.588937,
        "nauc_ndcg_at_5_max": 0.369955,
        "nauc_ndcg_at_5_std": 0.033822,
        "nauc_ndcg_at_5_diff1": 0.575133,
        "nauc_ndcg_at_10_max": 0.378781,
        "nauc_ndcg_at_10_std": 0.010601,
        "nauc_ndcg_at_10_diff1": 0.561642,
        "nauc_ndcg_at_20_max": 0.372902,
        "nauc_ndcg_at_20_std": 0.010371,
        "nauc_ndcg_at_20_diff1": 0.573848,
        "nauc_ndcg_at_100_max": 0.369109,
        "nauc_ndcg_at_100_std": 0.031591,
        "nauc_ndcg_at_100_diff1": 0.581301,
        "nauc_ndcg_at_1000_max": 0.369387,
        "nauc_ndcg_at_1000_std": 0.025794,
        "nauc_ndcg_at_1000_diff1": 0.583834,
        "nauc_map_at_1_max": 0.357708,
        "nauc_map_at_1_std": 0.041194,
        "nauc_map_at_1_diff1": 0.638055,
        "nauc_map_at_3_max": 0.373179,
        "nauc_map_at_3_std": 0.026185,
        "nauc_map_at_3_diff1": 0.601947,
        "nauc_map_at_5_max": 0.368958,
        "nauc_map_at_5_std": 0.031003,
        "nauc_map_at_5_diff1": 0.59478,
        "nauc_map_at_10_max": 0.371776,
        "nauc_map_at_10_std": 0.022187,
        "nauc_map_at_10_diff1": 0.589541,
        "nauc_map_at_20_max": 0.369975,
        "nauc_map_at_20_std": 0.022142,
        "nauc_map_at_20_diff1": 0.592623,
        "nauc_map_at_100_max": 0.369136,
        "nauc_map_at_100_std": 0.025948,
        "nauc_map_at_100_diff1": 0.593465,
        "nauc_map_at_1000_max": 0.369114,
        "nauc_map_at_1000_std": 0.025731,
        "nauc_map_at_1000_diff1": 0.593572,
        "nauc_recall_at_1_max": 0.357708,
        "nauc_recall_at_1_std": 0.041194,
        "nauc_recall_at_1_diff1": 0.638055,
        "nauc_recall_at_3_max": 0.391685,
        "nauc_recall_at_3_std": 0.018525,
        "nauc_recall_at_3_diff1": 0.546811,
        "nauc_recall_at_5_max": 0.371828,
        "nauc_recall_at_5_std": 0.047178,
        "nauc_recall_at_5_diff1": 0.503936,
        "nauc_recall_at_10_max": 0.414317,
        "nauc_recall_at_10_std": -0.049653,
        "nauc_recall_at_10_diff1": 0.430894,
        "nauc_recall_at_20_max": 0.388197,
        "nauc_recall_at_20_std": -0.063659,
        "nauc_recall_at_20_diff1": 0.483289,
        "nauc_recall_at_100_max": 0.347039,
        "nauc_recall_at_100_std": 0.288749,
        "nauc_recall_at_100_diff1": 0.470955,
        "nauc_recall_at_1000_max": NaN,
        "nauc_recall_at_1000_std": NaN,
        "nauc_recall_at_1000_diff1": NaN,
        "nauc_precision_at_1_max": 0.357708,
        "nauc_precision_at_1_std": 0.041194,
        "nauc_precision_at_1_diff1": 0.638055,
        "nauc_precision_at_3_max": 0.391685,
        "nauc_precision_at_3_std": 0.018525,
        "nauc_precision_at_3_diff1": 0.546811,
        "nauc_precision_at_5_max": 0.371828,
        "nauc_precision_at_5_std": 0.047178,
        "nauc_precision_at_5_diff1": 0.503936,
        "nauc_precision_at_10_max": 0.414317,
        "nauc_precision_at_10_std": -0.049653,
        "nauc_precision_at_10_diff1": 0.430894,
        "nauc_precision_at_20_max": 0.388197,
        "nauc_precision_at_20_std": -0.063659,
        "nauc_precision_at_20_diff1": 0.483289,
        "nauc_precision_at_100_max": 0.347039,
        "nauc_precision_at_100_std": 0.288749,
        "nauc_precision_at_100_diff1": 0.470955,
        "nauc_precision_at_1000_max": 1.0,
        "nauc_precision_at_1000_std": 1.0,
        "nauc_precision_at_1000_diff1": 1.0,
        "nauc_mrr_at_1_max": 0.357708,
        "nauc_mrr_at_1_std": 0.041194,
        "nauc_mrr_at_1_diff1": 0.638055,
        "nauc_mrr_at_3_max": 0.373179,
        "nauc_mrr_at_3_std": 0.026185,
        "nauc_mrr_at_3_diff1": 0.601947,
        "nauc_mrr_at_5_max": 0.368958,
        "nauc_mrr_at_5_std": 0.031003,
        "nauc_mrr_at_5_diff1": 0.59478,
        "nauc_mrr_at_10_max": 0.371776,
        "nauc_mrr_at_10_std": 0.022187,
        "nauc_mrr_at_10_diff1": 0.589541,
        "nauc_mrr_at_20_max": 0.369975,
        "nauc_mrr_at_20_std": 0.022142,
        "nauc_mrr_at_20_diff1": 0.592623,
        "nauc_mrr_at_100_max": 0.369136,
        "nauc_mrr_at_100_std": 0.025948,
        "nauc_mrr_at_100_diff1": 0.593465,
        "nauc_mrr_at_1000_max": 0.369114,
        "nauc_mrr_at_1000_std": 0.025731,
        "nauc_mrr_at_1000_diff1": 0.593572,
        "main_score": 0.63444,
        "hf_subset": "default",
        "languages": [
          "eng-Latn"
        ]
      }
    ]
  },
  "evaluation_time": 0.24735093116760254,
  "kg_co2_emissions": null
}