{
  "dataset_revision": "e0144086b45fe31ac125e9ac1a83b6a409bb6ca6",
  "task_name": "News21InstructionRetrieval",
  "mteb_version": "1.34.4",
  "scores": {
    "test": [
      {
        "p-MRR": 0.005855,
        "individual": {
          "original": {
            "ndcg_at_1": 0.10938,
            "ndcg_at_3": 0.11548,
            "ndcg_at_5": 0.11496,
            "ndcg_at_10": 0.1276,
            "ndcg_at_20": 0.15312,
            "ndcg_at_100": 0.23447,
            "ndcg_at_1000": 0.36978,
            "map_at_1": 0.01814,
            "map_at_3": 0.03311,
            "map_at_5": 0.04056,
            "map_at_10": 0.05239,
            "map_at_20": 0.06298,
            "map_at_100": 0.08759,
            "map_at_1000": 0.10933,
            "recall_at_1": 0.01814,
            "recall_at_3": 0.04387,
            "recall_at_5": 0.06095,
            "recall_at_10": 0.11149,
            "recall_at_20": 0.17743,
            "recall_at_100": 0.42041,
            "recall_at_1000": 1.0,
            "precision_at_1": 0.1875,
            "precision_at_3": 0.1875,
            "precision_at_5": 0.15625,
            "precision_at_10": 0.13125,
            "precision_at_20": 0.10156,
            "precision_at_100": 0.05875,
            "precision_at_1000": 0.01634,
            "naucs_at_1_max": 0.269909,
            "naucs_at_1_std": 0.259576,
            "naucs_at_1_diff1": -0.114336,
            "naucs_at_3_max": 0.155098,
            "naucs_at_3_std": 0.133044,
            "naucs_at_3_diff1": 0.066759,
            "naucs_at_5_max": 0.142255,
            "naucs_at_5_std": 0.097948,
            "naucs_at_5_diff1": 0.115869,
            "naucs_at_10_max": 0.141552,
            "naucs_at_10_std": 0.085788,
            "naucs_at_10_diff1": 0.140321,
            "naucs_at_20_max": 0.150178,
            "naucs_at_20_std": 0.097052,
            "naucs_at_20_diff1": 0.125868,
            "naucs_at_100_max": 0.152339,
            "naucs_at_100_std": 0.101074,
            "naucs_at_100_diff1": 0.12136,
            "naucs_at_1000_max": 0.153562,
            "naucs_at_1000_std": 0.101671,
            "naucs_at_1000_diff1": 0.12096,
            "mrr_at_1": 0.1875,
            "mrr_at_3": 0.296875,
            "mrr_at_5": 0.3125,
            "mrr_at_10": 0.327468,
            "mrr_at_20": 0.340998,
            "mrr_at_100": 0.345148,
            "mrr_at_1000": 0.345422
          },
          "changed": {
            "ndcg_at_1": 0.26172,
            "ndcg_at_3": 0.26877,
            "ndcg_at_5": 0.25663,
            "ndcg_at_10": 0.2311,
            "ndcg_at_20": 0.24428,
            "ndcg_at_100": 0.32409,
            "ndcg_at_1000": 0.50691,
            "map_at_1": 0.01874,
            "map_at_3": 0.04428,
            "map_at_5": 0.05578,
            "map_at_10": 0.07467,
            "map_at_20": 0.09538,
            "map_at_100": 0.14298,
            "map_at_1000": 0.19222,
            "recall_at_1": 0.01874,
            "recall_at_3": 0.04988,
            "recall_at_5": 0.06953,
            "recall_at_10": 0.10806,
            "recall_at_20": 0.16893,
            "recall_at_100": 0.395,
            "recall_at_1000": 1.0,
            "precision_at_1": 0.53125,
            "precision_at_3": 0.47917,
            "precision_at_5": 0.425,
            "precision_at_10": 0.33437,
            "precision_at_20": 0.25781,
            "precision_at_100": 0.13562,
            "precision_at_1000": 0.03725,
            "naucs_at_1_max": 0.057277,
            "naucs_at_1_std": 0.196326,
            "naucs_at_1_diff1": -0.142935,
            "naucs_at_3_max": 0.061107,
            "naucs_at_3_std": 0.274719,
            "naucs_at_3_diff1": -0.082013,
            "naucs_at_5_max": 0.082779,
            "naucs_at_5_std": 0.230675,
            "naucs_at_5_diff1": -0.105279,
            "naucs_at_10_max": 0.07784,
            "naucs_at_10_std": 0.220724,
            "naucs_at_10_diff1": -0.106999,
            "naucs_at_20_max": 0.080018,
            "naucs_at_20_std": 0.233027,
            "naucs_at_20_diff1": -0.09759,
            "naucs_at_100_max": 0.078615,
            "naucs_at_100_std": 0.232329,
            "naucs_at_100_diff1": -0.099378,
            "naucs_at_1000_max": 0.078615,
            "naucs_at_1000_std": 0.232329,
            "naucs_at_1000_diff1": -0.099378,
            "mrr_at_1": 0.53125,
            "mrr_at_3": 0.640625,
            "mrr_at_5": 0.664062,
            "mrr_at_10": 0.67066,
            "mrr_at_20": 0.672892,
            "mrr_at_100": 0.67344,
            "mrr_at_1000": 0.67344
          }
        },
        "main_score": 0.005855,
        "hf_subset": "default",
        "languages": [
          "eng-Latn"
        ]
      }
    ]
  },
  "evaluation_time": 57.46255612373352,
  "kg_co2_emissions": null
}