{
  "dataset_revision": "a5a1c4fe2bc528ac12e83f8cdf82178da85d2f1d",
  "task_name": "Robust04InstructionRetrieval",
  "mteb_version": "1.34.4",
  "scores": {
    "test": [
      {
        "p-MRR": 0.016508,
        "individual": {
          "original": {
            "ndcg_at_1": 0.05769,
            "ndcg_at_3": 0.04582,
            "ndcg_at_5": 0.04601,
            "ndcg_at_10": 0.05713,
            "ndcg_at_20": 0.06877,
            "ndcg_at_100": 0.11664,
            "ndcg_at_1000": 0.34278,
            "map_at_1": 0.00733,
            "map_at_3": 0.00867,
            "map_at_5": 0.01143,
            "map_at_10": 0.01546,
            "map_at_20": 0.02012,
            "map_at_100": 0.02812,
            "map_at_1000": 0.04901,
            "recall_at_1": 0.00733,
            "recall_at_3": 0.01051,
            "recall_at_5": 0.02189,
            "recall_at_10": 0.04881,
            "recall_at_20": 0.08355,
            "recall_at_100": 0.21035,
            "recall_at_1000": 1.0,
            "precision_at_1": 0.05769,
            "precision_at_3": 0.04487,
            "precision_at_5": 0.04231,
            "precision_at_10": 0.05,
            "precision_at_20": 0.05,
            "precision_at_100": 0.03212,
            "precision_at_1000": 0.01981,
            "naucs_at_1_max": -0.418027,
            "naucs_at_1_std": -0.297298,
            "naucs_at_1_diff1": -0.149707,
            "naucs_at_3_max": -0.192197,
            "naucs_at_3_std": -0.109286,
            "naucs_at_3_diff1": -0.212624,
            "naucs_at_5_max": -0.183769,
            "naucs_at_5_std": -0.124176,
            "naucs_at_5_diff1": -0.20896,
            "naucs_at_10_max": -0.141395,
            "naucs_at_10_std": -0.163154,
            "naucs_at_10_diff1": -0.166043,
            "naucs_at_20_max": -0.143174,
            "naucs_at_20_std": -0.16989,
            "naucs_at_20_diff1": -0.158232,
            "naucs_at_100_max": -0.149892,
            "naucs_at_100_std": -0.174437,
            "naucs_at_100_diff1": -0.159151,
            "naucs_at_1000_max": -0.150692,
            "naucs_at_1000_std": -0.173169,
            "naucs_at_1000_diff1": -0.158443,
            "mrr_at_1": 0.057692,
            "mrr_at_3": 0.092949,
            "mrr_at_5": 0.109295,
            "mrr_at_10": 0.132494,
            "mrr_at_20": 0.144104,
            "mrr_at_100": 0.15002,
            "mrr_at_1000": 0.150814
          },
          "changed": {
            "ndcg_at_1": 0.07692,
            "ndcg_at_3": 0.07419,
            "ndcg_at_5": 0.07427,
            "ndcg_at_10": 0.0686,
            "ndcg_at_20": 0.07449,
            "ndcg_at_100": 0.12219,
            "ndcg_at_1000": 0.40235,
            "map_at_1": 0.00393,
            "map_at_3": 0.00643,
            "map_at_5": 0.00911,
            "map_at_10": 0.01124,
            "map_at_20": 0.01634,
            "map_at_100": 0.02723,
            "map_at_1000": 0.06109,
            "recall_at_1": 0.00393,
            "recall_at_3": 0.00854,
            "recall_at_5": 0.02017,
            "recall_at_10": 0.03237,
            "recall_at_20": 0.06726,
            "recall_at_100": 0.19117,
            "recall_at_1000": 1.0,
            "precision_at_1": 0.11538,
            "precision_at_3": 0.09615,
            "precision_at_5": 0.09231,
            "precision_at_10": 0.07692,
            "precision_at_20": 0.07115,
            "precision_at_100": 0.05038,
            "precision_at_1000": 0.03369,
            "naucs_at_1_max": 0.031432,
            "naucs_at_1_std": -0.089534,
            "naucs_at_1_diff1": -0.181633,
            "naucs_at_3_max": -0.034584,
            "naucs_at_3_std": -0.222342,
            "naucs_at_3_diff1": -0.027228,
            "naucs_at_5_max": -0.051956,
            "naucs_at_5_std": -0.251415,
            "naucs_at_5_diff1": 0.00143,
            "naucs_at_10_max": -0.051167,
            "naucs_at_10_std": -0.252933,
            "naucs_at_10_diff1": -0.031589,
            "naucs_at_20_max": -0.038341,
            "naucs_at_20_std": -0.266885,
            "naucs_at_20_diff1": -0.031956,
            "naucs_at_100_max": -0.039201,
            "naucs_at_100_std": -0.261682,
            "naucs_at_100_diff1": -0.032695,
            "naucs_at_1000_max": -0.04002,
            "naucs_at_1000_std": -0.260144,
            "naucs_at_1000_diff1": -0.031437,
            "mrr_at_1": 0.115385,
            "mrr_at_3": 0.169872,
            "mrr_at_5": 0.197756,
            "mrr_at_10": 0.218452,
            "mrr_at_20": 0.2271,
            "mrr_at_100": 0.232451,
            "mrr_at_1000": 0.23346
          }
        },
        "main_score": 0.016508,
        "hf_subset": "default",
        "languages": [
          "eng-Latn"
        ]
      }
    ]
  },
  "evaluation_time": 100.84661483764648,
  "kg_co2_emissions": null
}