{
  "dataset_revision": "a0d554a64d88156834ff5ae9920b964011b16384",
  "task_name": "STS12",
  "mteb_version": "1.34.4",
  "scores": {
    "test": [
      {
        "pearson": 0.581405,
        "spearman": 0.580825,
        "cosine_pearson": 0.581405,
        "cosine_spearman": 0.580825,
        "manhattan_pearson": 0.605393,
        "manhattan_spearman": 0.593213,
        "euclidean_pearson": 0.582137,
        "euclidean_spearman": 0.580825,
        "main_score": 0.580825,
        "hf_subset": "default",
        "languages": [
          "eng-Latn"
        ]
      }
    ]
  },
  "evaluation_time": 0.26876115798950195,
  "kg_co2_emissions": null
}