{
  "dataset_revision": "9097e99aa8c9d827189c65f2e11bfe756af439f6",
  "task_name": "TempReasonL1",
  "mteb_version": "1.34.4",
  "scores": {
    "test": [
      {
        "ndcg_at_1": 0.0015,
        "ndcg_at_3": 0.00661,
        "ndcg_at_5": 0.00977,
        "ndcg_at_10": 0.01519,
        "ndcg_at_20": 0.02074,
        "ndcg_at_100": 0.03858,
        "ndcg_at_1000": 0.07845,
        "map_at_1": 0.0015,
        "map_at_3": 0.00513,
        "map_at_5": 0.00686,
        "map_at_10": 0.0091,
        "map_at_20": 0.01062,
        "map_at_100": 0.01285,
        "map_at_1000": 0.01396,
        "recall_at_1": 0.0015,
        "recall_at_3": 0.011,
        "recall_at_5": 0.01875,
        "recall_at_10": 0.0355,
        "recall_at_20": 0.0575,
        "recall_at_100": 0.15725,
        "recall_at_1000": 0.4945,
        "precision_at_1": 0.0015,
        "precision_at_3": 0.00367,
        "precision_at_5": 0.00375,
        "precision_at_10": 0.00355,
        "precision_at_20": 0.00288,
        "precision_at_100": 0.00157,
        "precision_at_1000": 0.00049,
        "mrr_at_1": 0.0015,
        "mrr_at_3": 0.005125,
        "mrr_at_5": 0.006862,
        "mrr_at_10": 0.009102,
        "mrr_at_20": 0.010616,
        "mrr_at_100": 0.012855,
        "mrr_at_1000": 0.013956,
        "nauc_ndcg_at_1_max": 0.49289,
        "nauc_ndcg_at_1_std": 0.661926,
        "nauc_ndcg_at_1_diff1": 0.374922,
        "nauc_ndcg_at_3_max": 0.414261,
        "nauc_ndcg_at_3_std": 0.436592,
        "nauc_ndcg_at_3_diff1": 0.229451,
        "nauc_ndcg_at_5_max": 0.409135,
        "nauc_ndcg_at_5_std": 0.426606,
        "nauc_ndcg_at_5_diff1": 0.283221,
        "nauc_ndcg_at_10_max": 0.370454,
        "nauc_ndcg_at_10_std": 0.387666,
        "nauc_ndcg_at_10_diff1": 0.300458,
        "nauc_ndcg_at_20_max": 0.359127,
        "nauc_ndcg_at_20_std": 0.366104,
        "nauc_ndcg_at_20_diff1": 0.266262,
        "nauc_ndcg_at_100_max": 0.278286,
        "nauc_ndcg_at_100_std": 0.323649,
        "nauc_ndcg_at_100_diff1": 0.203249,
        "nauc_ndcg_at_1000_max": 0.213093,
        "nauc_ndcg_at_1000_std": 0.304736,
        "nauc_ndcg_at_1000_diff1": 0.174292,
        "nauc_map_at_1_max": 0.49289,
        "nauc_map_at_1_std": 0.661926,
        "nauc_map_at_1_diff1": 0.374922,
        "nauc_map_at_3_max": 0.414078,
        "nauc_map_at_3_std": 0.446982,
        "nauc_map_at_3_diff1": 0.247247,
        "nauc_map_at_5_max": 0.411322,
        "nauc_map_at_5_std": 0.438087,
        "nauc_map_at_5_diff1": 0.284335,
        "nauc_map_at_10_max": 0.386107,
        "nauc_map_at_10_std": 0.409698,
        "nauc_map_at_10_diff1": 0.296973,
        "nauc_map_at_20_max": 0.378452,
        "nauc_map_at_20_std": 0.395227,
        "nauc_map_at_20_diff1": 0.280041,
        "nauc_map_at_100_max": 0.344784,
        "nauc_map_at_100_std": 0.373188,
        "nauc_map_at_100_diff1": 0.253082,
        "nauc_map_at_1000_max": 0.335782,
        "nauc_map_at_1000_std": 0.368666,
        "nauc_map_at_1000_diff1": 0.247122,
        "nauc_recall_at_1_max": 0.49289,
        "nauc_recall_at_1_std": 0.661926,
        "nauc_recall_at_1_diff1": 0.374922,
        "nauc_recall_at_3_max": 0.41561,
        "nauc_recall_at_3_std": 0.423683,
        "nauc_recall_at_3_diff1": 0.204076,
        "nauc_recall_at_5_max": 0.406672,
        "nauc_recall_at_5_std": 0.413916,
        "nauc_recall_at_5_diff1": 0.283964,
        "nauc_recall_at_10_max": 0.354002,
        "nauc_recall_at_10_std": 0.366773,
        "nauc_recall_at_10_diff1": 0.305077,
        "nauc_recall_at_20_max": 0.343167,
        "nauc_recall_at_20_std": 0.343596,
        "nauc_recall_at_20_diff1": 0.253258,
        "nauc_recall_at_100_max": 0.239456,
        "nauc_recall_at_100_std": 0.299571,
        "nauc_recall_at_100_diff1": 0.173887,
        "nauc_recall_at_1000_max": 0.134957,
        "nauc_recall_at_1000_std": 0.276738,
        "nauc_recall_at_1000_diff1": 0.136786,
        "nauc_precision_at_1_max": 0.49289,
        "nauc_precision_at_1_std": 0.661926,
        "nauc_precision_at_1_diff1": 0.374922,
        "nauc_precision_at_3_max": 0.41561,
        "nauc_precision_at_3_std": 0.423683,
        "nauc_precision_at_3_diff1": 0.204076,
        "nauc_precision_at_5_max": 0.406672,
        "nauc_precision_at_5_std": 0.413916,
        "nauc_precision_at_5_diff1": 0.283964,
        "nauc_precision_at_10_max": 0.354002,
        "nauc_precision_at_10_std": 0.366773,
        "nauc_precision_at_10_diff1": 0.305077,
        "nauc_precision_at_20_max": 0.343167,
        "nauc_precision_at_20_std": 0.343596,
        "nauc_precision_at_20_diff1": 0.253258,
        "nauc_precision_at_100_max": 0.239456,
        "nauc_precision_at_100_std": 0.299571,
        "nauc_precision_at_100_diff1": 0.173887,
        "nauc_precision_at_1000_max": 0.134957,
        "nauc_precision_at_1000_std": 0.276738,
        "nauc_precision_at_1000_diff1": 0.136786,
        "nauc_mrr_at_1_max": 0.49289,
        "nauc_mrr_at_1_std": 0.661926,
        "nauc_mrr_at_1_diff1": 0.374922,
        "nauc_mrr_at_3_max": 0.414078,
        "nauc_mrr_at_3_std": 0.446982,
        "nauc_mrr_at_3_diff1": 0.247247,
        "nauc_mrr_at_5_max": 0.411322,
        "nauc_mrr_at_5_std": 0.438087,
        "nauc_mrr_at_5_diff1": 0.284335,
        "nauc_mrr_at_10_max": 0.386107,
        "nauc_mrr_at_10_std": 0.409698,
        "nauc_mrr_at_10_diff1": 0.296973,
        "nauc_mrr_at_20_max": 0.378452,
        "nauc_mrr_at_20_std": 0.395227,
        "nauc_mrr_at_20_diff1": 0.280041,
        "nauc_mrr_at_100_max": 0.344784,
        "nauc_mrr_at_100_std": 0.373188,
        "nauc_mrr_at_100_diff1": 0.253082,
        "nauc_mrr_at_1000_max": 0.335782,
        "nauc_mrr_at_1000_std": 0.368666,
        "nauc_mrr_at_1000_diff1": 0.247122,
        "main_score": 0.01519,
        "hf_subset": "default",
        "languages": [
          "eng-Latn"
        ]
      }
    ]
  },
  "evaluation_time": 60.399471282958984,
  "kg_co2_emissions": null
}