{
  "dataset_revision": "e25c91bc31859606507a968559ab1de0f472d007",
  "task_name": "VoyageMMarcoReranking",
  "mteb_version": "1.34.4",
  "scores": {
    "test": [
      {
        "map": 0.278066,
        "mrr": 0.259771,
        "nAUC_map_max": 0.092903,
        "nAUC_map_std": 0.027212,
        "nAUC_map_diff1": 0.15978,
        "nAUC_mrr_max": 0.080202,
        "nAUC_mrr_std": 0.031748,
        "nAUC_mrr_diff1": 0.147742,
        "main_score": 0.278066,
        "hf_subset": "default",
        "languages": [
          "jpn-Jpan"
        ]
      }
    ]
  },
  "evaluation_time": 238.25146222114563,
  "kg_co2_emissions": null
}