{
  "dataset_revision": "f74c094f321077cf909ddfb8bccc1b5912a4ac28",
  "task_name": "WinoGrande",
  "mteb_version": "1.34.4",
  "scores": {
    "test": [
      {
        "ndcg_at_1": 0.00316,
        "ndcg_at_3": 0.00534,
        "ndcg_at_5": 0.00598,
        "ndcg_at_10": 0.00935,
        "ndcg_at_20": 0.01505,
        "ndcg_at_100": 0.04729,
        "ndcg_at_1000": 0.1233,
        "map_at_1": 0.00316,
        "map_at_3": 0.00474,
        "map_at_5": 0.00509,
        "map_at_10": 0.00651,
        "map_at_20": 0.00803,
        "map_at_100": 0.01183,
        "map_at_1000": 0.01416,
        "recall_at_1": 0.00316,
        "recall_at_3": 0.0071,
        "recall_at_5": 0.00868,
        "recall_at_10": 0.01894,
        "recall_at_20": 0.04183,
        "recall_at_100": 0.22573,
        "recall_at_1000": 0.85241,
        "precision_at_1": 0.00316,
        "precision_at_3": 0.00237,
        "precision_at_5": 0.00174,
        "precision_at_10": 0.00189,
        "precision_at_20": 0.00209,
        "precision_at_100": 0.00226,
        "precision_at_1000": 0.00085,
        "mrr_at_1": 0.003157,
        "mrr_at_3": 0.004736,
        "mrr_at_5": 0.005091,
        "mrr_at_10": 0.006511,
        "mrr_at_20": 0.008025,
        "mrr_at_100": 0.011828,
        "mrr_at_1000": 0.01416,
        "nauc_ndcg_at_1_max": -0.463778,
        "nauc_ndcg_at_1_std": -0.510753,
        "nauc_ndcg_at_1_diff1": 0.008378,
        "nauc_ndcg_at_3_max": -0.412282,
        "nauc_ndcg_at_3_std": -0.459638,
        "nauc_ndcg_at_3_diff1": 0.150427,
        "nauc_ndcg_at_5_max": -0.429813,
        "nauc_ndcg_at_5_std": -0.454712,
        "nauc_ndcg_at_5_diff1": 0.107015,
        "nauc_ndcg_at_10_max": -0.360262,
        "nauc_ndcg_at_10_std": -0.423091,
        "nauc_ndcg_at_10_diff1": 0.128758,
        "nauc_ndcg_at_20_max": -0.294343,
        "nauc_ndcg_at_20_std": -0.34491,
        "nauc_ndcg_at_20_diff1": 0.102151,
        "nauc_ndcg_at_100_max": -0.282372,
        "nauc_ndcg_at_100_std": -0.291018,
        "nauc_ndcg_at_100_diff1": -0.021275,
        "nauc_ndcg_at_1000_max": -0.328089,
        "nauc_ndcg_at_1000_std": -0.376781,
        "nauc_ndcg_at_1000_diff1": -0.005729,
        "nauc_map_at_1_max": -0.463778,
        "nauc_map_at_1_std": -0.510753,
        "nauc_map_at_1_diff1": 0.008378,
        "nauc_map_at_3_max": -0.421354,
        "nauc_map_at_3_std": -0.469163,
        "nauc_map_at_3_diff1": 0.124951,
        "nauc_map_at_5_max": -0.43206,
        "nauc_map_at_5_std": -0.465675,
        "nauc_map_at_5_diff1": 0.097957,
        "nauc_map_at_10_max": -0.390581,
        "nauc_map_at_10_std": -0.441776,
        "nauc_map_at_10_diff1": 0.117119,
        "nauc_map_at_20_max": -0.345775,
        "nauc_map_at_20_std": -0.395363,
        "nauc_map_at_20_diff1": 0.111918,
        "nauc_map_at_100_max": -0.320664,
        "nauc_map_at_100_std": -0.355249,
        "nauc_map_at_100_diff1": 0.055569,
        "nauc_map_at_1000_max": -0.324347,
        "nauc_map_at_1000_std": -0.36106,
        "nauc_map_at_1000_diff1": 0.055908,
        "nauc_recall_at_1_max": -0.463778,
        "nauc_recall_at_1_std": -0.510753,
        "nauc_recall_at_1_diff1": 0.008378,
        "nauc_recall_at_3_max": -0.394611,
        "nauc_recall_at_3_std": -0.440955,
        "nauc_recall_at_3_diff1": 0.200166,
        "nauc_recall_at_5_max": -0.427376,
        "nauc_recall_at_5_std": -0.435165,
        "nauc_recall_at_5_diff1": 0.119625,
        "nauc_recall_at_10_max": -0.321667,
        "nauc_recall_at_10_std": -0.40231,
        "nauc_recall_at_10_diff1": 0.138309,
        "nauc_recall_at_20_max": -0.256245,
        "nauc_recall_at_20_std": -0.3061,
        "nauc_recall_at_20_diff1": 0.086381,
        "nauc_recall_at_100_max": -0.275333,
        "nauc_recall_at_100_std": -0.270372,
        "nauc_recall_at_100_diff1": -0.056584,
        "nauc_recall_at_1000_max": -0.399503,
        "nauc_recall_at_1000_std": -0.507682,
        "nauc_recall_at_1000_diff1": -0.045067,
        "nauc_precision_at_1_max": -0.463778,
        "nauc_precision_at_1_std": -0.510753,
        "nauc_precision_at_1_diff1": 0.008378,
        "nauc_precision_at_3_max": -0.394611,
        "nauc_precision_at_3_std": -0.440955,
        "nauc_precision_at_3_diff1": 0.200166,
        "nauc_precision_at_5_max": -0.427376,
        "nauc_precision_at_5_std": -0.435165,
        "nauc_precision_at_5_diff1": 0.119625,
        "nauc_precision_at_10_max": -0.321667,
        "nauc_precision_at_10_std": -0.40231,
        "nauc_precision_at_10_diff1": 0.138309,
        "nauc_precision_at_20_max": -0.256245,
        "nauc_precision_at_20_std": -0.3061,
        "nauc_precision_at_20_diff1": 0.086381,
        "nauc_precision_at_100_max": -0.275333,
        "nauc_precision_at_100_std": -0.270372,
        "nauc_precision_at_100_diff1": -0.056584,
        "nauc_precision_at_1000_max": -0.399503,
        "nauc_precision_at_1000_std": -0.507682,
        "nauc_precision_at_1000_diff1": -0.045067,
        "nauc_mrr_at_1_max": -0.463778,
        "nauc_mrr_at_1_std": -0.510753,
        "nauc_mrr_at_1_diff1": 0.008378,
        "nauc_mrr_at_3_max": -0.421354,
        "nauc_mrr_at_3_std": -0.469163,
        "nauc_mrr_at_3_diff1": 0.124951,
        "nauc_mrr_at_5_max": -0.43206,
        "nauc_mrr_at_5_std": -0.465675,
        "nauc_mrr_at_5_diff1": 0.097957,
        "nauc_mrr_at_10_max": -0.390581,
        "nauc_mrr_at_10_std": -0.441776,
        "nauc_mrr_at_10_diff1": 0.117119,
        "nauc_mrr_at_20_max": -0.345775,
        "nauc_mrr_at_20_std": -0.395363,
        "nauc_mrr_at_20_diff1": 0.111918,
        "nauc_mrr_at_100_max": -0.320664,
        "nauc_mrr_at_100_std": -0.355249,
        "nauc_mrr_at_100_diff1": 0.055569,
        "nauc_mrr_at_1000_max": -0.324347,
        "nauc_mrr_at_1000_std": -0.36106,
        "nauc_mrr_at_1000_diff1": 0.055908,
        "main_score": 0.00935,
        "hf_subset": "default",
        "languages": [
          "eng-Latn"
        ]
      }
    ]
  },
  "evaluation_time": 1.3124017715454102,
  "kg_co2_emissions": null
}