{
  "dataset_revision": "c22ab2a51041ffd869aaddef7af8d8215647e41a",
  "task_name": "ArguAna",
  "mteb_version": "1.34.4",
  "scores": {
    "test": [
      {
        "ndcg_at_1": 0.09246,
        "ndcg_at_3": 0.15214,
        "ndcg_at_5": 0.17302,
        "ndcg_at_10": 0.19561,
        "ndcg_at_20": 0.21512,
        "ndcg_at_100": 0.24452,
        "ndcg_at_1000": 0.27442,
        "map_at_1": 0.09246,
        "map_at_3": 0.13739,
        "map_at_5": 0.14902,
        "map_at_10": 0.15851,
        "map_at_20": 0.16391,
        "map_at_100": 0.16797,
        "map_at_1000": 0.16892,
        "recall_at_1": 0.09246,
        "recall_at_3": 0.19488,
        "recall_at_5": 0.24538,
        "recall_at_10": 0.31437,
        "recall_at_20": 0.39118,
        "recall_at_100": 0.54979,
        "recall_at_1000": 0.79516,
        "precision_at_1": 0.09246,
        "precision_at_3": 0.06496,
        "precision_at_5": 0.04908,
        "precision_at_10": 0.03144,
        "precision_at_20": 0.01956,
        "precision_at_100": 0.0055,
        "precision_at_1000": 0.0008,
        "mrr_at_1": 0.094595,
        "mrr_at_3": 0.138217,
        "mrr_at_5": 0.150095,
        "mrr_at_10": 0.159316,
        "mrr_at_20": 0.16475,
        "mrr_at_100": 0.168774,
        "mrr_at_1000": 0.169728,
        "nauc_ndcg_at_1_max": -0.032648,
        "nauc_ndcg_at_1_std": 0.078409,
        "nauc_ndcg_at_1_diff1": 0.23647,
        "nauc_ndcg_at_3_max": -0.005237,
        "nauc_ndcg_at_3_std": 0.089308,
        "nauc_ndcg_at_3_diff1": 0.170184,
        "nauc_ndcg_at_5_max": -0.005004,
        "nauc_ndcg_at_5_std": 0.098355,
        "nauc_ndcg_at_5_diff1": 0.165151,
        "nauc_ndcg_at_10_max": 0.001998,
        "nauc_ndcg_at_10_std": 0.101418,
        "nauc_ndcg_at_10_diff1": 0.167276,
        "nauc_ndcg_at_20_max": 0.014994,
        "nauc_ndcg_at_20_std": 0.106246,
        "nauc_ndcg_at_20_diff1": 0.168842,
        "nauc_ndcg_at_100_max": 0.024762,
        "nauc_ndcg_at_100_std": 0.127182,
        "nauc_ndcg_at_100_diff1": 0.184183,
        "nauc_ndcg_at_1000_max": 0.027414,
        "nauc_ndcg_at_1000_std": 0.114764,
        "nauc_ndcg_at_1000_diff1": 0.186254,
        "nauc_map_at_1_max": -0.032648,
        "nauc_map_at_1_std": 0.078409,
        "nauc_map_at_1_diff1": 0.23647,
        "nauc_map_at_3_max": -0.010395,
        "nauc_map_at_3_std": 0.086084,
        "nauc_map_at_3_diff1": 0.180418,
        "nauc_map_at_5_max": -0.010098,
        "nauc_map_at_5_std": 0.091406,
        "nauc_map_at_5_diff1": 0.176793,
        "nauc_map_at_10_max": -0.005945,
        "nauc_map_at_10_std": 0.093187,
        "nauc_map_at_10_diff1": 0.178221,
        "nauc_map_at_20_max": -0.001469,
        "nauc_map_at_20_std": 0.095003,
        "nauc_map_at_20_diff1": 0.178673,
        "nauc_map_at_100_max": 0.000256,
        "nauc_map_at_100_std": 0.098053,
        "nauc_map_at_100_diff1": 0.181125,
        "nauc_map_at_1000_max": 0.000467,
        "nauc_map_at_1000_std": 0.097576,
        "nauc_map_at_1000_diff1": 0.181391,
        "nauc_recall_at_1_max": -0.032648,
        "nauc_recall_at_1_std": 0.078409,
        "nauc_recall_at_1_diff1": 0.23647,
        "nauc_recall_at_3_max": 0.006113,
        "nauc_recall_at_3_std": 0.096756,
        "nauc_recall_at_3_diff1": 0.148335,
        "nauc_recall_at_5_max": 0.005466,
        "nauc_recall_at_5_std": 0.11411,
        "nauc_recall_at_5_diff1": 0.14158,
        "nauc_recall_at_10_max": 0.017712,
        "nauc_recall_at_10_std": 0.118904,
        "nauc_recall_at_10_diff1": 0.146306,
        "nauc_recall_at_20_max": 0.052306,
        "nauc_recall_at_20_std": 0.130789,
        "nauc_recall_at_20_diff1": 0.151491,
        "nauc_recall_at_100_max": 0.093476,
        "nauc_recall_at_100_std": 0.221337,
        "nauc_recall_at_100_diff1": 0.213351,
        "nauc_recall_at_1000_max": 0.161346,
        "nauc_recall_at_1000_std": 0.161304,
        "nauc_recall_at_1000_diff1": 0.241219,
        "nauc_precision_at_1_max": -0.032648,
        "nauc_precision_at_1_std": 0.078409,
        "nauc_precision_at_1_diff1": 0.23647,
        "nauc_precision_at_3_max": 0.006113,
        "nauc_precision_at_3_std": 0.096756,
        "nauc_precision_at_3_diff1": 0.148335,
        "nauc_precision_at_5_max": 0.005466,
        "nauc_precision_at_5_std": 0.11411,
        "nauc_precision_at_5_diff1": 0.14158,
        "nauc_precision_at_10_max": 0.017712,
        "nauc_precision_at_10_std": 0.118904,
        "nauc_precision_at_10_diff1": 0.146306,
        "nauc_precision_at_20_max": 0.052306,
        "nauc_precision_at_20_std": 0.130789,
        "nauc_precision_at_20_diff1": 0.151491,
        "nauc_precision_at_100_max": 0.093476,
        "nauc_precision_at_100_std": 0.221337,
        "nauc_precision_at_100_diff1": 0.213351,
        "nauc_precision_at_1000_max": 0.161346,
        "nauc_precision_at_1000_std": 0.161304,
        "nauc_precision_at_1000_diff1": 0.241219,
        "nauc_mrr_at_1_max": -0.01951,
        "nauc_mrr_at_1_std": 0.071509,
        "nauc_mrr_at_1_diff1": 0.218163,
        "nauc_mrr_at_3_max": -0.010851,
        "nauc_mrr_at_3_std": 0.084639,
        "nauc_mrr_at_3_diff1": 0.17001,
        "nauc_mrr_at_5_max": -0.008388,
        "nauc_mrr_at_5_std": 0.088091,
        "nauc_mrr_at_5_diff1": 0.166426,
        "nauc_mrr_at_10_max": -0.004956,
        "nauc_mrr_at_10_std": 0.090982,
        "nauc_mrr_at_10_diff1": 0.168865,
        "nauc_mrr_at_20_max": -0.000723,
        "nauc_mrr_at_20_std": 0.09283,
        "nauc_mrr_at_20_diff1": 0.169465,
        "nauc_mrr_at_100_max": 0.001111,
        "nauc_mrr_at_100_std": 0.095822,
        "nauc_mrr_at_100_diff1": 0.171692,
        "nauc_mrr_at_1000_max": 0.001321,
        "nauc_mrr_at_1000_std": 0.095343,
        "nauc_mrr_at_1000_diff1": 0.171937,
        "main_score": 0.19561,
        "hf_subset": "default",
        "languages": [
          "eng-Latn"
        ]
      }
    ]
  },
  "evaluation_time": 3.8253188133239746,
  "kg_co2_emissions": null
}