{
  "dataset_revision": "b2a085913606be3c4f2f1a8bff1810e38bade8fa",
  "task_name": "HagridRetrieval",
  "mteb_version": "1.34.4",
  "scores": {
    "dev": [
      {
        "ndcg_at_1": 0.78024,
        "ndcg_at_3": 0.83019,
        "ndcg_at_5": 0.84008,
        "ndcg_at_10": 0.85257,
        "ndcg_at_20": 0.85748,
        "ndcg_at_100": 0.86211,
        "ndcg_at_1000": 0.86551,
        "map_at_1": 0.78024,
        "map_at_3": 0.81754,
        "map_at_5": 0.82298,
        "map_at_10": 0.8282,
        "map_at_20": 0.82945,
        "map_at_100": 0.83015,
        "map_at_1000": 0.83028,
        "recall_at_1": 0.78024,
        "recall_at_3": 0.86694,
        "recall_at_5": 0.89113,
        "recall_at_10": 0.92944,
        "recall_at_20": 0.9496,
        "recall_at_100": 0.97379,
        "recall_at_1000": 1.0,
        "precision_at_1": 0.78024,
        "precision_at_3": 0.28898,
        "precision_at_5": 0.17823,
        "precision_at_10": 0.09294,
        "precision_at_20": 0.04748,
        "precision_at_100": 0.00974,
        "precision_at_1000": 0.001,
        "mrr_at_1": 0.780242,
        "mrr_at_3": 0.81754,
        "mrr_at_5": 0.822984,
        "mrr_at_10": 0.828198,
        "mrr_at_20": 0.82945,
        "mrr_at_100": 0.830148,
        "mrr_at_1000": 0.830281,
        "nauc_ndcg_at_1_max": 0.68976,
        "nauc_ndcg_at_1_std": 0.018809,
        "nauc_ndcg_at_1_diff1": 0.883682,
        "nauc_ndcg_at_3_max": 0.694452,
        "nauc_ndcg_at_3_std": 0.010821,
        "nauc_ndcg_at_3_diff1": 0.872274,
        "nauc_ndcg_at_5_max": 0.697333,
        "nauc_ndcg_at_5_std": 0.020808,
        "nauc_ndcg_at_5_diff1": 0.868298,
        "nauc_ndcg_at_10_max": 0.695701,
        "nauc_ndcg_at_10_std": 0.013272,
        "nauc_ndcg_at_10_diff1": 0.865664,
        "nauc_ndcg_at_20_max": 0.695031,
        "nauc_ndcg_at_20_std": 0.007451,
        "nauc_ndcg_at_20_diff1": 0.865624,
        "nauc_ndcg_at_100_max": 0.692967,
        "nauc_ndcg_at_100_std": 0.009957,
        "nauc_ndcg_at_100_diff1": 0.871104,
        "nauc_ndcg_at_1000_max": 0.693248,
        "nauc_ndcg_at_1000_std": 0.009757,
        "nauc_ndcg_at_1000_diff1": 0.87174,
        "nauc_map_at_1_max": 0.68976,
        "nauc_map_at_1_std": 0.018809,
        "nauc_map_at_1_diff1": 0.883682,
        "nauc_map_at_3_max": 0.692446,
        "nauc_map_at_3_std": 0.009813,
        "nauc_map_at_3_diff1": 0.876059,
        "nauc_map_at_5_max": 0.693926,
        "nauc_map_at_5_std": 0.014134,
        "nauc_map_at_5_diff1": 0.874328,
        "nauc_map_at_10_max": 0.693258,
        "nauc_map_at_10_std": 0.011323,
        "nauc_map_at_10_diff1": 0.873585,
        "nauc_map_at_20_max": 0.693019,
        "nauc_map_at_20_std": 0.00974,
        "nauc_map_at_20_diff1": 0.873668,
        "nauc_map_at_100_max": 0.692601,
        "nauc_map_at_100_std": 0.009772,
        "nauc_map_at_100_diff1": 0.874375,
        "nauc_map_at_1000_max": 0.692625,
        "nauc_map_at_1000_std": 0.009841,
        "nauc_map_at_1000_diff1": 0.874411,
        "nauc_recall_at_1_max": 0.68976,
        "nauc_recall_at_1_std": 0.018809,
        "nauc_recall_at_1_diff1": 0.883682,
        "nauc_recall_at_3_max": 0.70247,
        "nauc_recall_at_3_std": 0.016459,
        "nauc_recall_at_3_diff1": 0.857546,
        "nauc_recall_at_5_max": 0.713338,
        "nauc_recall_at_5_std": 0.056046,
        "nauc_recall_at_5_diff1": 0.840032,
        "nauc_recall_at_10_max": 0.711663,
        "nauc_recall_at_10_std": 0.027889,
        "nauc_recall_at_10_diff1": 0.808949,
        "nauc_recall_at_20_max": 0.712597,
        "nauc_recall_at_20_std": -0.021917,
        "nauc_recall_at_20_diff1": 0.785014,
        "nauc_recall_at_100_max": 0.689053,
        "nauc_recall_at_100_std": 0.044384,
        "nauc_recall_at_100_diff1": 0.851259,
        "nauc_recall_at_1000_max": NaN,
        "nauc_recall_at_1000_std": NaN,
        "nauc_recall_at_1000_diff1": NaN,
        "nauc_precision_at_1_max": 0.68976,
        "nauc_precision_at_1_std": 0.018809,
        "nauc_precision_at_1_diff1": 0.883682,
        "nauc_precision_at_3_max": 0.70247,
        "nauc_precision_at_3_std": 0.016459,
        "nauc_precision_at_3_diff1": 0.857546,
        "nauc_precision_at_5_max": 0.713338,
        "nauc_precision_at_5_std": 0.056046,
        "nauc_precision_at_5_diff1": 0.840032,
        "nauc_precision_at_10_max": 0.711663,
        "nauc_precision_at_10_std": 0.027889,
        "nauc_precision_at_10_diff1": 0.808949,
        "nauc_precision_at_20_max": 0.712597,
        "nauc_precision_at_20_std": -0.021917,
        "nauc_precision_at_20_diff1": 0.785014,
        "nauc_precision_at_100_max": 0.689053,
        "nauc_precision_at_100_std": 0.044384,
        "nauc_precision_at_100_diff1": 0.851259,
        "nauc_precision_at_1000_max": 1.0,
        "nauc_precision_at_1000_std": 1.0,
        "nauc_precision_at_1000_diff1": 1.0,
        "nauc_mrr_at_1_max": 0.68976,
        "nauc_mrr_at_1_std": 0.018809,
        "nauc_mrr_at_1_diff1": 0.883682,
        "nauc_mrr_at_3_max": 0.692446,
        "nauc_mrr_at_3_std": 0.009813,
        "nauc_mrr_at_3_diff1": 0.876059,
        "nauc_mrr_at_5_max": 0.693926,
        "nauc_mrr_at_5_std": 0.014134,
        "nauc_mrr_at_5_diff1": 0.874328,
        "nauc_mrr_at_10_max": 0.693258,
        "nauc_mrr_at_10_std": 0.011323,
        "nauc_mrr_at_10_diff1": 0.873585,
        "nauc_mrr_at_20_max": 0.693019,
        "nauc_mrr_at_20_std": 0.00974,
        "nauc_mrr_at_20_diff1": 0.873668,
        "nauc_mrr_at_100_max": 0.692601,
        "nauc_mrr_at_100_std": 0.009772,
        "nauc_mrr_at_100_diff1": 0.874375,
        "nauc_mrr_at_1000_max": 0.692625,
        "nauc_mrr_at_1000_std": 0.009841,
        "nauc_mrr_at_1000_diff1": 0.874411,
        "main_score": 0.85257,
        "hf_subset": "default",
        "languages": [
          "eng-Latn"
        ]
      }
    ]
  },
  "evaluation_time": 0.26161813735961914,
  "kg_co2_emissions": null
}