{
  "dataset_revision": "e0144086b45fe31ac125e9ac1a83b6a409bb6ca6",
  "task_name": "News21InstructionRetrieval",
  "mteb_version": "1.34.4",
  "scores": {
    "test": [
      {
        "p-MRR": 0.009033,
        "individual": {
          "original": {
            "ndcg_at_1": 0.125,
            "ndcg_at_3": 0.11785,
            "ndcg_at_5": 0.13396,
            "ndcg_at_10": 0.14344,
            "ndcg_at_20": 0.16965,
            "ndcg_at_100": 0.25004,
            "ndcg_at_1000": 0.3782,
            "map_at_1": 0.02006,
            "map_at_3": 0.0336,
            "map_at_5": 0.04689,
            "map_at_10": 0.05949,
            "map_at_20": 0.07036,
            "map_at_100": 0.09512,
            "map_at_1000": 0.1165,
            "recall_at_1": 0.02006,
            "recall_at_3": 0.04278,
            "recall_at_5": 0.07607,
            "recall_at_10": 0.12848,
            "recall_at_20": 0.19561,
            "recall_at_100": 0.45713,
            "recall_at_1000": 1.0,
            "precision_at_1": 0.21875,
            "precision_at_3": 0.17708,
            "precision_at_5": 0.19375,
            "precision_at_10": 0.15,
            "precision_at_20": 0.11406,
            "precision_at_100": 0.06094,
            "precision_at_1000": 0.01634,
            "naucs_at_1_max": 0.183347,
            "naucs_at_1_std": -0.088891,
            "naucs_at_1_diff1": -0.264517,
            "naucs_at_3_max": 0.085841,
            "naucs_at_3_std": -0.028019,
            "naucs_at_3_diff1": -0.196704,
            "naucs_at_5_max": 0.112446,
            "naucs_at_5_std": -0.086326,
            "naucs_at_5_diff1": -0.177939,
            "naucs_at_10_max": 0.088382,
            "naucs_at_10_std": -0.088276,
            "naucs_at_10_diff1": -0.162501,
            "naucs_at_20_max": 0.095515,
            "naucs_at_20_std": -0.078672,
            "naucs_at_20_diff1": -0.154385,
            "naucs_at_100_max": 0.098103,
            "naucs_at_100_std": -0.077734,
            "naucs_at_100_diff1": -0.164558,
            "naucs_at_1000_max": 0.098103,
            "naucs_at_1000_std": -0.077734,
            "naucs_at_1000_diff1": -0.164558,
            "mrr_at_1": 0.21875,
            "mrr_at_3": 0.317708,
            "mrr_at_5": 0.339583,
            "mrr_at_10": 0.350087,
            "mrr_at_20": 0.363689,
            "mrr_at_100": 0.368912,
            "mrr_at_1000": 0.368912
          },
          "changed": {
            "ndcg_at_1": 0.27344,
            "ndcg_at_3": 0.26675,
            "ndcg_at_5": 0.25966,
            "ndcg_at_10": 0.23498,
            "ndcg_at_20": 0.25197,
            "ndcg_at_100": 0.33277,
            "ndcg_at_1000": 0.51247,
            "map_at_1": 0.01874,
            "map_at_3": 0.04613,
            "map_at_5": 0.0608,
            "map_at_10": 0.08151,
            "map_at_20": 0.10178,
            "map_at_100": 0.1516,
            "map_at_1000": 0.2009,
            "recall_at_1": 0.01874,
            "recall_at_3": 0.05142,
            "recall_at_5": 0.07222,
            "recall_at_10": 0.11323,
            "recall_at_20": 0.17176,
            "recall_at_100": 0.40396,
            "recall_at_1000": 1.0,
            "precision_at_1": 0.53125,
            "precision_at_3": 0.48958,
            "precision_at_5": 0.4375,
            "precision_at_10": 0.3375,
            "precision_at_20": 0.2625,
            "precision_at_100": 0.13937,
            "precision_at_1000": 0.03725,
            "naucs_at_1_max": -0.052473,
            "naucs_at_1_std": 0.20825,
            "naucs_at_1_diff1": -0.213599,
            "naucs_at_3_max": -0.046453,
            "naucs_at_3_std": 0.2827,
            "naucs_at_3_diff1": -0.060158,
            "naucs_at_5_max": -0.032513,
            "naucs_at_5_std": 0.238607,
            "naucs_at_5_diff1": -0.085332,
            "naucs_at_10_max": -0.032542,
            "naucs_at_10_std": 0.227085,
            "naucs_at_10_diff1": -0.081387,
            "naucs_at_20_max": -0.031321,
            "naucs_at_20_std": 0.239632,
            "naucs_at_20_diff1": -0.088619,
            "naucs_at_100_max": -0.033243,
            "naucs_at_100_std": 0.238961,
            "naucs_at_100_diff1": -0.090354,
            "naucs_at_1000_max": -0.033243,
            "naucs_at_1000_std": 0.238961,
            "naucs_at_1000_diff1": -0.090354,
            "mrr_at_1": 0.53125,
            "mrr_at_3": 0.645833,
            "mrr_at_5": 0.669271,
            "mrr_at_10": 0.675868,
            "mrr_at_20": 0.6781,
            "mrr_at_100": 0.67863,
            "mrr_at_1000": 0.67863
          }
        },
        "main_score": 0.009033,
        "hf_subset": "default",
        "languages": [
          "eng-Latn"
        ]
      }
    ]
  },
  "evaluation_time": 47.10371994972229,
  "kg_co2_emissions": null
}