{
  "dataset_revision": "3d3d27aa7af8941408cefc3991ada5d12a4273d1",
  "task_name": "SNLHierarchicalClusteringP2P",
  "mteb_version": "1.34.4",
  "scores": {
    "test": [
      {
        "v_measures": {
          "Level 0": [
            0.307538,
            0.310341,
            0.258918,
            0.296182,
            0.281539,
            0.267955,
            0.284498,
            0.288532,
            0.293819,
            0.289847
          ],
          "Level 1": [
            0.533427,
            0.535932,
            0.521421,
            0.523641,
            0.534784,
            0.545621,
            0.543361,
            0.524874,
            0.509278,
            0.534456
          ],
          "Level 2": [
            0.635498,
            0.632531,
            0.647471,
            0.644311,
            0.637957,
            0.649307,
            0.646231,
            0.652058,
            0.643373,
            0.64354
          ],
          "Level 3": [
            0.691867,
            0.689957,
            0.683861,
            0.692647,
            0.694348,
            0.690565,
            0.695712,
            0.689428,
            0.687165,
            0.689587
          ],
          "Level 4": [
            0.377297,
            0.371224,
            0.377436,
            0.373072,
            0.35219,
            0.376695,
            0.37044,
            0.365494,
            0.365505,
            0.374719
          ]
        },
        "v_measure": 0.504549,
        "v_measure_std": 0.154827,
        "main_score": 0.504549,
        "hf_subset": "default",
        "languages": [
          "nob-Latn"
        ]
      }
    ]
  },
  "evaluation_time": 8.853225946426392,
  "kg_co2_emissions": null
}