{
  "dataset_revision": "a0d554a64d88156834ff5ae9920b964011b16384",
  "task_name": "STS12",
  "mteb_version": "1.34.4",
  "scores": {
    "test": [
      {
        "pearson": 0.638692,
        "spearman": 0.610982,
        "cosine_pearson": 0.638692,
        "cosine_spearman": 0.610982,
        "manhattan_pearson": 0.651575,
        "manhattan_spearman": 0.625647,
        "euclidean_pearson": 0.626644,
        "euclidean_spearman": 0.610983,
        "main_score": 0.610982,
        "hf_subset": "default",
        "languages": [
          "eng-Latn"
        ]
      }
    ]
  },
  "evaluation_time": 0.23630189895629883,
  "kg_co2_emissions": null
}