{
  "dataset_revision": "76631901a18387f85eaa53e5450019b87ad58ef9",
  "task_name": "T2Reranking",
  "mteb_version": "1.34.4",
  "scores": {
    "dev": [
      {
        "map": 0.640711,
        "mrr": 0.739169,
        "nAUC_map_max": 0.035801,
        "nAUC_map_std": -0.128574,
        "nAUC_map_diff1": -0.045892,
        "nAUC_mrr_max": 0.03646,
        "nAUC_mrr_std": -0.121171,
        "nAUC_mrr_diff1": -0.059535,
        "main_score": 0.640711,
        "hf_subset": "default",
        "languages": [
          "cmn-Hans"
        ]
      }
    ]
  },
  "evaluation_time": 437.36745405197144,
  "kg_co2_emissions": null
}