{
  "dataset_revision": "e25c91bc31859606507a968559ab1de0f472d007",
  "task_name": "VoyageMMarcoReranking",
  "mteb_version": "1.34.4",
  "scores": {
    "test": [
      {
        "map": 0.278678,
        "mrr": 0.261008,
        "nAUC_map_max": 0.101194,
        "nAUC_map_std": 0.013103,
        "nAUC_map_diff1": 0.1661,
        "nAUC_mrr_max": 0.088106,
        "nAUC_mrr_std": 0.020949,
        "nAUC_mrr_diff1": 0.154804,
        "main_score": 0.278678,
        "hf_subset": "default",
        "languages": [
          "jpn-Jpan"
        ]
      }
    ]
  },
  "evaluation_time": 263.32888197898865,
  "kg_co2_emissions": null
}