{
  "dataset_revision": "c22ab2a51041ffd869aaddef7af8d8215647e41a",
  "task_name": "ArguAna",
  "mteb_version": "1.34.4",
  "scores": {
    "test": [
      {
        "ndcg_at_1": 0.01636,
        "ndcg_at_3": 0.02717,
        "ndcg_at_5": 0.03084,
        "ndcg_at_10": 0.03694,
        "ndcg_at_20": 0.04343,
        "ndcg_at_100": 0.05613,
        "ndcg_at_1000": 0.07672,
        "map_at_1": 0.01636,
        "map_at_3": 0.0243,
        "map_at_5": 0.02626,
        "map_at_10": 0.0287,
        "map_at_20": 0.0305,
        "map_at_100": 0.03217,
        "map_at_1000": 0.03275,
        "recall_at_1": 0.01636,
        "recall_at_3": 0.03556,
        "recall_at_5": 0.04481,
        "recall_at_10": 0.06401,
        "recall_at_20": 0.08962,
        "recall_at_100": 0.15932,
        "recall_at_1000": 0.33286,
        "precision_at_1": 0.01636,
        "precision_at_3": 0.01185,
        "precision_at_5": 0.00896,
        "precision_at_10": 0.0064,
        "precision_at_20": 0.00448,
        "precision_at_100": 0.00159,
        "precision_at_1000": 0.00033,
        "mrr_at_1": 0.016358,
        "mrr_at_3": 0.024182,
        "mrr_at_5": 0.026209,
        "mrr_at_10": 0.028851,
        "mrr_at_20": 0.030579,
        "mrr_at_100": 0.03225,
        "mrr_at_1000": 0.03283,
        "nauc_ndcg_at_1_max": -0.215238,
        "nauc_ndcg_at_1_std": 0.42603,
        "nauc_ndcg_at_1_diff1": 0.646519,
        "nauc_ndcg_at_3_max": -0.221491,
        "nauc_ndcg_at_3_std": 0.437641,
        "nauc_ndcg_at_3_diff1": 0.524027,
        "nauc_ndcg_at_5_max": -0.222447,
        "nauc_ndcg_at_5_std": 0.439396,
        "nauc_ndcg_at_5_diff1": 0.521433,
        "nauc_ndcg_at_10_max": -0.223118,
        "nauc_ndcg_at_10_std": 0.422266,
        "nauc_ndcg_at_10_diff1": 0.498416,
        "nauc_ndcg_at_20_max": -0.197157,
        "nauc_ndcg_at_20_std": 0.40668,
        "nauc_ndcg_at_20_diff1": 0.469109,
        "nauc_ndcg_at_100_max": -0.222399,
        "nauc_ndcg_at_100_std": 0.429478,
        "nauc_ndcg_at_100_diff1": 0.445973,
        "nauc_ndcg_at_1000_max": -0.187346,
        "nauc_ndcg_at_1000_std": 0.390206,
        "nauc_ndcg_at_1000_diff1": 0.375024,
        "nauc_map_at_1_max": -0.215238,
        "nauc_map_at_1_std": 0.42603,
        "nauc_map_at_1_diff1": 0.646519,
        "nauc_map_at_3_max": -0.220431,
        "nauc_map_at_3_std": 0.435214,
        "nauc_map_at_3_diff1": 0.541501,
        "nauc_map_at_5_max": -0.221329,
        "nauc_map_at_5_std": 0.436793,
        "nauc_map_at_5_diff1": 0.538764,
        "nauc_map_at_10_max": -0.222092,
        "nauc_map_at_10_std": 0.428798,
        "nauc_map_at_10_diff1": 0.526166,
        "nauc_map_at_20_max": -0.211365,
        "nauc_map_at_20_std": 0.422559,
        "nauc_map_at_20_diff1": 0.513368,
        "nauc_map_at_100_max": -0.21623,
        "nauc_map_at_100_std": 0.426264,
        "nauc_map_at_100_diff1": 0.506513,
        "nauc_map_at_1000_max": -0.214791,
        "nauc_map_at_1000_std": 0.424833,
        "nauc_map_at_1000_diff1": 0.50205,
        "nauc_recall_at_1_max": -0.215238,
        "nauc_recall_at_1_std": 0.42603,
        "nauc_recall_at_1_diff1": 0.646519,
        "nauc_recall_at_3_max": -0.223592,
        "nauc_recall_at_3_std": 0.442581,
        "nauc_recall_at_3_diff1": 0.490248,
        "nauc_recall_at_5_max": -0.224282,
        "nauc_recall_at_5_std": 0.443877,
        "nauc_recall_at_5_diff1": 0.492263,
        "nauc_recall_at_10_max": -0.224232,
        "nauc_recall_at_10_std": 0.409863,
        "nauc_recall_at_10_diff1": 0.457276,
        "nauc_recall_at_20_max": -0.17567,
        "nauc_recall_at_20_std": 0.382864,
        "nauc_recall_at_20_diff1": 0.4119,
        "nauc_recall_at_100_max": -0.23588,
        "nauc_recall_at_100_std": 0.441032,
        "nauc_recall_at_100_diff1": 0.384276,
        "nauc_recall_at_1000_max": -0.140139,
        "nauc_recall_at_1000_std": 0.332528,
        "nauc_recall_at_1000_diff1": 0.226342,
        "nauc_precision_at_1_max": -0.215238,
        "nauc_precision_at_1_std": 0.42603,
        "nauc_precision_at_1_diff1": 0.646519,
        "nauc_precision_at_3_max": -0.223592,
        "nauc_precision_at_3_std": 0.442581,
        "nauc_precision_at_3_diff1": 0.490248,
        "nauc_precision_at_5_max": -0.224282,
        "nauc_precision_at_5_std": 0.443877,
        "nauc_precision_at_5_diff1": 0.492263,
        "nauc_precision_at_10_max": -0.224232,
        "nauc_precision_at_10_std": 0.409863,
        "nauc_precision_at_10_diff1": 0.457276,
        "nauc_precision_at_20_max": -0.17567,
        "nauc_precision_at_20_std": 0.382864,
        "nauc_precision_at_20_diff1": 0.4119,
        "nauc_precision_at_100_max": -0.23588,
        "nauc_precision_at_100_std": 0.441032,
        "nauc_precision_at_100_diff1": 0.384276,
        "nauc_precision_at_1000_max": -0.140139,
        "nauc_precision_at_1000_std": 0.332528,
        "nauc_precision_at_1000_diff1": 0.226342,
        "nauc_mrr_at_1_max": -0.215238,
        "nauc_mrr_at_1_std": 0.42603,
        "nauc_mrr_at_1_diff1": 0.646519,
        "nauc_mrr_at_3_max": -0.230459,
        "nauc_mrr_at_3_std": 0.435759,
        "nauc_mrr_at_3_diff1": 0.5376,
        "nauc_mrr_at_5_max": -0.23148,
        "nauc_mrr_at_5_std": 0.435618,
        "nauc_mrr_at_5_diff1": 0.535487,
        "nauc_mrr_at_10_max": -0.223871,
        "nauc_mrr_at_10_std": 0.42692,
        "nauc_mrr_at_10_diff1": 0.52373,
        "nauc_mrr_at_20_max": -0.21587,
        "nauc_mrr_at_20_std": 0.422257,
        "nauc_mrr_at_20_diff1": 0.51171,
        "nauc_mrr_at_100_max": -0.220624,
        "nauc_mrr_at_100_std": 0.425967,
        "nauc_mrr_at_100_diff1": 0.504913,
        "nauc_mrr_at_1000_max": -0.219153,
        "nauc_mrr_at_1000_std": 0.424542,
        "nauc_mrr_at_1000_diff1": 0.500473,
        "main_score": 0.03694,
        "hf_subset": "default",
        "languages": [
          "eng-Latn"
        ]
      }
    ]
  },
  "evaluation_time": 6.926809072494507,
  "kg_co2_emissions": null
}