{
  "dataset_revision": "e39ff896cf3efbbdeeb950e6bd7c79f266995b07",
  "task_name": "Core17InstructionRetrieval",
  "mteb_version": "1.34.4",
  "scores": {
    "test": [
      {
        "p-MRR": -0.011396,
        "individual": {
          "original": {
            "ndcg_at_1": 0.025,
            "ndcg_at_3": 0.0176,
            "ndcg_at_5": 0.03272,
            "ndcg_at_10": 0.02731,
            "ndcg_at_20": 0.02941,
            "ndcg_at_100": 0.07306,
            "ndcg_at_1000": 0.37068,
            "map_at_1": 0.00091,
            "map_at_3": 0.00139,
            "map_at_5": 0.00259,
            "map_at_10": 0.00299,
            "map_at_20": 0.00402,
            "map_at_100": 0.01054,
            "map_at_1000": 0.04428,
            "recall_at_1": 0.00091,
            "recall_at_3": 0.00234,
            "recall_at_5": 0.00764,
            "recall_at_10": 0.01028,
            "recall_at_20": 0.01804,
            "recall_at_100": 0.12093,
            "recall_at_1000": 1.0,
            "precision_at_1": 0.05,
            "precision_at_3": 0.03333,
            "precision_at_5": 0.06,
            "precision_at_10": 0.04,
            "precision_at_20": 0.035,
            "precision_at_100": 0.037,
            "precision_at_1000": 0.0327,
            "naucs_at_1_max": -0.205796,
            "naucs_at_1_std": -0.318487,
            "naucs_at_1_diff1": -0.318487,
            "naucs_at_3_max": 0.095653,
            "naucs_at_3_std": -0.256507,
            "naucs_at_3_diff1": -0.363764,
            "naucs_at_5_max": -0.050731,
            "naucs_at_5_std": -0.153488,
            "naucs_at_5_diff1": -0.323592,
            "naucs_at_10_max": -0.087815,
            "naucs_at_10_std": -0.084505,
            "naucs_at_10_diff1": -0.250002,
            "naucs_at_20_max": -0.097723,
            "naucs_at_20_std": -0.054169,
            "naucs_at_20_diff1": -0.23034,
            "naucs_at_100_max": -0.101529,
            "naucs_at_100_std": -0.084569,
            "naucs_at_100_diff1": -0.235735,
            "naucs_at_1000_max": -0.101529,
            "naucs_at_1000_std": -0.084569,
            "naucs_at_1000_diff1": -0.235735,
            "mrr_at_1": 0.05,
            "mrr_at_3": 0.066667,
            "mrr_at_5": 0.111667,
            "mrr_at_10": 0.127143,
            "mrr_at_20": 0.129921,
            "mrr_at_100": 0.14117,
            "mrr_at_1000": 0.14117
          },
          "changed": {
            "ndcg_at_1": 0.025,
            "ndcg_at_3": 0.05154,
            "ndcg_at_5": 0.04941,
            "ndcg_at_10": 0.05271,
            "ndcg_at_20": 0.05498,
            "ndcg_at_100": 0.09306,
            "ndcg_at_1000": 0.44584,
            "map_at_1": 0.0007,
            "map_at_3": 0.00228,
            "map_at_5": 0.00297,
            "map_at_10": 0.00509,
            "map_at_20": 0.00784,
            "map_at_100": 0.0189,
            "map_at_1000": 0.07271,
            "recall_at_1": 0.0007,
            "recall_at_3": 0.00385,
            "recall_at_5": 0.00626,
            "recall_at_10": 0.01818,
            "recall_at_20": 0.03648,
            "recall_at_100": 0.13262,
            "recall_at_1000": 1.0,
            "precision_at_1": 0.05,
            "precision_at_3": 0.08333,
            "precision_at_5": 0.08,
            "precision_at_10": 0.075,
            "precision_at_20": 0.0675,
            "precision_at_100": 0.066,
            "precision_at_1000": 0.0545,
            "naucs_at_1_max": -0.070566,
            "naucs_at_1_std": 0.098471,
            "naucs_at_1_diff1": -0.574725,
            "naucs_at_3_max": 0.188238,
            "naucs_at_3_std": -0.061228,
            "naucs_at_3_diff1": -0.366712,
            "naucs_at_5_max": 0.20855,
            "naucs_at_5_std": -0.0261,
            "naucs_at_5_diff1": -0.370273,
            "naucs_at_10_max": 0.119632,
            "naucs_at_10_std": 0.048492,
            "naucs_at_10_diff1": -0.348943,
            "naucs_at_20_max": 0.101301,
            "naucs_at_20_std": 0.047012,
            "naucs_at_20_diff1": -0.350471,
            "naucs_at_100_max": 0.118505,
            "naucs_at_100_std": 0.033753,
            "naucs_at_100_diff1": -0.363605,
            "naucs_at_1000_max": 0.118505,
            "naucs_at_1000_std": 0.033753,
            "naucs_at_1000_diff1": -0.363605,
            "mrr_at_1": 0.05,
            "mrr_at_3": 0.116667,
            "mrr_at_5": 0.136667,
            "mrr_at_10": 0.168056,
            "mrr_at_20": 0.177252,
            "mrr_at_100": 0.183156,
            "mrr_at_1000": 0.183156
          }
        },
        "main_score": -0.011396,
        "hf_subset": "default",
        "languages": [
          "eng-Latn"
        ]
      }
    ]
  },
  "evaluation_time": 50.75578689575195,
  "kg_co2_emissions": null
}