{
  "dataset_revision": "f69691c650464e62546d7f2a4536f8f87c891e38",
  "task_name": "LegalBenchCorporateLobbying",
  "mteb_version": "1.34.4",
  "scores": {
    "test": [
      {
        "ndcg_at_1": 0.07941,
        "ndcg_at_3": 0.13155,
        "ndcg_at_5": 0.14851,
        "ndcg_at_10": 0.17242,
        "ndcg_at_20": 0.18349,
        "ndcg_at_100": 0.23323,
        "ndcg_at_1000": 0.28545,
        "map_at_1": 0.07941,
        "map_at_3": 0.11814,
        "map_at_5": 0.12755,
        "map_at_10": 0.13749,
        "map_at_20": 0.14049,
        "map_at_100": 0.14681,
        "map_at_1000": 0.14899,
        "recall_at_1": 0.07941,
        "recall_at_3": 0.17059,
        "recall_at_5": 0.21176,
        "recall_at_10": 0.28529,
        "recall_at_20": 0.32941,
        "recall_at_100": 0.60588,
        "recall_at_1000": 1.0,
        "precision_at_1": 0.07941,
        "precision_at_3": 0.05686,
        "precision_at_5": 0.04235,
        "precision_at_10": 0.02853,
        "precision_at_20": 0.01647,
        "precision_at_100": 0.00606,
        "precision_at_1000": 0.001,
        "mrr_at_1": 0.079412,
        "mrr_at_3": 0.118137,
        "mrr_at_5": 0.127549,
        "mrr_at_10": 0.137492,
        "mrr_at_20": 0.14049,
        "mrr_at_100": 0.146808,
        "mrr_at_1000": 0.148987,
        "nauc_ndcg_at_1_max": -0.307218,
        "nauc_ndcg_at_1_std": -0.16053,
        "nauc_ndcg_at_1_diff1": 0.645341,
        "nauc_ndcg_at_3_max": -0.26621,
        "nauc_ndcg_at_3_std": -0.200461,
        "nauc_ndcg_at_3_diff1": 0.4966,
        "nauc_ndcg_at_5_max": -0.268245,
        "nauc_ndcg_at_5_std": -0.178118,
        "nauc_ndcg_at_5_diff1": 0.475182,
        "nauc_ndcg_at_10_max": -0.281954,
        "nauc_ndcg_at_10_std": -0.199874,
        "nauc_ndcg_at_10_diff1": 0.445263,
        "nauc_ndcg_at_20_max": -0.288672,
        "nauc_ndcg_at_20_std": -0.218326,
        "nauc_ndcg_at_20_diff1": 0.451569,
        "nauc_ndcg_at_100_max": -0.260658,
        "nauc_ndcg_at_100_std": -0.195323,
        "nauc_ndcg_at_100_diff1": 0.427471,
        "nauc_ndcg_at_1000_max": -0.26772,
        "nauc_ndcg_at_1000_std": -0.189878,
        "nauc_ndcg_at_1000_diff1": 0.460624,
        "nauc_map_at_1_max": -0.307218,
        "nauc_map_at_1_std": -0.16053,
        "nauc_map_at_1_diff1": 0.645341,
        "nauc_map_at_3_max": -0.267795,
        "nauc_map_at_3_std": -0.188519,
        "nauc_map_at_3_diff1": 0.525357,
        "nauc_map_at_5_max": -0.268508,
        "nauc_map_at_5_std": -0.175206,
        "nauc_map_at_5_diff1": 0.510354,
        "nauc_map_at_10_max": -0.276123,
        "nauc_map_at_10_std": -0.185774,
        "nauc_map_at_10_diff1": 0.494908,
        "nauc_map_at_20_max": -0.277849,
        "nauc_map_at_20_std": -0.19142,
        "nauc_map_at_20_diff1": 0.496229,
        "nauc_map_at_100_max": -0.270984,
        "nauc_map_at_100_std": -0.184752,
        "nauc_map_at_100_diff1": 0.491961,
        "nauc_map_at_1000_max": -0.27139,
        "nauc_map_at_1000_std": -0.184469,
        "nauc_map_at_1000_diff1": 0.493673,
        "nauc_recall_at_1_max": -0.307218,
        "nauc_recall_at_1_std": -0.16053,
        "nauc_recall_at_1_diff1": 0.645341,
        "nauc_recall_at_3_max": -0.264551,
        "nauc_recall_at_3_std": -0.227445,
        "nauc_recall_at_3_diff1": 0.434452,
        "nauc_recall_at_5_max": -0.269835,
        "nauc_recall_at_5_std": -0.182788,
        "nauc_recall_at_5_diff1": 0.404593,
        "nauc_recall_at_10_max": -0.295982,
        "nauc_recall_at_10_std": -0.229073,
        "nauc_recall_at_10_diff1": 0.34913,
        "nauc_recall_at_20_max": -0.315675,
        "nauc_recall_at_20_std": -0.279463,
        "nauc_recall_at_20_diff1": 0.371929,
        "nauc_recall_at_100_max": -0.228901,
        "nauc_recall_at_100_std": -0.221465,
        "nauc_recall_at_100_diff1": 0.268677,
        "nauc_recall_at_1000_max": NaN,
        "nauc_recall_at_1000_std": NaN,
        "nauc_recall_at_1000_diff1": NaN,
        "nauc_precision_at_1_max": -0.307218,
        "nauc_precision_at_1_std": -0.16053,
        "nauc_precision_at_1_diff1": 0.645341,
        "nauc_precision_at_3_max": -0.264551,
        "nauc_precision_at_3_std": -0.227445,
        "nauc_precision_at_3_diff1": 0.434452,
        "nauc_precision_at_5_max": -0.269835,
        "nauc_precision_at_5_std": -0.182788,
        "nauc_precision_at_5_diff1": 0.404593,
        "nauc_precision_at_10_max": -0.295982,
        "nauc_precision_at_10_std": -0.229073,
        "nauc_precision_at_10_diff1": 0.34913,
        "nauc_precision_at_20_max": -0.315675,
        "nauc_precision_at_20_std": -0.279463,
        "nauc_precision_at_20_diff1": 0.371929,
        "nauc_precision_at_100_max": -0.228901,
        "nauc_precision_at_100_std": -0.221465,
        "nauc_precision_at_100_diff1": 0.268677,
        "nauc_precision_at_1000_max": 1.0,
        "nauc_precision_at_1000_std": 1.0,
        "nauc_precision_at_1000_diff1": 1.0,
        "nauc_mrr_at_1_max": -0.307218,
        "nauc_mrr_at_1_std": -0.16053,
        "nauc_mrr_at_1_diff1": 0.645341,
        "nauc_mrr_at_3_max": -0.267795,
        "nauc_mrr_at_3_std": -0.188519,
        "nauc_mrr_at_3_diff1": 0.525357,
        "nauc_mrr_at_5_max": -0.268508,
        "nauc_mrr_at_5_std": -0.175206,
        "nauc_mrr_at_5_diff1": 0.510354,
        "nauc_mrr_at_10_max": -0.276123,
        "nauc_mrr_at_10_std": -0.185774,
        "nauc_mrr_at_10_diff1": 0.494908,
        "nauc_mrr_at_20_max": -0.277849,
        "nauc_mrr_at_20_std": -0.19142,
        "nauc_mrr_at_20_diff1": 0.496229,
        "nauc_mrr_at_100_max": -0.270981,
        "nauc_mrr_at_100_std": -0.184749,
        "nauc_mrr_at_100_diff1": 0.491961,
        "nauc_mrr_at_1000_max": -0.271387,
        "nauc_mrr_at_1000_std": -0.184466,
        "nauc_mrr_at_1000_diff1": 0.493673,
        "main_score": 0.17242,
        "hf_subset": "default",
        "languages": [
          "eng-Latn"
        ]
      }
    ]
  },
  "evaluation_time": 0.3397648334503174,
  "kg_co2_emissions": null
}