{
  "dataset_revision": "e0144086b45fe31ac125e9ac1a83b6a409bb6ca6",
  "task_name": "News21InstructionRetrieval",
  "mteb_version": "1.34.4",
  "scores": {
    "test": [
      {
        "p-MRR": -0.002206,
        "individual": {
          "original": {
            "ndcg_at_1": 0.0,
            "ndcg_at_3": 0.01312,
            "ndcg_at_5": 0.01746,
            "ndcg_at_10": 0.03403,
            "ndcg_at_20": 0.04963,
            "ndcg_at_100": 0.09688,
            "ndcg_at_1000": 0.26676,
            "map_at_1": 0.0,
            "map_at_3": 0.00263,
            "map_at_5": 0.00769,
            "map_at_10": 0.01495,
            "map_at_20": 0.02103,
            "map_at_100": 0.03349,
            "map_at_1000": 0.05158,
            "recall_at_1": 0.0,
            "recall_at_3": 0.00655,
            "recall_at_5": 0.01576,
            "recall_at_10": 0.0374,
            "recall_at_20": 0.06125,
            "recall_at_100": 0.19594,
            "recall_at_1000": 1.0,
            "precision_at_1": 0.0,
            "precision_at_3": 0.03125,
            "precision_at_5": 0.04375,
            "precision_at_10": 0.05625,
            "precision_at_20": 0.05469,
            "precision_at_100": 0.03594,
            "precision_at_1000": 0.01634,
            "naucs_at_1_max": NaN,
            "naucs_at_1_std": NaN,
            "naucs_at_1_diff1": NaN,
            "naucs_at_3_max": -0.315159,
            "naucs_at_3_std": -0.168432,
            "naucs_at_3_diff1": 0.469121,
            "naucs_at_5_max": -0.315159,
            "naucs_at_5_std": -0.168432,
            "naucs_at_5_diff1": 0.469121,
            "naucs_at_10_max": -0.202427,
            "naucs_at_10_std": -0.1383,
            "naucs_at_10_diff1": 0.354144,
            "naucs_at_20_max": -0.158725,
            "naucs_at_20_std": -0.056725,
            "naucs_at_20_diff1": 0.311324,
            "naucs_at_100_max": -0.192439,
            "naucs_at_100_std": -0.068551,
            "naucs_at_100_diff1": 0.329342,
            "naucs_at_1000_max": -0.19124,
            "naucs_at_1000_std": -0.070079,
            "naucs_at_1000_diff1": 0.334205,
            "mrr_at_1": 0.0,
            "mrr_at_3": 0.041667,
            "mrr_at_5": 0.041667,
            "mrr_at_10": 0.05754,
            "mrr_at_20": 0.066412,
            "mrr_at_100": 0.077288,
            "mrr_at_1000": 0.078264
          },
          "changed": {
            "ndcg_at_1": 0.08594,
            "ndcg_at_3": 0.08417,
            "ndcg_at_5": 0.07866,
            "ndcg_at_10": 0.08185,
            "ndcg_at_20": 0.09588,
            "ndcg_at_100": 0.15031,
            "ndcg_at_1000": 0.38368,
            "map_at_1": 0.0036,
            "map_at_3": 0.01096,
            "map_at_5": 0.01366,
            "map_at_10": 0.02341,
            "map_at_20": 0.03755,
            "map_at_100": 0.06137,
            "map_at_1000": 0.10388,
            "recall_at_1": 0.0036,
            "recall_at_3": 0.01325,
            "recall_at_5": 0.01989,
            "recall_at_10": 0.04135,
            "recall_at_20": 0.08183,
            "recall_at_100": 0.21391,
            "recall_at_1000": 1.0,
            "precision_at_1": 0.125,
            "precision_at_3": 0.14583,
            "precision_at_5": 0.125,
            "precision_at_10": 0.13437,
            "precision_at_20": 0.14062,
            "precision_at_100": 0.085,
            "precision_at_1000": 0.03725,
            "naucs_at_1_max": -0.042142,
            "naucs_at_1_std": -0.244115,
            "naucs_at_1_diff1": 0.393624,
            "naucs_at_3_max": -0.141316,
            "naucs_at_3_std": -0.203457,
            "naucs_at_3_diff1": 0.406567,
            "naucs_at_5_max": -0.154523,
            "naucs_at_5_std": -0.199545,
            "naucs_at_5_diff1": 0.355046,
            "naucs_at_10_max": -0.116683,
            "naucs_at_10_std": -0.171036,
            "naucs_at_10_diff1": 0.334714,
            "naucs_at_20_max": -0.098831,
            "naucs_at_20_std": -0.148971,
            "naucs_at_20_diff1": 0.321621,
            "naucs_at_100_max": -0.110188,
            "naucs_at_100_std": -0.157525,
            "naucs_at_100_diff1": 0.335689,
            "naucs_at_1000_max": -0.110839,
            "naucs_at_1000_std": -0.158531,
            "naucs_at_1000_diff1": 0.336138,
            "mrr_at_1": 0.125,
            "mrr_at_3": 0.171875,
            "mrr_at_5": 0.2,
            "mrr_at_10": 0.220176,
            "mrr_at_20": 0.232782,
            "mrr_at_100": 0.238704,
            "mrr_at_1000": 0.23903
          }
        },
        "main_score": -0.002206,
        "hf_subset": "default",
        "languages": [
          "eng-Latn"
        ]
      }
    ]
  },
  "evaluation_time": 89.4335880279541,
  "kg_co2_emissions": null
}