{
  "dataset_revision": "3d3d27aa7af8941408cefc3991ada5d12a4273d1",
  "task_name": "SNLHierarchicalClusteringP2P",
  "mteb_version": "1.34.4",
  "scores": {
    "test": [
      {
        "v_measures": {
          "Level 0": [
            0.090407,
            0.083559,
            0.087845,
            0.087557,
            0.080682,
            0.096573,
            0.09012,
            0.087753,
            0.093009,
            0.080714
          ],
          "Level 1": [
            0.365765,
            0.380063,
            0.380059,
            0.376166,
            0.380591,
            0.371205,
            0.380428,
            0.372372,
            0.371391,
            0.369981
          ],
          "Level 2": [
            0.584752,
            0.580912,
            0.590326,
            0.576487,
            0.581043,
            0.578014,
            0.574597,
            0.583362,
            0.573106,
            0.573172
          ],
          "Level 3": [
            0.655414,
            0.658631,
            0.664169,
            0.666805,
            0.6526,
            0.654673,
            0.66572,
            0.658653,
            0.663778,
            0.664542
          ],
          "Level 4": [
            0.336056,
            0.322703,
            0.330016,
            0.325659,
            0.312397,
            0.328697,
            0.325895,
            0.330889,
            0.327296,
            0.327692
          ]
        },
        "v_measure": 0.405886,
        "v_measure_std": 0.201756,
        "main_score": 0.405886,
        "hf_subset": "default",
        "languages": [
          "nob-Latn"
        ]
      }
    ]
  },
  "evaluation_time": 8.834920883178711,
  "kg_co2_emissions": null
}