{
  "dataset_revision": "9ab3ca3ccdd0d43f9cd6d346a363935d127f4f45",
  "task_name": "SpartQA",
  "mteb_version": "1.34.4",
  "scores": {
    "test": [
      {
        "ndcg_at_1": 0.00278,
        "ndcg_at_3": 0.00416,
        "ndcg_at_5": 0.00666,
        "ndcg_at_10": 0.01147,
        "ndcg_at_20": 0.01808,
        "ndcg_at_100": 0.07046,
        "ndcg_at_1000": 0.13175,
        "map_at_1": 0.0013,
        "map_at_3": 0.00288,
        "map_at_5": 0.00411,
        "map_at_10": 0.00596,
        "map_at_20": 0.00766,
        "map_at_100": 0.01396,
        "map_at_1000": 0.01602,
        "recall_at_1": 0.0013,
        "recall_at_3": 0.0051,
        "recall_at_5": 0.0102,
        "recall_at_10": 0.02347,
        "recall_at_20": 0.04572,
        "recall_at_100": 0.29586,
        "recall_at_1000": 0.73493,
        "precision_at_1": 0.00278,
        "precision_at_3": 0.00343,
        "precision_at_5": 0.00401,
        "precision_at_10": 0.00426,
        "precision_at_20": 0.00419,
        "precision_at_100": 0.00531,
        "precision_at_1000": 0.00127,
        "mrr_at_1": 0.002782,
        "mrr_at_3": 0.005843,
        "mrr_at_5": 0.007888,
        "mrr_at_10": 0.010293,
        "mrr_at_20": 0.012713,
        "mrr_at_100": 0.021217,
        "mrr_at_1000": 0.023309,
        "nauc_ndcg_at_1_max": 0.183194,
        "nauc_ndcg_at_1_std": -0.175007,
        "nauc_ndcg_at_1_diff1": 0.002595,
        "nauc_ndcg_at_3_max": 0.085207,
        "nauc_ndcg_at_3_std": -0.116316,
        "nauc_ndcg_at_3_diff1": -0.006569,
        "nauc_ndcg_at_5_max": 0.083399,
        "nauc_ndcg_at_5_std": -0.095339,
        "nauc_ndcg_at_5_diff1": -0.033521,
        "nauc_ndcg_at_10_max": 0.033957,
        "nauc_ndcg_at_10_std": -0.046848,
        "nauc_ndcg_at_10_diff1": -0.057869,
        "nauc_ndcg_at_20_max": -0.010069,
        "nauc_ndcg_at_20_std": -0.008621,
        "nauc_ndcg_at_20_diff1": -0.042981,
        "nauc_ndcg_at_100_max": -0.092334,
        "nauc_ndcg_at_100_std": 0.110284,
        "nauc_ndcg_at_100_diff1": -0.074769,
        "nauc_ndcg_at_1000_max": 0.049272,
        "nauc_ndcg_at_1000_std": -0.05934,
        "nauc_ndcg_at_1000_diff1": -0.157605,
        "nauc_map_at_1_max": 0.239431,
        "nauc_map_at_1_std": -0.229772,
        "nauc_map_at_1_diff1": 0.062163,
        "nauc_map_at_3_max": 0.124641,
        "nauc_map_at_3_std": -0.12565,
        "nauc_map_at_3_diff1": 0.001087,
        "nauc_map_at_5_max": 0.113553,
        "nauc_map_at_5_std": -0.105456,
        "nauc_map_at_5_diff1": -0.028038,
        "nauc_map_at_10_max": 0.066275,
        "nauc_map_at_10_std": -0.061861,
        "nauc_map_at_10_diff1": -0.046763,
        "nauc_map_at_20_max": 0.04013,
        "nauc_map_at_20_std": -0.039201,
        "nauc_map_at_20_diff1": -0.043158,
        "nauc_map_at_100_max": -0.006501,
        "nauc_map_at_100_std": 0.017121,
        "nauc_map_at_100_diff1": -0.065482,
        "nauc_map_at_1000_max": -0.007406,
        "nauc_map_at_1000_std": 0.022841,
        "nauc_map_at_1000_diff1": -0.062599,
        "nauc_recall_at_1_max": 0.239431,
        "nauc_recall_at_1_std": -0.229772,
        "nauc_recall_at_1_diff1": 0.062163,
        "nauc_recall_at_3_max": 0.057451,
        "nauc_recall_at_3_std": -0.091159,
        "nauc_recall_at_3_diff1": 0.002654,
        "nauc_recall_at_5_max": 0.073768,
        "nauc_recall_at_5_std": -0.078241,
        "nauc_recall_at_5_diff1": -0.037371,
        "nauc_recall_at_10_max": 0.020588,
        "nauc_recall_at_10_std": -0.024811,
        "nauc_recall_at_10_diff1": -0.066907,
        "nauc_recall_at_20_max": -0.036246,
        "nauc_recall_at_20_std": 0.016658,
        "nauc_recall_at_20_diff1": -0.041784,
        "nauc_recall_at_100_max": -0.112165,
        "nauc_recall_at_100_std": 0.143139,
        "nauc_recall_at_100_diff1": -0.059749,
        "nauc_recall_at_1000_max": 0.200934,
        "nauc_recall_at_1000_std": -0.232409,
        "nauc_recall_at_1000_diff1": -0.200944,
        "nauc_precision_at_1_max": 0.183194,
        "nauc_precision_at_1_std": -0.175007,
        "nauc_precision_at_1_diff1": 0.002595,
        "nauc_precision_at_3_max": 0.019864,
        "nauc_precision_at_3_std": -0.113619,
        "nauc_precision_at_3_diff1": -0.013753,
        "nauc_precision_at_5_max": 0.050144,
        "nauc_precision_at_5_std": -0.087569,
        "nauc_precision_at_5_diff1": -0.030019,
        "nauc_precision_at_10_max": 0.000852,
        "nauc_precision_at_10_std": -0.035605,
        "nauc_precision_at_10_diff1": -0.071534,
        "nauc_precision_at_20_max": -0.047328,
        "nauc_precision_at_20_std": 0.018863,
        "nauc_precision_at_20_diff1": -0.035966,
        "nauc_precision_at_100_max": -0.126898,
        "nauc_precision_at_100_std": 0.151643,
        "nauc_precision_at_100_diff1": -0.088375,
        "nauc_precision_at_1000_max": 0.188385,
        "nauc_precision_at_1000_std": -0.270604,
        "nauc_precision_at_1000_diff1": -0.236706,
        "nauc_mrr_at_1_max": 0.183194,
        "nauc_mrr_at_1_std": -0.175007,
        "nauc_mrr_at_1_diff1": 0.002595,
        "nauc_mrr_at_3_max": 0.078481,
        "nauc_mrr_at_3_std": -0.129632,
        "nauc_mrr_at_3_diff1": -0.025035,
        "nauc_mrr_at_5_max": 0.069721,
        "nauc_mrr_at_5_std": -0.109815,
        "nauc_mrr_at_5_diff1": -0.037768,
        "nauc_mrr_at_10_max": 0.038306,
        "nauc_mrr_at_10_std": -0.081542,
        "nauc_mrr_at_10_diff1": -0.048541,
        "nauc_mrr_at_20_max": 0.012018,
        "nauc_mrr_at_20_std": -0.055994,
        "nauc_mrr_at_20_diff1": -0.044069,
        "nauc_mrr_at_100_max": -0.020912,
        "nauc_mrr_at_100_std": -0.015038,
        "nauc_mrr_at_100_diff1": -0.062168,
        "nauc_mrr_at_1000_max": -0.023178,
        "nauc_mrr_at_1000_std": -0.00708,
        "nauc_mrr_at_1000_diff1": -0.055998,
        "main_score": 0.01147,
        "hf_subset": "default",
        "languages": [
          "eng-Latn"
        ]
      }
    ]
  },
  "evaluation_time": 4.4422829151153564,
  "kg_co2_emissions": null
}