{
  "dataset_revision": "76631901a18387f85eaa53e5450019b87ad58ef9",
  "task_name": "T2Reranking",
  "mteb_version": "1.34.4",
  "scores": {
    "dev": [
      {
        "map": 0.5732,
        "mrr": 0.637935,
        "nAUC_map_max": -0.088783,
        "nAUC_map_std": -0.13989,
        "nAUC_map_diff1": 0.012519,
        "nAUC_mrr_max": -0.141399,
        "nAUC_mrr_std": -0.088797,
        "nAUC_mrr_diff1": 0.014561,
        "main_score": 0.5732,
        "hf_subset": "default",
        "languages": [
          "cmn-Hans"
        ]
      }
    ]
  },
  "evaluation_time": 184.3862841129303,
  "kg_co2_emissions": null
}