{
  "dataset_revision": "bb9466bac8153a0349341eb1b22e06409e78ef4e",
  "task_name": "TRECCOVID",
  "mteb_version": "1.34.4",
  "scores": {
    "test": [
      {
        "ndcg_at_1": 0.02,
        "ndcg_at_3": 0.02592,
        "ndcg_at_5": 0.02019,
        "ndcg_at_10": 0.01864,
        "ndcg_at_20": 0.01548,
        "ndcg_at_100": 0.01349,
        "ndcg_at_1000": 0.0218,
        "map_at_1": 2e-05,
        "map_at_3": 0.00018,
        "map_at_5": 0.00027,
        "map_at_10": 0.00029,
        "map_at_20": 0.00031,
        "map_at_100": 0.00084,
        "map_at_1000": 0.00284,
        "recall_at_1": 2e-05,
        "recall_at_3": 0.00032,
        "recall_at_5": 0.0005,
        "recall_at_10": 0.00064,
        "recall_at_20": 0.00076,
        "recall_at_100": 0.00457,
        "recall_at_1000": 0.02578,
        "precision_at_1": 0.02,
        "precision_at_3": 0.03333,
        "precision_at_5": 0.024,
        "precision_at_10": 0.02,
        "precision_at_20": 0.015,
        "precision_at_100": 0.0146,
        "precision_at_1000": 0.01092,
        "mrr_at_1": 0.02,
        "mrr_at_3": 0.046667,
        "mrr_at_5": 0.046667,
        "mrr_at_10": 0.057238,
        "mrr_at_20": 0.057238,
        "mrr_at_100": 0.060782,
        "mrr_at_1000": 0.062794,
        "nauc_ndcg_at_1_max": -0.318487,
        "nauc_ndcg_at_1_std": 0.098471,
        "nauc_ndcg_at_1_diff1": 1.0,
        "nauc_ndcg_at_3_max": -0.243922,
        "nauc_ndcg_at_3_std": 0.256532,
        "nauc_ndcg_at_3_diff1": 0.554326,
        "nauc_ndcg_at_5_max": -0.262415,
        "nauc_ndcg_at_5_std": 0.285854,
        "nauc_ndcg_at_5_diff1": 0.586561,
        "nauc_ndcg_at_10_max": -0.186137,
        "nauc_ndcg_at_10_std": 0.235476,
        "nauc_ndcg_at_10_diff1": 0.439367,
        "nauc_ndcg_at_20_max": -0.242723,
        "nauc_ndcg_at_20_std": 0.25862,
        "nauc_ndcg_at_20_diff1": 0.466458,
        "nauc_ndcg_at_100_max": -0.329377,
        "nauc_ndcg_at_100_std": 0.303812,
        "nauc_ndcg_at_100_diff1": 0.702975,
        "nauc_ndcg_at_1000_max": -0.457924,
        "nauc_ndcg_at_1000_std": 0.478104,
        "nauc_ndcg_at_1000_diff1": 0.774275,
        "nauc_map_at_1_max": -0.318487,
        "nauc_map_at_1_std": 0.098471,
        "nauc_map_at_1_diff1": 1.0,
        "nauc_map_at_3_max": -0.326703,
        "nauc_map_at_3_std": 0.359013,
        "nauc_map_at_3_diff1": 0.691137,
        "nauc_map_at_5_max": -0.384399,
        "nauc_map_at_5_std": 0.460097,
        "nauc_map_at_5_diff1": 0.794206,
        "nauc_map_at_10_max": -0.359043,
        "nauc_map_at_10_std": 0.441375,
        "nauc_map_at_10_diff1": 0.756638,
        "nauc_map_at_20_max": -0.364426,
        "nauc_map_at_20_std": 0.431941,
        "nauc_map_at_20_diff1": 0.744945,
        "nauc_map_at_100_max": -0.407175,
        "nauc_map_at_100_std": 0.441206,
        "nauc_map_at_100_diff1": 0.888065,
        "nauc_map_at_1000_max": -0.430168,
        "nauc_map_at_1000_std": 0.443724,
        "nauc_map_at_1000_diff1": 0.911535,
        "nauc_recall_at_1_max": -0.318487,
        "nauc_recall_at_1_std": 0.098471,
        "nauc_recall_at_1_diff1": 1.0,
        "nauc_recall_at_3_max": -0.327697,
        "nauc_recall_at_3_std": 0.41213,
        "nauc_recall_at_3_diff1": 0.637574,
        "nauc_recall_at_5_max": -0.389505,
        "nauc_recall_at_5_std": 0.501947,
        "nauc_recall_at_5_diff1": 0.767888,
        "nauc_recall_at_10_max": -0.282481,
        "nauc_recall_at_10_std": 0.416616,
        "nauc_recall_at_10_diff1": 0.628734,
        "nauc_recall_at_20_max": -0.309458,
        "nauc_recall_at_20_std": 0.406893,
        "nauc_recall_at_20_diff1": 0.611969,
        "nauc_recall_at_100_max": -0.43396,
        "nauc_recall_at_100_std": 0.514551,
        "nauc_recall_at_100_diff1": 0.862497,
        "nauc_recall_at_1000_max": -0.478237,
        "nauc_recall_at_1000_std": 0.52131,
        "nauc_recall_at_1000_diff1": 0.812263,
        "nauc_precision_at_1_max": -0.318487,
        "nauc_precision_at_1_std": 0.098471,
        "nauc_precision_at_1_diff1": 1.0,
        "nauc_precision_at_3_max": -0.271317,
        "nauc_precision_at_3_std": 0.330614,
        "nauc_precision_at_3_diff1": 0.581755,
        "nauc_precision_at_5_max": -0.309364,
        "nauc_precision_at_5_std": 0.385833,
        "nauc_precision_at_5_diff1": 0.651462,
        "nauc_precision_at_10_max": -0.18716,
        "nauc_precision_at_10_std": 0.285399,
        "nauc_precision_at_10_diff1": 0.436638,
        "nauc_precision_at_20_max": -0.270753,
        "nauc_precision_at_20_std": 0.299146,
        "nauc_precision_at_20_diff1": 0.48495,
        "nauc_precision_at_100_max": -0.359661,
        "nauc_precision_at_100_std": 0.30596,
        "nauc_precision_at_100_diff1": 0.770808,
        "nauc_precision_at_1000_max": -0.422164,
        "nauc_precision_at_1000_std": 0.341711,
        "nauc_precision_at_1000_diff1": 0.69178,
        "nauc_mrr_at_1_max": -0.318487,
        "nauc_mrr_at_1_std": 0.098471,
        "nauc_mrr_at_1_diff1": 1.0,
        "nauc_mrr_at_3_max": -0.267948,
        "nauc_mrr_at_3_std": 0.282801,
        "nauc_mrr_at_3_diff1": 0.600176,
        "nauc_mrr_at_5_max": -0.267948,
        "nauc_mrr_at_5_std": 0.282801,
        "nauc_mrr_at_5_diff1": 0.600176,
        "nauc_mrr_at_10_max": -0.210751,
        "nauc_mrr_at_10_std": 0.244242,
        "nauc_mrr_at_10_diff1": 0.49777,
        "nauc_mrr_at_20_max": -0.210751,
        "nauc_mrr_at_20_std": 0.244242,
        "nauc_mrr_at_20_diff1": 0.49777,
        "nauc_mrr_at_100_max": -0.211568,
        "nauc_mrr_at_100_std": 0.240284,
        "nauc_mrr_at_100_diff1": 0.493406,
        "nauc_mrr_at_1000_max": -0.211169,
        "nauc_mrr_at_1000_std": 0.240157,
        "nauc_mrr_at_1000_diff1": 0.492314,
        "main_score": 0.01864,
        "hf_subset": "default",
        "languages": [
          "eng-Latn"
        ]
      }
    ]
  },
  "evaluation_time": 319.4607141017914,
  "kg_co2_emissions": null
}