{
  "dataset_revision": "f43b4f32987048043a8b31e5e26be4d360c2438f",
  "task_name": "ArmenianParaphrasePC",
  "mteb_version": "1.34.4",
  "scores": {
    "test": [
      {
        "similarity_accuracy": 0.872789,
        "similarity_accuracy_threshold": 0.760195,
        "similarity_f1": 0.914102,
        "similarity_f1_threshold": 0.760195,
        "similarity_precision": 0.860727,
        "similarity_recall": 0.974535,
        "similarity_ap": 0.924036,
        "cosine_accuracy": 0.872789,
        "cosine_accuracy_threshold": 0.760195,
        "cosine_f1": 0.914102,
        "cosine_f1_threshold": 0.760195,
        "cosine_precision": 0.860727,
        "cosine_recall": 0.974535,
        "cosine_ap": 0.924036,
        "manhattan_accuracy": 0.87483,
        "manhattan_accuracy_threshold": 7.013285,
        "manhattan_f1": 0.914778,
        "manhattan_f1_threshold": 8.038495,
        "manhattan_precision": 0.851477,
        "manhattan_recall": 0.988247,
        "manhattan_ap": 0.923117,
        "euclidean_accuracy": 0.872789,
        "euclidean_accuracy_threshold": 0.692539,
        "euclidean_f1": 0.914102,
        "euclidean_f1_threshold": 0.692539,
        "euclidean_precision": 0.860727,
        "euclidean_recall": 0.974535,
        "euclidean_ap": 0.924036,
        "dot_accuracy": 0.872789,
        "dot_accuracy_threshold": 0.760195,
        "dot_f1": 0.914102,
        "dot_f1_threshold": 0.760195,
        "dot_precision": 0.860727,
        "dot_recall": 0.974535,
        "dot_ap": 0.924036,
        "max_accuracy": 0.87483,
        "max_f1": 0.914778,
        "max_precision": 0.860727,
        "max_recall": 0.988247,
        "max_ap": 0.924036,
        "main_score": 0.924036,
        "hf_subset": "default",
        "languages": [
          "hye-Armn"
        ]
      }
    ]
  },
  "evaluation_time": 0.18448400497436523,
  "kg_co2_emissions": null
}