{
  "dataset_revision": "e39ff896cf3efbbdeeb950e6bd7c79f266995b07",
  "task_name": "Core17InstructionRetrieval",
  "mteb_version": "1.34.4",
  "scores": {
    "test": [
      {
        "p-MRR": -0.019578,
        "individual": {
          "original": {
            "ndcg_at_1": 0.05,
            "ndcg_at_3": 0.06652,
            "ndcg_at_5": 0.06712,
            "ndcg_at_10": 0.07256,
            "ndcg_at_20": 0.06341,
            "ndcg_at_100": 0.10102,
            "ndcg_at_1000": 0.39214,
            "map_at_1": 0.00128,
            "map_at_3": 0.00604,
            "map_at_5": 0.00834,
            "map_at_10": 0.01189,
            "map_at_20": 0.0144,
            "map_at_100": 0.02308,
            "map_at_1000": 0.05757,
            "recall_at_1": 0.00128,
            "recall_at_3": 0.01057,
            "recall_at_5": 0.01435,
            "recall_at_10": 0.0269,
            "recall_at_20": 0.03573,
            "recall_at_100": 0.13056,
            "recall_at_1000": 1.0,
            "precision_at_1": 0.05,
            "precision_at_3": 0.1,
            "precision_at_5": 0.09,
            "precision_at_10": 0.095,
            "precision_at_20": 0.065,
            "precision_at_100": 0.0495,
            "precision_at_1000": 0.0327,
            "naucs_at_1_max": 1.0,
            "naucs_at_1_std": -0.205796,
            "naucs_at_1_diff1": -0.205796,
            "naucs_at_3_max": 0.421291,
            "naucs_at_3_std": -0.247308,
            "naucs_at_3_diff1": 0.211343,
            "naucs_at_5_max": 0.416841,
            "naucs_at_5_std": -0.286579,
            "naucs_at_5_diff1": 0.135945,
            "naucs_at_10_max": 0.413947,
            "naucs_at_10_std": -0.220497,
            "naucs_at_10_diff1": 0.135761,
            "naucs_at_20_max": 0.413947,
            "naucs_at_20_std": -0.220497,
            "naucs_at_20_diff1": 0.135761,
            "naucs_at_100_max": 0.430678,
            "naucs_at_100_std": -0.232889,
            "naucs_at_100_diff1": 0.157253,
            "naucs_at_1000_max": 0.429144,
            "naucs_at_1000_std": -0.232747,
            "naucs_at_1000_diff1": 0.155335,
            "mrr_at_1": 0.05,
            "mrr_at_3": 0.116667,
            "mrr_at_5": 0.129167,
            "mrr_at_10": 0.162897,
            "mrr_at_20": 0.162897,
            "mrr_at_100": 0.174838,
            "mrr_at_1000": 0.175563
          },
          "changed": {
            "ndcg_at_1": 0.15,
            "ndcg_at_3": 0.17067,
            "ndcg_at_5": 0.14569,
            "ndcg_at_10": 0.13803,
            "ndcg_at_20": 0.1163,
            "ndcg_at_100": 0.14682,
            "ndcg_at_1000": 0.48568,
            "map_at_1": 0.00266,
            "map_at_3": 0.00981,
            "map_at_5": 0.01179,
            "map_at_10": 0.01811,
            "map_at_20": 0.02275,
            "map_at_100": 0.03909,
            "map_at_1000": 0.09652,
            "recall_at_1": 0.00266,
            "recall_at_3": 0.01294,
            "recall_at_5": 0.0161,
            "recall_at_10": 0.02846,
            "recall_at_20": 0.04293,
            "recall_at_100": 0.15771,
            "recall_at_1000": 1.0,
            "precision_at_1": 0.15,
            "precision_at_3": 0.21667,
            "precision_at_5": 0.17,
            "precision_at_10": 0.155,
            "precision_at_20": 0.12,
            "precision_at_100": 0.0895,
            "precision_at_1000": 0.0545,
            "naucs_at_1_max": -0.016329,
            "naucs_at_1_std": -0.551457,
            "naucs_at_1_diff1": 0.407318,
            "naucs_at_3_max": 0.058031,
            "naucs_at_3_std": -0.444679,
            "naucs_at_3_diff1": 0.514428,
            "naucs_at_5_max": 0.030089,
            "naucs_at_5_std": -0.488126,
            "naucs_at_5_diff1": 0.448052,
            "naucs_at_10_max": 0.051788,
            "naucs_at_10_std": -0.428626,
            "naucs_at_10_diff1": 0.448877,
            "naucs_at_20_max": 0.053972,
            "naucs_at_20_std": -0.437863,
            "naucs_at_20_diff1": 0.427512,
            "naucs_at_100_max": 0.051237,
            "naucs_at_100_std": -0.444606,
            "naucs_at_100_diff1": 0.438188,
            "naucs_at_1000_max": 0.049893,
            "naucs_at_1000_std": -0.444411,
            "naucs_at_1000_diff1": 0.437997,
            "mrr_at_1": 0.15,
            "mrr_at_3": 0.25,
            "mrr_at_5": 0.2725,
            "mrr_at_10": 0.289167,
            "mrr_at_20": 0.297558,
            "mrr_at_100": 0.306206,
            "mrr_at_1000": 0.306665
          }
        },
        "main_score": -0.019578,
        "hf_subset": "default",
        "languages": [
          "eng-Latn"
        ]
      }
    ]
  },
  "evaluation_time": 25.93155813217163,
  "kg_co2_emissions": null
}