{
  "dataset_revision": "1271c7809071a13532e05f25fb53511ffce77117",
  "task_name": "CovidRetrieval",
  "mteb_version": "1.34.4",
  "scores": {
    "dev": [
      {
        "ndcg_at_1": 0.20548,
        "ndcg_at_3": 0.25255,
        "ndcg_at_5": 0.27487,
        "ndcg_at_10": 0.2964,
        "ndcg_at_20": 0.31561,
        "ndcg_at_100": 0.34434,
        "ndcg_at_1000": 0.36556,
        "map_at_1": 0.20548,
        "map_at_3": 0.241,
        "map_at_5": 0.25338,
        "map_at_10": 0.2625,
        "map_at_20": 0.26772,
        "map_at_100": 0.27176,
        "map_at_1000": 0.27245,
        "recall_at_1": 0.20548,
        "recall_at_3": 0.28477,
        "recall_at_5": 0.33904,
        "recall_at_10": 0.4049,
        "recall_at_20": 0.48156,
        "recall_at_100": 0.63541,
        "recall_at_1000": 0.80769,
        "precision_at_1": 0.20548,
        "precision_at_3": 0.09554,
        "precision_at_5": 0.06828,
        "precision_at_10": 0.04099,
        "precision_at_20": 0.02439,
        "precision_at_100": 0.00643,
        "precision_at_1000": 0.00082,
        "mrr_at_1": 0.205479,
        "mrr_at_3": 0.242185,
        "mrr_at_5": 0.254408,
        "mrr_at_10": 0.263053,
        "mrr_at_20": 0.26813,
        "mrr_at_100": 0.272142,
        "mrr_at_1000": 0.272844,
        "nauc_ndcg_at_1_max": 0.251402,
        "nauc_ndcg_at_1_std": -0.011388,
        "nauc_ndcg_at_1_diff1": 0.441786,
        "nauc_ndcg_at_3_max": 0.272752,
        "nauc_ndcg_at_3_std": 0.02401,
        "nauc_ndcg_at_3_diff1": 0.403573,
        "nauc_ndcg_at_5_max": 0.267258,
        "nauc_ndcg_at_5_std": 0.041332,
        "nauc_ndcg_at_5_diff1": 0.374351,
        "nauc_ndcg_at_10_max": 0.265056,
        "nauc_ndcg_at_10_std": 0.06439,
        "nauc_ndcg_at_10_diff1": 0.351122,
        "nauc_ndcg_at_20_max": 0.281802,
        "nauc_ndcg_at_20_std": 0.069875,
        "nauc_ndcg_at_20_diff1": 0.346668,
        "nauc_ndcg_at_100_max": 0.268966,
        "nauc_ndcg_at_100_std": 0.084941,
        "nauc_ndcg_at_100_diff1": 0.345934,
        "nauc_ndcg_at_1000_max": 0.269116,
        "nauc_ndcg_at_1000_std": 0.092682,
        "nauc_ndcg_at_1000_diff1": 0.347513,
        "nauc_map_at_1_max": 0.251402,
        "nauc_map_at_1_std": -0.011388,
        "nauc_map_at_1_diff1": 0.441786,
        "nauc_map_at_3_max": 0.268137,
        "nauc_map_at_3_std": 0.015034,
        "nauc_map_at_3_diff1": 0.412418,
        "nauc_map_at_5_max": 0.264723,
        "nauc_map_at_5_std": 0.025419,
        "nauc_map_at_5_diff1": 0.395808,
        "nauc_map_at_10_max": 0.263734,
        "nauc_map_at_10_std": 0.03616,
        "nauc_map_at_10_diff1": 0.3849,
        "nauc_map_at_20_max": 0.268326,
        "nauc_map_at_20_std": 0.037731,
        "nauc_map_at_20_diff1": 0.384105,
        "nauc_map_at_100_max": 0.266542,
        "nauc_map_at_100_std": 0.039945,
        "nauc_map_at_100_diff1": 0.384202,
        "nauc_map_at_1000_max": 0.266584,
        "nauc_map_at_1000_std": 0.040215,
        "nauc_map_at_1000_diff1": 0.384307,
        "nauc_recall_at_1_max": 0.251402,
        "nauc_recall_at_1_std": -0.011388,
        "nauc_recall_at_1_diff1": 0.441786,
        "nauc_recall_at_3_max": 0.286533,
        "nauc_recall_at_3_std": 0.042913,
        "nauc_recall_at_3_diff1": 0.379644,
        "nauc_recall_at_5_max": 0.2744,
        "nauc_recall_at_5_std": 0.080966,
        "nauc_recall_at_5_diff1": 0.314541,
        "nauc_recall_at_10_max": 0.267052,
        "nauc_recall_at_10_std": 0.1415,
        "nauc_recall_at_10_diff1": 0.254409,
        "nauc_recall_at_20_max": 0.328904,
        "nauc_recall_at_20_std": 0.164759,
        "nauc_recall_at_20_diff1": 0.232977,
        "nauc_recall_at_100_max": 0.263453,
        "nauc_recall_at_100_std": 0.265696,
        "nauc_recall_at_100_diff1": 0.205444,
        "nauc_recall_at_1000_max": 0.257949,
        "nauc_recall_at_1000_std": 0.47389,
        "nauc_recall_at_1000_diff1": 0.135789,
        "nauc_precision_at_1_max": 0.251402,
        "nauc_precision_at_1_std": -0.011388,
        "nauc_precision_at_1_diff1": 0.441786,
        "nauc_precision_at_3_max": 0.284197,
        "nauc_precision_at_3_std": 0.051353,
        "nauc_precision_at_3_diff1": 0.380251,
        "nauc_precision_at_5_max": 0.27161,
        "nauc_precision_at_5_std": 0.088258,
        "nauc_precision_at_5_diff1": 0.314384,
        "nauc_precision_at_10_max": 0.253915,
        "nauc_precision_at_10_std": 0.154909,
        "nauc_precision_at_10_diff1": 0.247917,
        "nauc_precision_at_20_max": 0.31103,
        "nauc_precision_at_20_std": 0.181654,
        "nauc_precision_at_20_diff1": 0.225801,
        "nauc_precision_at_100_max": 0.245035,
        "nauc_precision_at_100_std": 0.284407,
        "nauc_precision_at_100_diff1": 0.195503,
        "nauc_precision_at_1000_max": 0.225737,
        "nauc_precision_at_1000_std": 0.485012,
        "nauc_precision_at_1000_diff1": 0.124778,
        "nauc_mrr_at_1_max": 0.251402,
        "nauc_mrr_at_1_std": -0.011388,
        "nauc_mrr_at_1_diff1": 0.441786,
        "nauc_mrr_at_3_max": 0.265937,
        "nauc_mrr_at_3_std": 0.021094,
        "nauc_mrr_at_3_diff1": 0.411826,
        "nauc_mrr_at_5_max": 0.263327,
        "nauc_mrr_at_5_std": 0.029778,
        "nauc_mrr_at_5_diff1": 0.395656,
        "nauc_mrr_at_10_max": 0.26394,
        "nauc_mrr_at_10_std": 0.039187,
        "nauc_mrr_at_10_diff1": 0.385368,
        "nauc_mrr_at_20_max": 0.268624,
        "nauc_mrr_at_20_std": 0.040079,
        "nauc_mrr_at_20_diff1": 0.384509,
        "nauc_mrr_at_100_max": 0.26681,
        "nauc_mrr_at_100_std": 0.042226,
        "nauc_mrr_at_100_diff1": 0.384638,
        "nauc_mrr_at_1000_max": 0.266859,
        "nauc_mrr_at_1000_std": 0.042493,
        "nauc_mrr_at_1000_diff1": 0.384745,
        "main_score": 0.2964,
        "hf_subset": "default",
        "languages": [
          "cmn-Hans"
        ]
      }
    ]
  },
  "evaluation_time": 449.2142958641052,
  "kg_co2_emissions": null
}