{
  "dataset_revision": "a5a1c4fe2bc528ac12e83f8cdf82178da85d2f1d",
  "task_name": "Robust04InstructionRetrieval",
  "mteb_version": "1.34.4",
  "scores": {
    "test": [
      {
        "p-MRR": 0.015292,
        "individual": {
          "original": {
            "ndcg_at_1": 0.05769,
            "ndcg_at_3": 0.047,
            "ndcg_at_5": 0.0497,
            "ndcg_at_10": 0.05498,
            "ndcg_at_20": 0.06815,
            "ndcg_at_100": 0.11468,
            "ndcg_at_1000": 0.34157,
            "map_at_1": 0.00733,
            "map_at_3": 0.00868,
            "map_at_5": 0.0118,
            "map_at_10": 0.0151,
            "map_at_20": 0.0197,
            "map_at_100": 0.02741,
            "map_at_1000": 0.04812,
            "recall_at_1": 0.00733,
            "recall_at_3": 0.01004,
            "recall_at_5": 0.0229,
            "recall_at_10": 0.04301,
            "recall_at_20": 0.0835,
            "recall_at_100": 0.20738,
            "recall_at_1000": 1.0,
            "precision_at_1": 0.05769,
            "precision_at_3": 0.04487,
            "precision_at_5": 0.04615,
            "precision_at_10": 0.04808,
            "precision_at_20": 0.04904,
            "precision_at_100": 0.03135,
            "precision_at_1000": 0.01981,
            "naucs_at_1_max": -0.418027,
            "naucs_at_1_std": -0.297298,
            "naucs_at_1_diff1": -0.42773,
            "naucs_at_3_max": -0.276795,
            "naucs_at_3_std": -0.08988,
            "naucs_at_3_diff1": -0.254939,
            "naucs_at_5_max": -0.254927,
            "naucs_at_5_std": -0.133603,
            "naucs_at_5_diff1": -0.223749,
            "naucs_at_10_max": -0.216565,
            "naucs_at_10_std": -0.144121,
            "naucs_at_10_diff1": -0.199697,
            "naucs_at_20_max": -0.211421,
            "naucs_at_20_std": -0.155272,
            "naucs_at_20_diff1": -0.189281,
            "naucs_at_100_max": -0.218443,
            "naucs_at_100_std": -0.159824,
            "naucs_at_100_diff1": -0.184752,
            "naucs_at_1000_max": -0.219125,
            "naucs_at_1000_std": -0.159613,
            "naucs_at_1000_diff1": -0.186353,
            "mrr_at_1": 0.057692,
            "mrr_at_3": 0.096154,
            "mrr_at_5": 0.118269,
            "mrr_at_10": 0.135226,
            "mrr_at_20": 0.147446,
            "mrr_at_100": 0.153339,
            "mrr_at_1000": 0.153963
          },
          "changed": {
            "ndcg_at_1": 0.06731,
            "ndcg_at_3": 0.06462,
            "ndcg_at_5": 0.06146,
            "ndcg_at_10": 0.06579,
            "ndcg_at_20": 0.0657,
            "ndcg_at_100": 0.11691,
            "ndcg_at_1000": 0.39833,
            "map_at_1": 0.0031,
            "map_at_3": 0.00489,
            "map_at_5": 0.00601,
            "map_at_10": 0.0095,
            "map_at_20": 0.01312,
            "map_at_100": 0.02456,
            "map_at_1000": 0.05849,
            "recall_at_1": 0.0031,
            "recall_at_3": 0.00737,
            "recall_at_5": 0.01231,
            "recall_at_10": 0.03282,
            "recall_at_20": 0.05768,
            "recall_at_100": 0.18723,
            "recall_at_1000": 1.0,
            "precision_at_1": 0.09615,
            "precision_at_3": 0.08333,
            "precision_at_5": 0.07692,
            "precision_at_10": 0.07692,
            "precision_at_20": 0.06442,
            "precision_at_100": 0.04942,
            "precision_at_1000": 0.03369,
            "naucs_at_1_max": 0.070684,
            "naucs_at_1_std": 0.027774,
            "naucs_at_1_diff1": -0.152279,
            "naucs_at_3_max": 0.052417,
            "naucs_at_3_std": -0.132298,
            "naucs_at_3_diff1": -0.094507,
            "naucs_at_5_max": 0.015121,
            "naucs_at_5_std": -0.204094,
            "naucs_at_5_diff1": -0.115348,
            "naucs_at_10_max": 0.004489,
            "naucs_at_10_std": -0.183823,
            "naucs_at_10_diff1": -0.114931,
            "naucs_at_20_max": 0.018026,
            "naucs_at_20_std": -0.194095,
            "naucs_at_20_diff1": -0.115635,
            "naucs_at_100_max": 0.022154,
            "naucs_at_100_std": -0.184394,
            "naucs_at_100_diff1": -0.113809,
            "naucs_at_1000_max": 0.022034,
            "naucs_at_1000_std": -0.18372,
            "naucs_at_1000_diff1": -0.113992,
            "mrr_at_1": 0.096154,
            "mrr_at_3": 0.147436,
            "mrr_at_5": 0.172436,
            "mrr_at_10": 0.199519,
            "mrr_at_20": 0.205212,
            "mrr_at_100": 0.211669,
            "mrr_at_1000": 0.212474
          }
        },
        "main_score": 0.015292,
        "hf_subset": "default",
        "languages": [
          "eng-Latn"
        ]
      }
    ]
  },
  "evaluation_time": 82.49681091308594,
  "kg_co2_emissions": null
}