{
  "dataset_revision": "9097e99aa8c9d827189c65f2e11bfe756af439f6",
  "task_name": "TempReasonL1",
  "mteb_version": "1.34.4",
  "scores": {
    "test": [
      {
        "ndcg_at_1": 0.00125,
        "ndcg_at_3": 0.00629,
        "ndcg_at_5": 0.01002,
        "ndcg_at_10": 0.01568,
        "ndcg_at_20": 0.02102,
        "ndcg_at_100": 0.0396,
        "ndcg_at_1000": 0.08369,
        "map_at_1": 0.00125,
        "map_at_3": 0.00479,
        "map_at_5": 0.0068,
        "map_at_10": 0.0091,
        "map_at_20": 0.01055,
        "map_at_100": 0.01286,
        "map_at_1000": 0.01409,
        "recall_at_1": 0.00125,
        "recall_at_3": 0.01075,
        "recall_at_5": 0.02,
        "recall_at_10": 0.03775,
        "recall_at_20": 0.059,
        "recall_at_100": 0.163,
        "recall_at_1000": 0.53575,
        "precision_at_1": 0.00125,
        "precision_at_3": 0.00358,
        "precision_at_5": 0.004,
        "precision_at_10": 0.00377,
        "precision_at_20": 0.00295,
        "precision_at_100": 0.00163,
        "precision_at_1000": 0.00054,
        "mrr_at_1": 0.00125,
        "mrr_at_3": 0.004792,
        "mrr_at_5": 0.006804,
        "mrr_at_10": 0.009096,
        "mrr_at_20": 0.010547,
        "mrr_at_100": 0.012863,
        "mrr_at_1000": 0.014086,
        "nauc_ndcg_at_1_max": 0.526697,
        "nauc_ndcg_at_1_std": 0.526697,
        "nauc_ndcg_at_1_diff1": 0.335712,
        "nauc_ndcg_at_3_max": 0.48972,
        "nauc_ndcg_at_3_std": 0.426811,
        "nauc_ndcg_at_3_diff1": 0.169493,
        "nauc_ndcg_at_5_max": 0.511373,
        "nauc_ndcg_at_5_std": 0.447951,
        "nauc_ndcg_at_5_diff1": 0.250401,
        "nauc_ndcg_at_10_max": 0.445178,
        "nauc_ndcg_at_10_std": 0.389027,
        "nauc_ndcg_at_10_diff1": 0.258101,
        "nauc_ndcg_at_20_max": 0.448626,
        "nauc_ndcg_at_20_std": 0.383303,
        "nauc_ndcg_at_20_diff1": 0.223024,
        "nauc_ndcg_at_100_max": 0.318362,
        "nauc_ndcg_at_100_std": 0.307873,
        "nauc_ndcg_at_100_diff1": 0.164755,
        "nauc_ndcg_at_1000_max": 0.227633,
        "nauc_ndcg_at_1000_std": 0.303784,
        "nauc_ndcg_at_1000_diff1": 0.134968,
        "nauc_map_at_1_max": 0.526697,
        "nauc_map_at_1_std": 0.526697,
        "nauc_map_at_1_diff1": 0.335712,
        "nauc_map_at_3_max": 0.48876,
        "nauc_map_at_3_std": 0.430539,
        "nauc_map_at_3_diff1": 0.184226,
        "nauc_map_at_5_max": 0.506978,
        "nauc_map_at_5_std": 0.444885,
        "nauc_map_at_5_diff1": 0.245293,
        "nauc_map_at_10_max": 0.462484,
        "nauc_map_at_10_std": 0.403313,
        "nauc_map_at_10_diff1": 0.253893,
        "nauc_map_at_20_max": 0.461981,
        "nauc_map_at_20_std": 0.397356,
        "nauc_map_at_20_diff1": 0.234325,
        "nauc_map_at_100_max": 0.410843,
        "nauc_map_at_100_std": 0.364546,
        "nauc_map_at_100_diff1": 0.209422,
        "nauc_map_at_1000_max": 0.398947,
        "nauc_map_at_1000_std": 0.362166,
        "nauc_map_at_1000_diff1": 0.203723,
        "nauc_recall_at_1_max": 0.526697,
        "nauc_recall_at_1_std": 0.526697,
        "nauc_recall_at_1_diff1": 0.335712,
        "nauc_recall_at_3_max": 0.491561,
        "nauc_recall_at_3_std": 0.422486,
        "nauc_recall_at_3_diff1": 0.149756,
        "nauc_recall_at_5_max": 0.516686,
        "nauc_recall_at_5_std": 0.45275,
        "nauc_recall_at_5_diff1": 0.258184,
        "nauc_recall_at_10_max": 0.427265,
        "nauc_recall_at_10_std": 0.375415,
        "nauc_recall_at_10_diff1": 0.262212,
        "nauc_recall_at_20_max": 0.438644,
        "nauc_recall_at_20_std": 0.373377,
        "nauc_recall_at_20_diff1": 0.212477,
        "nauc_recall_at_100_max": 0.26198,
        "nauc_recall_at_100_std": 0.276093,
        "nauc_recall_at_100_diff1": 0.138721,
        "nauc_recall_at_1000_max": 0.10825,
        "nauc_recall_at_1000_std": 0.277699,
        "nauc_recall_at_1000_diff1": 0.096435,
        "nauc_precision_at_1_max": 0.526697,
        "nauc_precision_at_1_std": 0.526697,
        "nauc_precision_at_1_diff1": 0.335712,
        "nauc_precision_at_3_max": 0.491561,
        "nauc_precision_at_3_std": 0.422486,
        "nauc_precision_at_3_diff1": 0.149756,
        "nauc_precision_at_5_max": 0.516686,
        "nauc_precision_at_5_std": 0.45275,
        "nauc_precision_at_5_diff1": 0.258184,
        "nauc_precision_at_10_max": 0.427265,
        "nauc_precision_at_10_std": 0.375415,
        "nauc_precision_at_10_diff1": 0.262212,
        "nauc_precision_at_20_max": 0.438644,
        "nauc_precision_at_20_std": 0.373377,
        "nauc_precision_at_20_diff1": 0.212477,
        "nauc_precision_at_100_max": 0.26198,
        "nauc_precision_at_100_std": 0.276093,
        "nauc_precision_at_100_diff1": 0.138721,
        "nauc_precision_at_1000_max": 0.10825,
        "nauc_precision_at_1000_std": 0.277699,
        "nauc_precision_at_1000_diff1": 0.096435,
        "nauc_mrr_at_1_max": 0.526697,
        "nauc_mrr_at_1_std": 0.526697,
        "nauc_mrr_at_1_diff1": 0.335712,
        "nauc_mrr_at_3_max": 0.48876,
        "nauc_mrr_at_3_std": 0.430539,
        "nauc_mrr_at_3_diff1": 0.184226,
        "nauc_mrr_at_5_max": 0.506978,
        "nauc_mrr_at_5_std": 0.444885,
        "nauc_mrr_at_5_diff1": 0.245293,
        "nauc_mrr_at_10_max": 0.462484,
        "nauc_mrr_at_10_std": 0.403313,
        "nauc_mrr_at_10_diff1": 0.253893,
        "nauc_mrr_at_20_max": 0.461981,
        "nauc_mrr_at_20_std": 0.397356,
        "nauc_mrr_at_20_diff1": 0.234325,
        "nauc_mrr_at_100_max": 0.410843,
        "nauc_mrr_at_100_std": 0.364546,
        "nauc_mrr_at_100_diff1": 0.209422,
        "nauc_mrr_at_1000_max": 0.398947,
        "nauc_mrr_at_1000_std": 0.362166,
        "nauc_mrr_at_1000_diff1": 0.203723,
        "main_score": 0.01568,
        "hf_subset": "default",
        "languages": [
          "eng-Latn"
        ]
      }
    ]
  },
  "evaluation_time": 59.57197380065918,
  "kg_co2_emissions": null
}