{
  "dataset_revision": "7b58f24536063837d644aab9a023c62199b2a612",
  "task_name": "TERRa",
  "mteb_version": "1.34.4",
  "scores": {
    "dev": [
      {
        "similarity_accuracy": 0.553746,
        "similarity_accuracy_threshold": 0.749563,
        "similarity_f1": 0.666667,
        "similarity_f1_threshold": 0.359716,
        "similarity_precision": 0.516129,
        "similarity_recall": 0.941176,
        "similarity_ap": 0.55073,
        "cosine_accuracy": 0.553746,
        "cosine_accuracy_threshold": 0.749563,
        "cosine_f1": 0.666667,
        "cosine_f1_threshold": 0.359716,
        "cosine_precision": 0.516129,
        "cosine_recall": 0.941176,
        "cosine_ap": 0.55073,
        "manhattan_accuracy": 0.566775,
        "manhattan_accuracy_threshold": 7.74802,
        "manhattan_f1": 0.663717,
        "manhattan_f1_threshold": 12.527752,
        "manhattan_precision": 0.501672,
        "manhattan_recall": 0.980392,
        "manhattan_ap": 0.56362,
        "euclidean_accuracy": 0.553746,
        "euclidean_accuracy_threshold": 0.707724,
        "euclidean_f1": 0.666667,
        "euclidean_f1_threshold": 1.131616,
        "euclidean_precision": 0.516129,
        "euclidean_recall": 0.941176,
        "euclidean_ap": 0.55073,
        "dot_accuracy": 0.553746,
        "dot_accuracy_threshold": 0.749563,
        "dot_f1": 0.666667,
        "dot_f1_threshold": 0.359716,
        "dot_precision": 0.516129,
        "dot_recall": 0.941176,
        "dot_ap": 0.55073,
        "max_accuracy": 0.566775,
        "max_f1": 0.666667,
        "max_precision": 0.516129,
        "max_recall": 0.980392,
        "max_ap": 0.56362,
        "main_score": 0.56362,
        "hf_subset": "default",
        "languages": [
          "rus-Cyrl"
        ]
      }
    ]
  },
  "evaluation_time": 0.05059409141540527,
  "kg_co2_emissions": null
}