{
  "dataset_revision": "bb9466bac8153a0349341eb1b22e06409e78ef4e",
  "task_name": "TRECCOVID",
  "mteb_version": "1.34.4",
  "scores": {
    "test": [
      {
        "ndcg_at_1": 0.37,
        "ndcg_at_3": 0.38195,
        "ndcg_at_5": 0.35252,
        "ndcg_at_10": 0.31127,
        "ndcg_at_20": 0.28146,
        "ndcg_at_100": 0.19572,
        "ndcg_at_1000": 0.1654,
        "map_at_1": 0.00082,
        "map_at_3": 0.00222,
        "map_at_5": 0.00315,
        "map_at_10": 0.00472,
        "map_at_20": 0.00726,
        "map_at_100": 0.01817,
        "map_at_1000": 0.04067,
        "recall_at_1": 0.00082,
        "recall_at_3": 0.00267,
        "recall_at_5": 0.00401,
        "recall_at_10": 0.00667,
        "recall_at_20": 0.01159,
        "recall_at_100": 0.03923,
        "recall_at_1000": 0.15886,
        "precision_at_1": 0.42,
        "precision_at_3": 0.42667,
        "precision_at_5": 0.388,
        "precision_at_10": 0.322,
        "precision_at_20": 0.288,
        "precision_at_100": 0.1968,
        "precision_at_1000": 0.08034,
        "mrr_at_1": 0.42,
        "mrr_at_3": 0.533333,
        "mrr_at_5": 0.551333,
        "mrr_at_10": 0.561611,
        "mrr_at_20": 0.565883,
        "mrr_at_100": 0.567522,
        "mrr_at_1000": 0.567547,
        "nauc_ndcg_at_1_max": 0.546314,
        "nauc_ndcg_at_1_std": 0.160042,
        "nauc_ndcg_at_1_diff1": 0.063964,
        "nauc_ndcg_at_3_max": 0.505292,
        "nauc_ndcg_at_3_std": 0.231447,
        "nauc_ndcg_at_3_diff1": 0.101476,
        "nauc_ndcg_at_5_max": 0.50836,
        "nauc_ndcg_at_5_std": 0.243071,
        "nauc_ndcg_at_5_diff1": 0.125069,
        "nauc_ndcg_at_10_max": 0.579077,
        "nauc_ndcg_at_10_std": 0.295908,
        "nauc_ndcg_at_10_diff1": 0.082481,
        "nauc_ndcg_at_20_max": 0.550992,
        "nauc_ndcg_at_20_std": 0.322824,
        "nauc_ndcg_at_20_diff1": 0.086515,
        "nauc_ndcg_at_100_max": 0.573438,
        "nauc_ndcg_at_100_std": 0.39206,
        "nauc_ndcg_at_100_diff1": 0.051808,
        "nauc_ndcg_at_1000_max": 0.43534,
        "nauc_ndcg_at_1000_std": 0.421718,
        "nauc_ndcg_at_1000_diff1": -0.04265,
        "nauc_map_at_1_max": 0.279309,
        "nauc_map_at_1_std": 0.193784,
        "nauc_map_at_1_diff1": -0.0201,
        "nauc_map_at_3_max": 0.274324,
        "nauc_map_at_3_std": 0.269871,
        "nauc_map_at_3_diff1": -0.00205,
        "nauc_map_at_5_max": 0.344179,
        "nauc_map_at_5_std": 0.281936,
        "nauc_map_at_5_diff1": 0.0408,
        "nauc_map_at_10_max": 0.463741,
        "nauc_map_at_10_std": 0.349145,
        "nauc_map_at_10_diff1": -0.008518,
        "nauc_map_at_20_max": 0.455528,
        "nauc_map_at_20_std": 0.408733,
        "nauc_map_at_20_diff1": -0.000299,
        "nauc_map_at_100_max": 0.519244,
        "nauc_map_at_100_std": 0.518223,
        "nauc_map_at_100_diff1": 0.025923,
        "nauc_map_at_1000_max": 0.591568,
        "nauc_map_at_1000_std": 0.537778,
        "nauc_map_at_1000_diff1": 0.020474,
        "nauc_recall_at_1_max": 0.279309,
        "nauc_recall_at_1_std": 0.193784,
        "nauc_recall_at_1_diff1": -0.0201,
        "nauc_recall_at_3_max": 0.199424,
        "nauc_recall_at_3_std": 0.209821,
        "nauc_recall_at_3_diff1": 0.006481,
        "nauc_recall_at_5_max": 0.216215,
        "nauc_recall_at_5_std": 0.21872,
        "nauc_recall_at_5_diff1": 0.037755,
        "nauc_recall_at_10_max": 0.352164,
        "nauc_recall_at_10_std": 0.331158,
        "nauc_recall_at_10_diff1": -0.071782,
        "nauc_recall_at_20_max": 0.265667,
        "nauc_recall_at_20_std": 0.397318,
        "nauc_recall_at_20_diff1": 0.014678,
        "nauc_recall_at_100_max": 0.308728,
        "nauc_recall_at_100_std": 0.446013,
        "nauc_recall_at_100_diff1": -0.060579,
        "nauc_recall_at_1000_max": 0.34332,
        "nauc_recall_at_1000_std": 0.423187,
        "nauc_recall_at_1000_diff1": -0.074411,
        "nauc_precision_at_1_max": 0.56684,
        "nauc_precision_at_1_std": 0.233585,
        "nauc_precision_at_1_diff1": 0.116831,
        "nauc_precision_at_3_max": 0.518371,
        "nauc_precision_at_3_std": 0.257472,
        "nauc_precision_at_3_diff1": 0.134188,
        "nauc_precision_at_5_max": 0.50069,
        "nauc_precision_at_5_std": 0.259625,
        "nauc_precision_at_5_diff1": 0.153734,
        "nauc_precision_at_10_max": 0.600439,
        "nauc_precision_at_10_std": 0.33121,
        "nauc_precision_at_10_diff1": 0.066205,
        "nauc_precision_at_20_max": 0.508891,
        "nauc_precision_at_20_std": 0.347682,
        "nauc_precision_at_20_diff1": 0.099074,
        "nauc_precision_at_100_max": 0.545653,
        "nauc_precision_at_100_std": 0.405974,
        "nauc_precision_at_100_diff1": 0.055391,
        "nauc_precision_at_1000_max": 0.561652,
        "nauc_precision_at_1000_std": 0.314392,
        "nauc_precision_at_1000_diff1": 0.018877,
        "nauc_mrr_at_1_max": 0.56684,
        "nauc_mrr_at_1_std": 0.233585,
        "nauc_mrr_at_1_diff1": 0.116831,
        "nauc_mrr_at_3_max": 0.514586,
        "nauc_mrr_at_3_std": 0.205059,
        "nauc_mrr_at_3_diff1": 0.108246,
        "nauc_mrr_at_5_max": 0.515115,
        "nauc_mrr_at_5_std": 0.202866,
        "nauc_mrr_at_5_diff1": 0.084501,
        "nauc_mrr_at_10_max": 0.509308,
        "nauc_mrr_at_10_std": 0.227795,
        "nauc_mrr_at_10_diff1": 0.090441,
        "nauc_mrr_at_20_max": 0.510156,
        "nauc_mrr_at_20_std": 0.227387,
        "nauc_mrr_at_20_diff1": 0.092847,
        "nauc_mrr_at_100_max": 0.512632,
        "nauc_mrr_at_100_std": 0.223726,
        "nauc_mrr_at_100_diff1": 0.091455,
        "nauc_mrr_at_1000_max": 0.512666,
        "nauc_mrr_at_1000_std": 0.223793,
        "nauc_mrr_at_1000_diff1": 0.091561,
        "main_score": 0.31127,
        "hf_subset": "default",
        "languages": [
          "eng-Latn"
        ]
      }
    ]
  },
  "evaluation_time": 772.840692281723,
  "kg_co2_emissions": null
}