{
  "dataset_revision": "099ee143c7fdfa6bd7965be8c801cb161c313b29",
  "task_name": "TwitterHjerneRetrieval",
  "mteb_version": "1.34.4",
  "scores": {
    "train": [
      {
        "ndcg_at_1": 0.07692,
        "ndcg_at_3": 0.07925,
        "ndcg_at_5": 0.08627,
        "ndcg_at_10": 0.11437,
        "ndcg_at_20": 0.13868,
        "ndcg_at_100": 0.22525,
        "ndcg_at_1000": 0.30831,
        "map_at_1": 0.02286,
        "map_at_3": 0.04558,
        "map_at_5": 0.05516,
        "map_at_10": 0.06807,
        "map_at_20": 0.07525,
        "map_at_100": 0.08861,
        "map_at_1000": 0.09516,
        "recall_at_1": 0.02286,
        "recall_at_3": 0.06752,
        "recall_at_5": 0.09466,
        "recall_at_10": 0.15406,
        "recall_at_20": 0.22201,
        "recall_at_100": 0.55107,
        "recall_at_1000": 0.98718,
        "precision_at_1": 0.07692,
        "precision_at_3": 0.07265,
        "precision_at_5": 0.06154,
        "precision_at_10": 0.05128,
        "precision_at_20": 0.03718,
        "precision_at_100": 0.01936,
        "precision_at_1000": 0.00336,
        "mrr_at_1": 0.076923,
        "mrr_at_3": 0.130342,
        "mrr_at_5": 0.139316,
        "mrr_at_10": 0.153714,
        "mrr_at_20": 0.161445,
        "mrr_at_100": 0.170618,
        "mrr_at_1000": 0.171464,
        "nauc_ndcg_at_1_max": -0.028783,
        "nauc_ndcg_at_1_std": -0.094695,
        "nauc_ndcg_at_1_diff1": 0.537354,
        "nauc_ndcg_at_3_max": -0.055586,
        "nauc_ndcg_at_3_std": -0.066681,
        "nauc_ndcg_at_3_diff1": 0.273627,
        "nauc_ndcg_at_5_max": -0.113136,
        "nauc_ndcg_at_5_std": -0.079831,
        "nauc_ndcg_at_5_diff1": 0.184841,
        "nauc_ndcg_at_10_max": -0.124278,
        "nauc_ndcg_at_10_std": -0.122342,
        "nauc_ndcg_at_10_diff1": 0.1532,
        "nauc_ndcg_at_20_max": -0.095104,
        "nauc_ndcg_at_20_std": -0.12156,
        "nauc_ndcg_at_20_diff1": 0.18664,
        "nauc_ndcg_at_100_max": -0.01979,
        "nauc_ndcg_at_100_std": -0.071153,
        "nauc_ndcg_at_100_diff1": 0.199088,
        "nauc_ndcg_at_1000_max": -0.048227,
        "nauc_ndcg_at_1000_std": -0.070877,
        "nauc_ndcg_at_1000_diff1": 0.207896,
        "nauc_map_at_1_max": -0.078618,
        "nauc_map_at_1_std": -0.120902,
        "nauc_map_at_1_diff1": 0.587534,
        "nauc_map_at_3_max": -0.115506,
        "nauc_map_at_3_std": -0.109062,
        "nauc_map_at_3_diff1": 0.387289,
        "nauc_map_at_5_max": -0.131091,
        "nauc_map_at_5_std": -0.091712,
        "nauc_map_at_5_diff1": 0.274369,
        "nauc_map_at_10_max": -0.143546,
        "nauc_map_at_10_std": -0.126903,
        "nauc_map_at_10_diff1": 0.227852,
        "nauc_map_at_20_max": -0.117964,
        "nauc_map_at_20_std": -0.12027,
        "nauc_map_at_20_diff1": 0.238121,
        "nauc_map_at_100_max": -0.101339,
        "nauc_map_at_100_std": -0.109005,
        "nauc_map_at_100_diff1": 0.239445,
        "nauc_map_at_1000_max": -0.102821,
        "nauc_map_at_1000_std": -0.108904,
        "nauc_map_at_1000_diff1": 0.237181,
        "nauc_recall_at_1_max": -0.078618,
        "nauc_recall_at_1_std": -0.120902,
        "nauc_recall_at_1_diff1": 0.587534,
        "nauc_recall_at_3_max": -0.086625,
        "nauc_recall_at_3_std": -0.064555,
        "nauc_recall_at_3_diff1": 0.210606,
        "nauc_recall_at_5_max": -0.132636,
        "nauc_recall_at_5_std": -0.060753,
        "nauc_recall_at_5_diff1": 0.074434,
        "nauc_recall_at_10_max": -0.146547,
        "nauc_recall_at_10_std": -0.135428,
        "nauc_recall_at_10_diff1": 0.042605,
        "nauc_recall_at_20_max": -0.101268,
        "nauc_recall_at_20_std": -0.13909,
        "nauc_recall_at_20_diff1": 0.109566,
        "nauc_recall_at_100_max": 0.099058,
        "nauc_recall_at_100_std": -0.018562,
        "nauc_recall_at_100_diff1": 0.137799,
        "nauc_recall_at_1000_max": 0.123517,
        "nauc_recall_at_1000_std": -0.172498,
        "nauc_recall_at_1000_diff1": 1.0,
        "nauc_precision_at_1_max": -0.028783,
        "nauc_precision_at_1_std": -0.094695,
        "nauc_precision_at_1_diff1": 0.537354,
        "nauc_precision_at_3_max": -0.030482,
        "nauc_precision_at_3_std": -0.050419,
        "nauc_precision_at_3_diff1": 0.176461,
        "nauc_precision_at_5_max": -0.084547,
        "nauc_precision_at_5_std": -0.068868,
        "nauc_precision_at_5_diff1": 0.041262,
        "nauc_precision_at_10_max": -0.078295,
        "nauc_precision_at_10_std": -0.117754,
        "nauc_precision_at_10_diff1": 0.019751,
        "nauc_precision_at_20_max": -0.006722,
        "nauc_precision_at_20_std": -0.09509,
        "nauc_precision_at_20_diff1": 0.101855,
        "nauc_precision_at_100_max": 0.167046,
        "nauc_precision_at_100_std": 0.053216,
        "nauc_precision_at_100_diff1": 0.081593,
        "nauc_precision_at_1000_max": 0.183093,
        "nauc_precision_at_1000_std": 0.167439,
        "nauc_precision_at_1000_diff1": -0.0342,
        "nauc_mrr_at_1_max": -0.028783,
        "nauc_mrr_at_1_std": -0.094695,
        "nauc_mrr_at_1_diff1": 0.537354,
        "nauc_mrr_at_3_max": -0.037514,
        "nauc_mrr_at_3_std": -0.055305,
        "nauc_mrr_at_3_diff1": 0.266808,
        "nauc_mrr_at_5_max": -0.068153,
        "nauc_mrr_at_5_std": -0.080598,
        "nauc_mrr_at_5_diff1": 0.250467,
        "nauc_mrr_at_10_max": -0.074274,
        "nauc_mrr_at_10_std": -0.092406,
        "nauc_mrr_at_10_diff1": 0.246028,
        "nauc_mrr_at_20_max": -0.078741,
        "nauc_mrr_at_20_std": -0.100291,
        "nauc_mrr_at_20_diff1": 0.260095,
        "nauc_mrr_at_100_max": -0.074336,
        "nauc_mrr_at_100_std": -0.09293,
        "nauc_mrr_at_100_diff1": 0.262475,
        "nauc_mrr_at_1000_max": -0.075631,
        "nauc_mrr_at_1000_std": -0.093278,
        "nauc_mrr_at_1000_diff1": 0.262946,
        "main_score": 0.11437,
        "hf_subset": "default",
        "languages": [
          "dan-Latn"
        ]
      }
    ]
  },
  "evaluation_time": 0.07295489311218262,
  "kg_co2_emissions": null
}