{
  "dataset_revision": "e39ff896cf3efbbdeeb950e6bd7c79f266995b07",
  "task_name": "Core17InstructionRetrieval",
  "mteb_version": "1.34.4",
  "scores": {
    "test": [
      {
        "p-MRR": -0.019357,
        "individual": {
          "original": {
            "ndcg_at_1": 0.075,
            "ndcg_at_3": 0.09585,
            "ndcg_at_5": 0.0777,
            "ndcg_at_10": 0.07734,
            "ndcg_at_20": 0.0756,
            "ndcg_at_100": 0.11519,
            "ndcg_at_1000": 0.40029,
            "map_at_1": 0.0025,
            "map_at_3": 0.00871,
            "map_at_5": 0.00973,
            "map_at_10": 0.01368,
            "map_at_20": 0.0171,
            "map_at_100": 0.02662,
            "map_at_1000": 0.0618,
            "recall_at_1": 0.0025,
            "recall_at_3": 0.01435,
            "recall_at_5": 0.01564,
            "recall_at_10": 0.02527,
            "recall_at_20": 0.04205,
            "recall_at_100": 0.15158,
            "recall_at_1000": 1.0,
            "precision_at_1": 0.1,
            "precision_at_3": 0.15,
            "precision_at_5": 0.1,
            "precision_at_10": 0.09,
            "precision_at_20": 0.0775,
            "precision_at_100": 0.0545,
            "precision_at_1000": 0.0327,
            "naucs_at_1_max": 0.661926,
            "naucs_at_1_std": -0.242823,
            "naucs_at_1_diff1": 0.059029,
            "naucs_at_3_max": 0.449416,
            "naucs_at_3_std": -0.144828,
            "naucs_at_3_diff1": 0.013719,
            "naucs_at_5_max": 0.449416,
            "naucs_at_5_std": -0.144828,
            "naucs_at_5_diff1": 0.013719,
            "naucs_at_10_max": 0.502768,
            "naucs_at_10_std": -0.127684,
            "naucs_at_10_diff1": 0.052552,
            "naucs_at_20_max": 0.472755,
            "naucs_at_20_std": -0.158841,
            "naucs_at_20_diff1": 0.024405,
            "naucs_at_100_max": 0.488838,
            "naucs_at_100_std": -0.155453,
            "naucs_at_100_diff1": 0.032365,
            "naucs_at_1000_max": 0.489337,
            "naucs_at_1000_std": -0.156059,
            "naucs_at_1000_diff1": 0.032401,
            "mrr_at_1": 0.1,
            "mrr_at_3": 0.175,
            "mrr_at_5": 0.175,
            "mrr_at_10": 0.197222,
            "mrr_at_20": 0.208333,
            "mrr_at_100": 0.217159,
            "mrr_at_1000": 0.217521
          },
          "changed": {
            "ndcg_at_1": 0.2,
            "ndcg_at_3": 0.2,
            "ndcg_at_5": 0.17091,
            "ndcg_at_10": 0.15934,
            "ndcg_at_20": 0.13709,
            "ndcg_at_100": 0.17695,
            "ndcg_at_1000": 0.49869,
            "map_at_1": 0.00474,
            "map_at_3": 0.01159,
            "map_at_5": 0.01432,
            "map_at_10": 0.02203,
            "map_at_20": 0.02733,
            "map_at_100": 0.04706,
            "map_at_1000": 0.10426,
            "recall_at_1": 0.00474,
            "recall_at_3": 0.01518,
            "recall_at_5": 0.01827,
            "recall_at_10": 0.03292,
            "recall_at_20": 0.04879,
            "recall_at_100": 0.20237,
            "recall_at_1000": 1.0,
            "precision_at_1": 0.2,
            "precision_at_3": 0.26667,
            "precision_at_5": 0.2,
            "precision_at_10": 0.175,
            "precision_at_20": 0.1375,
            "precision_at_100": 0.104,
            "precision_at_1000": 0.0545,
            "naucs_at_1_max": -0.070149,
            "naucs_at_1_std": -0.503552,
            "naucs_at_1_diff1": 0.01001,
            "naucs_at_3_max": -0.047199,
            "naucs_at_3_std": -0.426833,
            "naucs_at_3_diff1": 0.110998,
            "naucs_at_5_max": -0.047199,
            "naucs_at_5_std": -0.426833,
            "naucs_at_5_diff1": 0.110998,
            "naucs_at_10_max": -0.027398,
            "naucs_at_10_std": -0.409404,
            "naucs_at_10_diff1": 0.131787,
            "naucs_at_20_max": -0.031594,
            "naucs_at_20_std": -0.421158,
            "naucs_at_20_diff1": 0.117647,
            "naucs_at_100_max": -0.03753,
            "naucs_at_100_std": -0.425789,
            "naucs_at_100_diff1": 0.109339,
            "naucs_at_1000_max": -0.03753,
            "naucs_at_1000_std": -0.425789,
            "naucs_at_1000_diff1": 0.109339,
            "mrr_at_1": 0.2,
            "mrr_at_3": 0.325,
            "mrr_at_5": 0.325,
            "mrr_at_10": 0.330556,
            "mrr_at_20": 0.340983,
            "mrr_at_100": 0.350172,
            "mrr_at_1000": 0.350172
          }
        },
        "main_score": -0.019357,
        "hf_subset": "default",
        "languages": [
          "eng-Latn"
        ]
      }
    ]
  },
  "evaluation_time": 27.502921104431152,
  "kg_co2_emissions": null
}