{
  "dataset_revision": "1271c7809071a13532e05f25fb53511ffce77117",
  "task_name": "CovidRetrieval",
  "mteb_version": "1.34.4",
  "scores": {
    "dev": [
      {
        "ndcg_at_1": 0.2118,
        "ndcg_at_3": 0.26753,
        "ndcg_at_5": 0.29082,
        "ndcg_at_10": 0.31178,
        "ndcg_at_20": 0.33152,
        "ndcg_at_100": 0.35821,
        "ndcg_at_1000": 0.38007,
        "map_at_1": 0.2118,
        "map_at_3": 0.25347,
        "map_at_5": 0.26661,
        "map_at_10": 0.27548,
        "map_at_20": 0.28089,
        "map_at_100": 0.2846,
        "map_at_1000": 0.28531,
        "recall_at_1": 0.2118,
        "recall_at_3": 0.30743,
        "recall_at_5": 0.36328,
        "recall_at_10": 0.42729,
        "recall_at_20": 0.50527,
        "recall_at_100": 0.6491,
        "recall_at_1000": 0.82666,
        "precision_at_1": 0.2118,
        "precision_at_3": 0.10292,
        "precision_at_5": 0.07313,
        "precision_at_10": 0.04331,
        "precision_at_20": 0.02561,
        "precision_at_100": 0.00656,
        "precision_at_1000": 0.00084,
        "mrr_at_1": 0.211802,
        "mrr_at_3": 0.254478,
        "mrr_at_5": 0.267281,
        "mrr_at_10": 0.275767,
        "mrr_at_20": 0.281138,
        "mrr_at_100": 0.284799,
        "mrr_at_1000": 0.285516,
        "nauc_ndcg_at_1_max": 0.277687,
        "nauc_ndcg_at_1_std": -0.015616,
        "nauc_ndcg_at_1_diff1": 0.511875,
        "nauc_ndcg_at_3_max": 0.27757,
        "nauc_ndcg_at_3_std": 0.021671,
        "nauc_ndcg_at_3_diff1": 0.442969,
        "nauc_ndcg_at_5_max": 0.278672,
        "nauc_ndcg_at_5_std": 0.043573,
        "nauc_ndcg_at_5_diff1": 0.426226,
        "nauc_ndcg_at_10_max": 0.285141,
        "nauc_ndcg_at_10_std": 0.057014,
        "nauc_ndcg_at_10_diff1": 0.412959,
        "nauc_ndcg_at_20_max": 0.2941,
        "nauc_ndcg_at_20_std": 0.06785,
        "nauc_ndcg_at_20_diff1": 0.407798,
        "nauc_ndcg_at_100_max": 0.287585,
        "nauc_ndcg_at_100_std": 0.081087,
        "nauc_ndcg_at_100_diff1": 0.404951,
        "nauc_ndcg_at_1000_max": 0.288615,
        "nauc_ndcg_at_1000_std": 0.08512,
        "nauc_ndcg_at_1000_diff1": 0.407109,
        "nauc_map_at_1_max": 0.277687,
        "nauc_map_at_1_std": -0.015616,
        "nauc_map_at_1_diff1": 0.511875,
        "nauc_map_at_3_max": 0.276776,
        "nauc_map_at_3_std": 0.012507,
        "nauc_map_at_3_diff1": 0.459866,
        "nauc_map_at_5_max": 0.277399,
        "nauc_map_at_5_std": 0.025301,
        "nauc_map_at_5_diff1": 0.449972,
        "nauc_map_at_10_max": 0.2794,
        "nauc_map_at_10_std": 0.03209,
        "nauc_map_at_10_diff1": 0.444116,
        "nauc_map_at_20_max": 0.282195,
        "nauc_map_at_20_std": 0.034948,
        "nauc_map_at_20_diff1": 0.442513,
        "nauc_map_at_100_max": 0.281224,
        "nauc_map_at_100_std": 0.037033,
        "nauc_map_at_100_diff1": 0.442414,
        "nauc_map_at_1000_max": 0.28128,
        "nauc_map_at_1000_std": 0.037225,
        "nauc_map_at_1000_diff1": 0.442561,
        "nauc_recall_at_1_max": 0.277687,
        "nauc_recall_at_1_std": -0.015616,
        "nauc_recall_at_1_diff1": 0.511875,
        "nauc_recall_at_3_max": 0.280338,
        "nauc_recall_at_3_std": 0.042136,
        "nauc_recall_at_3_diff1": 0.397461,
        "nauc_recall_at_5_max": 0.2823,
        "nauc_recall_at_5_std": 0.091167,
        "nauc_recall_at_5_diff1": 0.361651,
        "nauc_recall_at_10_max": 0.303529,
        "nauc_recall_at_10_std": 0.125751,
        "nauc_recall_at_10_diff1": 0.324639,
        "nauc_recall_at_20_max": 0.334989,
        "nauc_recall_at_20_std": 0.168679,
        "nauc_recall_at_20_diff1": 0.304152,
        "nauc_recall_at_100_max": 0.306275,
        "nauc_recall_at_100_std": 0.264161,
        "nauc_recall_at_100_diff1": 0.264115,
        "nauc_recall_at_1000_max": 0.329931,
        "nauc_recall_at_1000_std": 0.444692,
        "nauc_recall_at_1000_diff1": 0.187805,
        "nauc_precision_at_1_max": 0.277687,
        "nauc_precision_at_1_std": -0.015616,
        "nauc_precision_at_1_diff1": 0.511875,
        "nauc_precision_at_3_max": 0.280258,
        "nauc_precision_at_3_std": 0.047814,
        "nauc_precision_at_3_diff1": 0.398135,
        "nauc_precision_at_5_max": 0.278654,
        "nauc_precision_at_5_std": 0.094045,
        "nauc_precision_at_5_diff1": 0.358848,
        "nauc_precision_at_10_max": 0.286561,
        "nauc_precision_at_10_std": 0.140432,
        "nauc_precision_at_10_diff1": 0.315227,
        "nauc_precision_at_20_max": 0.318582,
        "nauc_precision_at_20_std": 0.185211,
        "nauc_precision_at_20_diff1": 0.292528,
        "nauc_precision_at_100_max": 0.287625,
        "nauc_precision_at_100_std": 0.280758,
        "nauc_precision_at_100_diff1": 0.251883,
        "nauc_precision_at_1000_max": 0.298066,
        "nauc_precision_at_1000_std": 0.452777,
        "nauc_precision_at_1000_diff1": 0.167571,
        "nauc_mrr_at_1_max": 0.277687,
        "nauc_mrr_at_1_std": -0.015616,
        "nauc_mrr_at_1_diff1": 0.511875,
        "nauc_mrr_at_3_max": 0.278479,
        "nauc_mrr_at_3_std": 0.01752,
        "nauc_mrr_at_3_diff1": 0.460114,
        "nauc_mrr_at_5_max": 0.27789,
        "nauc_mrr_at_5_std": 0.029022,
        "nauc_mrr_at_5_diff1": 0.450306,
        "nauc_mrr_at_10_max": 0.281028,
        "nauc_mrr_at_10_std": 0.033851,
        "nauc_mrr_at_10_diff1": 0.444891,
        "nauc_mrr_at_20_max": 0.283713,
        "nauc_mrr_at_20_std": 0.036598,
        "nauc_mrr_at_20_diff1": 0.443322,
        "nauc_mrr_at_100_max": 0.282568,
        "nauc_mrr_at_100_std": 0.038517,
        "nauc_mrr_at_100_diff1": 0.443062,
        "nauc_mrr_at_1000_max": 0.282634,
        "nauc_mrr_at_1000_std": 0.038706,
        "nauc_mrr_at_1000_diff1": 0.443208,
        "main_score": 0.31178,
        "hf_subset": "default",
        "languages": [
          "cmn-Hans"
        ]
      }
    ]
  },
  "evaluation_time": 453.5157160758972,
  "kg_co2_emissions": null
}