{
  "dataset_revision": "e0144086b45fe31ac125e9ac1a83b6a409bb6ca6",
  "task_name": "News21InstructionRetrieval",
  "mteb_version": "1.34.4",
  "scores": {
    "test": [
      {
        "p-MRR": -0.002675,
        "individual": {
          "original": {
            "ndcg_at_1": 0.17969,
            "ndcg_at_3": 0.16169,
            "ndcg_at_5": 0.1633,
            "ndcg_at_10": 0.18464,
            "ndcg_at_20": 0.20607,
            "ndcg_at_100": 0.29722,
            "ndcg_at_1000": 0.41217,
            "map_at_1": 0.02783,
            "map_at_3": 0.0486,
            "map_at_5": 0.06251,
            "map_at_10": 0.08212,
            "map_at_20": 0.09715,
            "map_at_100": 0.12371,
            "map_at_1000": 0.14634,
            "recall_at_1": 0.02783,
            "recall_at_3": 0.05682,
            "recall_at_5": 0.0876,
            "recall_at_10": 0.14975,
            "recall_at_20": 0.23357,
            "recall_at_100": 0.49377,
            "recall_at_1000": 1.0,
            "precision_at_1": 0.28125,
            "precision_at_3": 0.22917,
            "precision_at_5": 0.20625,
            "precision_at_10": 0.17813,
            "precision_at_20": 0.13594,
            "precision_at_100": 0.06625,
            "precision_at_1000": 0.01634,
            "naucs_at_1_max": -0.010368,
            "naucs_at_1_std": -0.012862,
            "naucs_at_1_diff1": -0.238433,
            "naucs_at_3_max": -0.060685,
            "naucs_at_3_std": -0.051202,
            "naucs_at_3_diff1": -0.176043,
            "naucs_at_5_max": -0.019675,
            "naucs_at_5_std": -0.074681,
            "naucs_at_5_diff1": -0.173597,
            "naucs_at_10_max": -0.013398,
            "naucs_at_10_std": -0.047243,
            "naucs_at_10_diff1": -0.173801,
            "naucs_at_20_max": -0.017708,
            "naucs_at_20_std": -0.041703,
            "naucs_at_20_diff1": -0.193779,
            "naucs_at_100_max": -0.017442,
            "naucs_at_100_std": -0.043742,
            "naucs_at_100_diff1": -0.196247,
            "naucs_at_1000_max": -0.017442,
            "naucs_at_1000_std": -0.043742,
            "naucs_at_1000_diff1": -0.196247,
            "mrr_at_1": 0.28125,
            "mrr_at_3": 0.369792,
            "mrr_at_5": 0.377604,
            "mrr_at_10": 0.394655,
            "mrr_at_20": 0.410642,
            "mrr_at_100": 0.413712,
            "mrr_at_1000": 0.413712
          },
          "changed": {
            "ndcg_at_1": 0.3125,
            "ndcg_at_3": 0.31995,
            "ndcg_at_5": 0.30553,
            "ndcg_at_10": 0.29123,
            "ndcg_at_20": 0.28935,
            "ndcg_at_100": 0.38804,
            "ndcg_at_1000": 0.54736,
            "map_at_1": 0.02277,
            "map_at_3": 0.05487,
            "map_at_5": 0.07457,
            "map_at_10": 0.10807,
            "map_at_20": 0.13185,
            "map_at_100": 0.19229,
            "map_at_1000": 0.24272,
            "recall_at_1": 0.02277,
            "recall_at_3": 0.0604,
            "recall_at_5": 0.08521,
            "recall_at_10": 0.14361,
            "recall_at_20": 0.20054,
            "recall_at_100": 0.45261,
            "recall_at_1000": 1.0,
            "precision_at_1": 0.65625,
            "precision_at_3": 0.5625,
            "precision_at_5": 0.49375,
            "precision_at_10": 0.4125,
            "precision_at_20": 0.30625,
            "precision_at_100": 0.15594,
            "precision_at_1000": 0.03725,
            "naucs_at_1_max": 0.073385,
            "naucs_at_1_std": 0.265516,
            "naucs_at_1_diff1": 0.223193,
            "naucs_at_3_max": 0.028314,
            "naucs_at_3_std": 0.206428,
            "naucs_at_3_diff1": 0.220192,
            "naucs_at_5_max": 0.010858,
            "naucs_at_5_std": 0.158909,
            "naucs_at_5_diff1": 0.1799,
            "naucs_at_10_max": 0.019375,
            "naucs_at_10_std": 0.17849,
            "naucs_at_10_diff1": 0.210275,
            "naucs_at_20_max": 0.026986,
            "naucs_at_20_std": 0.196703,
            "naucs_at_20_diff1": 0.215384,
            "naucs_at_100_max": 0.026986,
            "naucs_at_100_std": 0.196703,
            "naucs_at_100_diff1": 0.215384,
            "naucs_at_1000_max": 0.026986,
            "naucs_at_1000_std": 0.196703,
            "naucs_at_1000_diff1": 0.215384,
            "mrr_at_1": 0.65625,
            "mrr_at_3": 0.71875,
            "mrr_at_5": 0.734375,
            "mrr_at_10": 0.748512,
            "mrr_at_20": 0.751353,
            "mrr_at_100": 0.751353,
            "mrr_at_1000": 0.751353
          }
        },
        "main_score": -0.002675,
        "hf_subset": "default",
        "languages": [
          "eng-Latn"
        ]
      }
    ]
  },
  "evaluation_time": 49.97777724266052,
  "kg_co2_emissions": null
}