{
  "dataset_revision": "9e9b1f8ef51616073f47f306f7f47dd91663f86a",
  "task_name": "OpusparcusPC",
  "mteb_version": "1.34.4",
  "scores": {
    "test.full": [
      {
        "similarity_accuracy": 0.779986,
        "similarity_accuracy_threshold": 0.262588,
        "similarity_f1": 0.864283,
        "similarity_f1_threshold": 0.213302,
        "similarity_precision": 0.787284,
        "similarity_recall": 0.957975,
        "similarity_ap": 0.908625,
        "cosine_accuracy": 0.779986,
        "cosine_accuracy_threshold": 0.262588,
        "cosine_f1": 0.864283,
        "cosine_f1_threshold": 0.213302,
        "cosine_precision": 0.787284,
        "cosine_recall": 0.957975,
        "cosine_ap": 0.908625,
        "manhattan_accuracy": 0.759404,
        "manhattan_accuracy_threshold": 1039.069649,
        "manhattan_f1": 0.855579,
        "manhattan_f1_threshold": 1147.231876,
        "manhattan_precision": 0.76506,
        "manhattan_recall": 0.970392,
        "manhattan_ap": 0.908092,
        "euclidean_accuracy": 0.760114,
        "euclidean_accuracy_threshold": 102.407367,
        "euclidean_f1": 0.856901,
        "euclidean_f1_threshold": 103.34805,
        "euclidean_precision": 0.769582,
        "euclidean_recall": 0.966571,
        "euclidean_ap": 0.906655,
        "dot_accuracy": 0.779986,
        "dot_accuracy_threshold": 1628.85927,
        "dot_f1": 0.861684,
        "dot_f1_threshold": 1105.982824,
        "dot_precision": 0.782982,
        "dot_recall": 0.957975,
        "dot_ap": 0.865334,
        "max_accuracy": 0.779986,
        "max_f1": 0.864283,
        "max_precision": 0.787284,
        "max_recall": 0.970392,
        "max_ap": 0.908625,
        "main_score": 0.908625,
        "hf_subset": "de",
        "languages": [
          "deu-Latn"
        ]
      },
      {
        "similarity_accuracy": 0.843472,
        "similarity_accuracy_threshold": 0.390456,
        "similarity_f1": 0.897423,
        "similarity_f1_threshold": 0.388877,
        "similarity_precision": 0.858605,
        "similarity_recall": 0.939919,
        "similarity_ap": 0.947632,
        "cosine_accuracy": 0.843472,
        "cosine_accuracy_threshold": 0.390456,
        "cosine_f1": 0.897423,
        "cosine_f1_threshold": 0.388877,
        "cosine_precision": 0.858605,
        "cosine_recall": 0.939919,
        "cosine_ap": 0.947632,
        "manhattan_accuracy": 0.804896,
        "manhattan_accuracy_threshold": 832.758628,
        "manhattan_f1": 0.876173,
        "manhattan_f1_threshold": 866.444045,
        "manhattan_precision": 0.812174,
        "manhattan_recall": 0.95112,
        "manhattan_ap": 0.942838,
        "euclidean_accuracy": 0.803412,
        "euclidean_accuracy_threshold": 78.892208,
        "euclidean_f1": 0.876572,
        "euclidean_f1_threshold": 78.892208,
        "euclidean_precision": 0.807725,
        "euclidean_recall": 0.958248,
        "euclidean_ap": 0.942212,
        "dot_accuracy": 0.824926,
        "dot_accuracy_threshold": 1386.294253,
        "dot_f1": 0.88523,
        "dot_f1_threshold": 1368.941629,
        "dot_precision": 0.843952,
        "dot_recall": 0.930754,
        "dot_ap": 0.900096,
        "max_accuracy": 0.843472,
        "max_f1": 0.897423,
        "max_precision": 0.858605,
        "max_recall": 0.958248,
        "max_ap": 0.947632,
        "main_score": 0.947632,
        "hf_subset": "en",
        "languages": [
          "eng-Latn"
        ]
      },
      {
        "similarity_accuracy": 0.731847,
        "similarity_accuracy_threshold": 0.352997,
        "similarity_f1": 0.789146,
        "similarity_f1_threshold": 0.16619,
        "similarity_precision": 0.687597,
        "similarity_recall": 0.925887,
        "similarity_ap": 0.85933,
        "cosine_accuracy": 0.731847,
        "cosine_accuracy_threshold": 0.352997,
        "cosine_f1": 0.789146,
        "cosine_f1_threshold": 0.16619,
        "cosine_precision": 0.687597,
        "cosine_recall": 0.925887,
        "cosine_ap": 0.85933,
        "manhattan_accuracy": 0.705732,
        "manhattan_accuracy_threshold": 924.05132,
        "manhattan_f1": 0.783857,
        "manhattan_f1_threshold": 1112.91464,
        "manhattan_precision": 0.687107,
        "manhattan_recall": 0.912317,
        "manhattan_ap": 0.840875,
        "euclidean_accuracy": 0.711465,
        "euclidean_accuracy_threshold": 86.289083,
        "euclidean_f1": 0.778875,
        "euclidean_f1_threshold": 107.157974,
        "euclidean_precision": 0.661561,
        "euclidean_recall": 0.946764,
        "euclidean_ap": 0.839186,
        "dot_accuracy": 0.723567,
        "dot_accuracy_threshold": 1487.290317,
        "dot_f1": 0.789986,
        "dot_f1_threshold": 1142.714381,
        "dot_precision": 0.710592,
        "dot_recall": 0.889353,
        "dot_ap": 0.810593,
        "max_accuracy": 0.731847,
        "max_f1": 0.789986,
        "max_precision": 0.710592,
        "max_recall": 0.946764,
        "max_ap": 0.85933,
        "main_score": 0.85933,
        "hf_subset": "fi",
        "languages": [
          "fin-Latn"
        ]
      },
      {
        "similarity_accuracy": 0.74455,
        "similarity_accuracy_threshold": 0.358319,
        "similarity_f1": 0.828402,
        "similarity_f1_threshold": 0.344279,
        "similarity_precision": 0.764706,
        "similarity_recall": 0.903674,
        "similarity_ap": 0.877003,
        "cosine_accuracy": 0.74455,
        "cosine_accuracy_threshold": 0.358319,
        "cosine_f1": 0.828402,
        "cosine_f1_threshold": 0.344279,
        "cosine_precision": 0.764706,
        "cosine_recall": 0.903674,
        "cosine_ap": 0.877003,
        "manhattan_accuracy": 0.728202,
        "manhattan_accuracy_threshold": 883.032464,
        "manhattan_f1": 0.825437,
        "manhattan_f1_threshold": 998.620209,
        "manhattan_precision": 0.723802,
        "manhattan_recall": 0.960278,
        "manhattan_ap": 0.877708,
        "euclidean_accuracy": 0.726158,
        "euclidean_accuracy_threshold": 82.18112,
        "euclidean_f1": 0.822107,
        "euclidean_f1_threshold": 87.627448,
        "euclidean_precision": 0.727273,
        "euclidean_recall": 0.945382,
        "euclidean_ap": 0.876059,
        "dot_accuracy": 0.722071,
        "dot_accuracy_threshold": 1396.08019,
        "dot_f1": 0.819672,
        "dot_f1_threshold": 825.544665,
        "dot_precision": 0.710641,
        "dot_recall": 0.968222,
        "dot_ap": 0.796188,
        "max_accuracy": 0.74455,
        "max_f1": 0.828402,
        "max_precision": 0.764706,
        "max_recall": 0.968222,
        "max_ap": 0.877708,
        "main_score": 0.877708,
        "hf_subset": "fr",
        "languages": [
          "fra-Latn"
        ]
      },
      {
        "similarity_accuracy": 0.681985,
        "similarity_accuracy_threshold": 0.390565,
        "similarity_f1": 0.793425,
        "similarity_f1_threshold": 0.010741,
        "similarity_precision": 0.660037,
        "similarity_recall": 0.994382,
        "similarity_ap": 0.815541,
        "cosine_accuracy": 0.681985,
        "cosine_accuracy_threshold": 0.390565,
        "cosine_f1": 0.793425,
        "cosine_f1_threshold": 0.010741,
        "cosine_precision": 0.660037,
        "cosine_recall": 0.994382,
        "cosine_ap": 0.815541,
        "manhattan_accuracy": 0.678922,
        "manhattan_accuracy_threshold": 1147.410616,
        "manhattan_f1": 0.793049,
        "manhattan_f1_threshold": 1149.988773,
        "manhattan_precision": 0.685792,
        "manhattan_recall": 0.940075,
        "manhattan_ap": 0.807107,
        "euclidean_accuracy": 0.675858,
        "euclidean_accuracy_threshold": 100.162788,
        "euclidean_f1": 0.792711,
        "euclidean_f1_threshold": 117.272586,
        "euclidean_precision": 0.666667,
        "euclidean_recall": 0.977528,
        "euclidean_ap": 0.80623,
        "dot_accuracy": 0.677696,
        "dot_accuracy_threshold": 1924.625109,
        "dot_f1": 0.793425,