{
  "dataset_revision": "a5a1c4fe2bc528ac12e83f8cdf82178da85d2f1d",
  "task_name": "Robust04InstructionRetrieval",
  "mteb_version": "1.34.4",
  "scores": {
    "test": [
      {
        "p-MRR": 0.019881,
        "individual": {
          "original": {
            "ndcg_at_1": 0.08654,
            "ndcg_at_3": 0.06387,
            "ndcg_at_5": 0.06558,
            "ndcg_at_10": 0.07359,
            "ndcg_at_20": 0.0827,
            "ndcg_at_100": 0.13613,
            "ndcg_at_1000": 0.35518,
            "map_at_1": 0.00824,
            "map_at_3": 0.01288,
            "map_at_5": 0.01671,
            "map_at_10": 0.0221,
            "map_at_20": 0.02585,
            "map_at_100": 0.0364,
            "map_at_1000": 0.05751,
            "recall_at_1": 0.00824,
            "recall_at_3": 0.01828,
            "recall_at_5": 0.03593,
            "recall_at_10": 0.06228,
            "recall_at_20": 0.09345,
            "recall_at_100": 0.23445,
            "recall_at_1000": 1.0,
            "precision_at_1": 0.09615,
            "precision_at_3": 0.0641,
            "precision_at_5": 0.06154,
            "precision_at_10": 0.06538,
            "precision_at_20": 0.05769,
            "precision_at_100": 0.03712,
            "precision_at_1000": 0.01981,
            "naucs_at_1_max": -0.273291,
            "naucs_at_1_std": -0.363748,
            "naucs_at_1_diff1": -0.030003,
            "naucs_at_3_max": -0.231674,
            "naucs_at_3_std": -0.342988,
            "naucs_at_3_diff1": 0.000645,
            "naucs_at_5_max": -0.209491,
            "naucs_at_5_std": -0.303518,
            "naucs_at_5_diff1": 0.01714,
            "naucs_at_10_max": -0.197883,
            "naucs_at_10_std": -0.337667,
            "naucs_at_10_diff1": 0.02301,
            "naucs_at_20_max": -0.208024,
            "naucs_at_20_std": -0.353229,
            "naucs_at_20_diff1": 0.033906,
            "naucs_at_100_max": -0.203959,
            "naucs_at_100_std": -0.345028,
            "naucs_at_100_diff1": 0.024684,
            "naucs_at_1000_max": -0.205085,
            "naucs_at_1000_std": -0.344234,
            "naucs_at_1000_diff1": 0.025977,
            "mrr_at_1": 0.096154,
            "mrr_at_3": 0.137821,
            "mrr_at_5": 0.154167,
            "mrr_at_10": 0.178251,
            "mrr_at_20": 0.18844,
            "mrr_at_100": 0.192893,
            "mrr_at_1000": 0.193818
          },
          "changed": {
            "ndcg_at_1": 0.06731,
            "ndcg_at_3": 0.07398,
            "ndcg_at_5": 0.08631,
            "ndcg_at_10": 0.08502,
            "ndcg_at_20": 0.09007,
            "ndcg_at_100": 0.1418,
            "ndcg_at_1000": 0.41302,
            "map_at_1": 0.0032,
            "map_at_3": 0.00756,
            "map_at_5": 0.01145,
            "map_at_10": 0.01452,
            "map_at_20": 0.02057,
            "map_at_100": 0.03454,
            "map_at_1000": 0.06887,
            "recall_at_1": 0.0032,
            "recall_at_3": 0.01355,
            "recall_at_5": 0.0282,
            "recall_at_10": 0.04277,
            "recall_at_20": 0.07931,
            "recall_at_100": 0.21796,
            "recall_at_1000": 1.0,
            "precision_at_1": 0.09615,
            "precision_at_3": 0.10256,
            "precision_at_5": 0.11538,
            "precision_at_10": 0.1,
            "precision_at_20": 0.09038,
            "precision_at_100": 0.06,
            "precision_at_1000": 0.03369,
            "naucs_at_1_max": -0.030003,
            "naucs_at_1_std": -0.215956,
            "naucs_at_1_diff1": 0.03388,
            "naucs_at_3_max": 0.035086,
            "naucs_at_3_std": -0.211279,
            "naucs_at_3_diff1": -0.005298,
            "naucs_at_5_max": -0.00396,
            "naucs_at_5_std": -0.214547,
            "naucs_at_5_diff1": 0.022822,
            "naucs_at_10_max": -0.026593,
            "naucs_at_10_std": -0.27984,
            "naucs_at_10_diff1": 0.038333,
            "naucs_at_20_max": -0.031793,
            "naucs_at_20_std": -0.274801,
            "naucs_at_20_diff1": 0.031654,
            "naucs_at_100_max": -0.02426,
            "naucs_at_100_std": -0.270423,
            "naucs_at_100_diff1": 0.032884,
            "naucs_at_1000_max": -0.024992,
            "naucs_at_1000_std": -0.271129,
            "naucs_at_1000_diff1": 0.032429,
            "mrr_at_1": 0.096154,
            "mrr_at_3": 0.157051,
            "mrr_at_5": 0.194551,
            "mrr_at_10": 0.218926,
            "mrr_at_20": 0.227523,
            "mrr_at_100": 0.2302,
            "mrr_at_1000": 0.230782
          }
        },
        "main_score": 0.019881,
        "hf_subset": "default",
        "languages": [
          "eng-Latn"
        ]
      }
    ]
  },
  "evaluation_time": 87.61738204956055,
  "kg_co2_emissions": null
}