{
  "dataset_revision": "e25c91bc31859606507a968559ab1de0f472d007",
  "task_name": "VoyageMMarcoReranking",
  "mteb_version": "1.34.4",
  "scores": {
    "test": [
      {
        "map": 0.288698,
        "mrr": 0.272754,
        "nAUC_map_max": 0.110108,
        "nAUC_map_std": 0.024171,
        "nAUC_map_diff1": 0.183258,
        "nAUC_mrr_max": 0.097882,
        "nAUC_mrr_std": 0.026148,
        "nAUC_mrr_diff1": 0.164448,
        "main_score": 0.288698,
        "hf_subset": "default",
        "languages": [
          "jpn-Jpan"
        ]
      }
    ]
  },
  "evaluation_time": 237.21493101119995,
  "kg_co2_emissions": null
}