{
  "dataset_revision": "f43b4f32987048043a8b31e5e26be4d360c2438f",
  "task_name": "ArmenianParaphrasePC",
  "mteb_version": "1.34.4",
  "scores": {
    "test": [
      {
        "similarity_accuracy": 0.872789,
        "similarity_accuracy_threshold": 0.760195,
        "similarity_f1": 0.914102,
        "similarity_f1_threshold": 0.760195,
        "similarity_precision": 0.860727,
        "similarity_recall": 0.974535,
        "similarity_ap": 0.924036,
        "cosine_accuracy": 0.872789,
        "cosine_accuracy_threshold": 0.760195,
        "cosine_f1": 0.914102,
        "cosine_f1_threshold": 0.760195,
        "cosine_precision": 0.860727,
        "cosine_recall": 0.974535,
        "cosine_ap": 0.924036,
        "manhattan_accuracy": 0.853741,
        "manhattan_accuracy_threshold": 29.70264,
        "manhattan_f1": 0.89843,
        "manhattan_f1_threshold": 32.626798,
        "manhattan_precision": 0.849782,
        "manhattan_recall": 0.952987,
        "manhattan_ap": 0.923562,
        "euclidean_accuracy": 0.84898,
        "euclidean_accuracy_threshold": 2.641031,
        "euclidean_f1": 0.894487,
        "euclidean_f1_threshold": 2.800761,
        "euclidean_precision": 0.868883,
        "euclidean_recall": 0.921645,
        "euclidean_ap": 0.923728,
        "dot_accuracy": 0.781633,
        "dot_accuracy_threshold": 8.837915,
        "dot_f1": 0.861219,
        "dot_f1_threshold": 8.837915,
        "dot_precision": 0.770898,
        "dot_recall": 0.975514,
        "dot_ap": 0.821886,
        "max_accuracy": 0.872789,
        "max_f1": 0.914102,
        "max_precision": 0.868883,
        "max_recall": 0.975514,
        "max_ap": 0.924036,
        "main_score": 0.924036,
        "hf_subset": "default",
        "languages": [
          "hye-Armn"
        ]
      }
    ]
  },
  "evaluation_time": 0.23362374305725098,
  "kg_co2_emissions": null
}