{
  "dataset_revision": "3c976110fc13596004dc36279fc4c453ff2c18aa",
  "task_name": "indonli",
  "mteb_version": "1.34.4",
  "scores": {
    "test_expert": [
      {
        "similarity_accuracy": 0.518137,
        "similarity_accuracy_threshold": 0.447809,
        "similarity_f1": 0.675544,
        "similarity_f1_threshold": 0.013593,
        "similarity_precision": 0.510304,
        "similarity_recall": 0.999039,
        "similarity_ap": 0.483484,
        "cosine_accuracy": 0.518137,
        "cosine_accuracy_threshold": 0.447809,
        "cosine_f1": 0.675544,
        "cosine_f1_threshold": 0.013593,
        "cosine_precision": 0.510304,
        "cosine_recall": 0.999039,
        "cosine_ap": 0.483484,
        "manhattan_accuracy": 0.511275,
        "manhattan_accuracy_threshold": 57.712248,
        "manhattan_f1": 0.675983,
        "manhattan_f1_threshold": 90.498734,
        "manhattan_precision": 0.510806,
        "manhattan_recall": 0.999039,
        "manhattan_ap": 0.481395,
        "euclidean_accuracy": 0.510294,
        "euclidean_accuracy_threshold": 5.367685,
        "euclidean_f1": 0.675544,
        "euclidean_f1_threshold": 8.795017,
        "euclidean_precision": 0.510304,
        "euclidean_recall": 0.999039,
        "euclidean_ap": 0.480342,
        "dot_accuracy": 0.513725,
        "dot_accuracy_threshold": 10.127613,
        "dot_f1": 0.675544,
        "dot_f1_threshold": 0.302196,
        "dot_precision": 0.510304,
        "dot_recall": 0.999039,
        "dot_ap": 0.512638,
        "max_accuracy": 0.518137,
        "max_f1": 0.675983,
        "max_precision": 0.510806,
        "max_recall": 0.999039,
        "max_ap": 0.512638,
        "main_score": 0.512638,
        "hf_subset": "default",
        "languages": [
          "ind-Latn"
        ]
      }
    ]
  },
  "evaluation_time": 0.12648797035217285,
  "kg_co2_emissions": null
}