{
  "dataset_revision": "f69691c650464e62546d7f2a4536f8f87c891e38",
  "task_name": "LegalBenchCorporateLobbying",
  "mteb_version": "1.34.4",
  "scores": {
    "test": [
      {
        "ndcg_at_1": 0.51176,
        "ndcg_at_3": 0.60101,
        "ndcg_at_5": 0.61772,
        "ndcg_at_10": 0.64075,
        "ndcg_at_20": 0.65286,
        "ndcg_at_100": 0.67747,
        "ndcg_at_1000": 0.68376,
        "map_at_1": 0.51176,
        "map_at_3": 0.5799,
        "map_at_5": 0.58902,
        "map_at_10": 0.59865,
        "map_at_20": 0.60209,
        "map_at_100": 0.60554,
        "map_at_1000": 0.60581,
        "recall_at_1": 0.51176,
        "recall_at_3": 0.66176,
        "recall_at_5": 0.70294,
        "recall_at_10": 0.77353,
        "recall_at_20": 0.82059,
        "recall_at_100": 0.95294,
        "recall_at_1000": 1.0,
        "precision_at_1": 0.51176,
        "precision_at_3": 0.22059,
        "precision_at_5": 0.14059,
        "precision_at_10": 0.07735,
        "precision_at_20": 0.04103,
        "precision_at_100": 0.00953,
        "precision_at_1000": 0.001,
        "mrr_at_1": 0.511765,
        "mrr_at_3": 0.579902,
        "mrr_at_5": 0.58902,
        "mrr_at_10": 0.59865,
        "mrr_at_20": 0.602091,
        "mrr_at_100": 0.605541,
        "mrr_at_1000": 0.605813,
        "nauc_ndcg_at_1_max": 0.393936,
        "nauc_ndcg_at_1_std": 0.081419,
        "nauc_ndcg_at_1_diff1": 0.630209,
        "nauc_ndcg_at_3_max": 0.39359,
        "nauc_ndcg_at_3_std": 0.030766,
        "nauc_ndcg_at_3_diff1": 0.57245,
        "nauc_ndcg_at_5_max": 0.403118,
        "nauc_ndcg_at_5_std": 0.071516,
        "nauc_ndcg_at_5_diff1": 0.567348,
        "nauc_ndcg_at_10_max": 0.409106,
        "nauc_ndcg_at_10_std": 0.034729,
        "nauc_ndcg_at_10_diff1": 0.560029,
        "nauc_ndcg_at_20_max": 0.402732,
        "nauc_ndcg_at_20_std": 0.043095,
        "nauc_ndcg_at_20_diff1": 0.568203,
        "nauc_ndcg_at_100_max": 0.397911,
        "nauc_ndcg_at_100_std": 0.060247,
        "nauc_ndcg_at_100_diff1": 0.575221,
        "nauc_ndcg_at_1000_max": 0.398575,
        "nauc_ndcg_at_1000_std": 0.052831,
        "nauc_ndcg_at_1000_diff1": 0.577101,
        "nauc_map_at_1_max": 0.393936,
        "nauc_map_at_1_std": 0.081419,
        "nauc_map_at_1_diff1": 0.630209,
        "nauc_map_at_3_max": 0.394857,
        "nauc_map_at_3_std": 0.043475,
        "nauc_map_at_3_diff1": 0.587743,
        "nauc_map_at_5_max": 0.399231,
        "nauc_map_at_5_std": 0.064814,
        "nauc_map_at_5_diff1": 0.585055,
        "nauc_map_at_10_max": 0.40098,
        "nauc_map_at_10_std": 0.049891,
        "nauc_map_at_10_diff1": 0.582307,
        "nauc_map_at_20_max": 0.398862,
        "nauc_map_at_20_std": 0.05174,
        "nauc_map_at_20_diff1": 0.584693,
        "nauc_map_at_100_max": 0.398172,
        "nauc_map_at_100_std": 0.054496,
        "nauc_map_at_100_diff1": 0.585509,
        "nauc_map_at_1000_max": 0.398153,
        "nauc_map_at_1000_std": 0.05419,
        "nauc_map_at_1000_diff1": 0.58558,
        "nauc_recall_at_1_max": 0.393936,
        "nauc_recall_at_1_std": 0.081419,
        "nauc_recall_at_1_diff1": 0.630209,
        "nauc_recall_at_3_max": 0.388906,
        "nauc_recall_at_3_std": -0.010418,
        "nauc_recall_at_3_diff1": 0.522494,
        "nauc_recall_at_5_max": 0.418843,
        "nauc_recall_at_5_std": 0.103073,
        "nauc_recall_at_5_diff1": 0.504779,
        "nauc_recall_at_10_max": 0.451516,
        "nauc_recall_at_10_std": -0.038691,
        "nauc_recall_at_10_diff1": 0.461145,
        "nauc_recall_at_20_max": 0.426687,
        "nauc_recall_at_20_std": 0.002859,
        "nauc_recall_at_20_diff1": 0.48961,
        "nauc_recall_at_100_max": 0.361286,
        "nauc_recall_at_100_std": 0.337535,
        "nauc_recall_at_100_diff1": 0.501955,
        "nauc_recall_at_1000_max": NaN,
        "nauc_recall_at_1000_std": NaN,
        "nauc_recall_at_1000_diff1": NaN,
        "nauc_precision_at_1_max": 0.393936,
        "nauc_precision_at_1_std": 0.081419,
        "nauc_precision_at_1_diff1": 0.630209,
        "nauc_precision_at_3_max": 0.388906,
        "nauc_precision_at_3_std": -0.010418,
        "nauc_precision_at_3_diff1": 0.522494,
        "nauc_precision_at_5_max": 0.418843,
        "nauc_precision_at_5_std": 0.103073,
        "nauc_precision_at_5_diff1": 0.504779,
        "nauc_precision_at_10_max": 0.451516,
        "nauc_precision_at_10_std": -0.038691,
        "nauc_precision_at_10_diff1": 0.461145,
        "nauc_precision_at_20_max": 0.426687,
        "nauc_precision_at_20_std": 0.002859,
        "nauc_precision_at_20_diff1": 0.48961,
        "nauc_precision_at_100_max": 0.361286,
        "nauc_precision_at_100_std": 0.337535,
        "nauc_precision_at_100_diff1": 0.501955,
        "nauc_precision_at_1000_max": 1.0,
        "nauc_precision_at_1000_std": 1.0,
        "nauc_precision_at_1000_diff1": 1.0,
        "nauc_mrr_at_1_max": 0.393936,
        "nauc_mrr_at_1_std": 0.081419,
        "nauc_mrr_at_1_diff1": 0.630209,
        "nauc_mrr_at_3_max": 0.394857,
        "nauc_mrr_at_3_std": 0.043475,
        "nauc_mrr_at_3_diff1": 0.587743,
        "nauc_mrr_at_5_max": 0.399231,
        "nauc_mrr_at_5_std": 0.064814,
        "nauc_mrr_at_5_diff1": 0.585055,
        "nauc_mrr_at_10_max": 0.40098,
        "nauc_mrr_at_10_std": 0.049891,
        "nauc_mrr_at_10_diff1": 0.582307,
        "nauc_mrr_at_20_max": 0.398862,
        "nauc_mrr_at_20_std": 0.05174,
        "nauc_mrr_at_20_diff1": 0.584693,
        "nauc_mrr_at_100_max": 0.398172,
        "nauc_mrr_at_100_std": 0.054496,
        "nauc_mrr_at_100_diff1": 0.585509,
        "nauc_mrr_at_1000_max": 0.398153,
        "nauc_mrr_at_1000_std": 0.05419,
        "nauc_mrr_at_1000_diff1": 0.58558,
        "main_score": 0.64075,
        "hf_subset": "default",
        "languages": [
          "eng-Latn"
        ]
      }
    ]
  },
  "evaluation_time": 0.23414301872253418,
  "kg_co2_emissions": null
}