{
  "dataset_revision": "9ab3ca3ccdd0d43f9cd6d346a363935d127f4f45",
  "task_name": "SpartQA",
  "mteb_version": "1.34.4",
  "scores": {
    "test": [
      {
        "ndcg_at_1": 0.04953,
        "ndcg_at_3": 0.06809,
        "ndcg_at_5": 0.08903,
        "ndcg_at_10": 0.11121,
        "ndcg_at_20": 0.12945,
        "ndcg_at_100": 0.15197,
        "ndcg_at_1000": 0.17434,
        "map_at_1": 0.03098,
        "map_at_3": 0.05591,
        "map_at_5": 0.06725,
        "map_at_10": 0.07628,
        "map_at_20": 0.08133,
        "map_at_100": 0.08435,
        "map_at_1000": 0.08496,
        "recall_at_1": 0.03098,
        "recall_at_3": 0.08357,
        "recall_at_5": 0.13087,
        "recall_at_10": 0.19329,
        "recall_at_20": 0.25663,
        "recall_at_100": 0.36023,
        "recall_at_1000": 0.52458,
        "precision_at_1": 0.04953,
        "precision_at_3": 0.04387,
        "precision_at_5": 0.03979,
        "precision_at_10": 0.02922,
        "precision_at_20": 0.01971,
        "precision_at_100": 0.00587,
        "precision_at_1000": 0.00089,
        "mrr_at_1": 0.049527,
        "mrr_at_3": 0.075728,
        "mrr_at_5": 0.088513,
        "mrr_at_10": 0.098692,
        "mrr_at_20": 0.104575,
        "mrr_at_100": 0.108281,
        "mrr_at_1000": 0.108913,
        "nauc_ndcg_at_1_max": 0.279597,
        "nauc_ndcg_at_1_std": 0.320267,
        "nauc_ndcg_at_1_diff1": 0.243967,
        "nauc_ndcg_at_3_max": 0.465886,
        "nauc_ndcg_at_3_std": 0.246947,
        "nauc_ndcg_at_3_diff1": 0.043605,
        "nauc_ndcg_at_5_max": 0.500109,
        "nauc_ndcg_at_5_std": 0.271343,
        "nauc_ndcg_at_5_diff1": 0.04536,
        "nauc_ndcg_at_10_max": 0.508624,
        "nauc_ndcg_at_10_std": 0.288673,
        "nauc_ndcg_at_10_diff1": 0.021984,
        "nauc_ndcg_at_20_max": 0.480315,
        "nauc_ndcg_at_20_std": 0.336661,
        "nauc_ndcg_at_20_diff1": 0.012215,
        "nauc_ndcg_at_100_max": 0.431176,
        "nauc_ndcg_at_100_std": 0.344695,
        "nauc_ndcg_at_100_diff1": 0.005993,
        "nauc_ndcg_at_1000_max": 0.391328,
        "nauc_ndcg_at_1000_std": 0.380403,
        "nauc_ndcg_at_1000_diff1": 0.023993,
        "nauc_map_at_1_max": 0.443436,
        "nauc_map_at_1_std": 0.273102,
        "nauc_map_at_1_diff1": 0.089949,
        "nauc_map_at_3_max": 0.476191,
        "nauc_map_at_3_std": 0.249254,
        "nauc_map_at_3_diff1": 0.039383,
        "nauc_map_at_5_max": 0.498195,
        "nauc_map_at_5_std": 0.26683,
        "nauc_map_at_5_diff1": 0.044309,
        "nauc_map_at_10_max": 0.504883,
        "nauc_map_at_10_std": 0.27631,
        "nauc_map_at_10_diff1": 0.032825,
        "nauc_map_at_20_max": 0.494952,
        "nauc_map_at_20_std": 0.296078,
        "nauc_map_at_20_diff1": 0.028884,
        "nauc_map_at_100_max": 0.486019,
        "nauc_map_at_100_std": 0.300112,
        "nauc_map_at_100_diff1": 0.02735,
        "nauc_map_at_1000_max": 0.483885,
        "nauc_map_at_1000_std": 0.302077,
        "nauc_map_at_1000_diff1": 0.028443,
        "nauc_recall_at_1_max": 0.443436,
        "nauc_recall_at_1_std": 0.273102,
        "nauc_recall_at_1_diff1": 0.089949,
        "nauc_recall_at_3_max": 0.533718,
        "nauc_recall_at_3_std": 0.222692,
        "nauc_recall_at_3_diff1": -0.024398,
        "nauc_recall_at_5_max": 0.554216,
        "nauc_recall_at_5_std": 0.254196,
        "nauc_recall_at_5_diff1": -0.005852,
        "nauc_recall_at_10_max": 0.552429,
        "nauc_recall_at_10_std": 0.283895,
        "nauc_recall_at_10_diff1": -0.036206,
        "nauc_recall_at_20_max": 0.479773,
        "nauc_recall_at_20_std": 0.361072,
        "nauc_recall_at_20_diff1": -0.050748,
        "nauc_recall_at_100_max": 0.351271,
        "nauc_recall_at_100_std": 0.360401,
        "nauc_recall_at_100_diff1": -0.061431,
        "nauc_recall_at_1000_max": 0.16829,
        "nauc_recall_at_1000_std": 0.472445,
        "nauc_recall_at_1000_diff1": -0.002332,
        "nauc_precision_at_1_max": 0.279597,
        "nauc_precision_at_1_std": 0.320267,
        "nauc_precision_at_1_diff1": 0.243967,
        "nauc_precision_at_3_max": 0.388599,
        "nauc_precision_at_3_std": 0.277034,
        "nauc_precision_at_3_diff1": 0.108925,
        "nauc_precision_at_5_max": 0.432688,
        "nauc_precision_at_5_std": 0.314049,
        "nauc_precision_at_5_diff1": 0.104831,
        "nauc_precision_at_10_max": 0.439156,
        "nauc_precision_at_10_std": 0.340904,
        "nauc_precision_at_10_diff1": 0.053992,
        "nauc_precision_at_20_max": 0.356352,
        "nauc_precision_at_20_std": 0.427579,
        "nauc_precision_at_20_diff1": 0.033818,
        "nauc_precision_at_100_max": 0.173322,
        "nauc_precision_at_100_std": 0.405137,
        "nauc_precision_at_100_diff1": 0.01693,
        "nauc_precision_at_1000_max": -0.062547,
        "nauc_precision_at_1000_std": 0.441099,
        "nauc_precision_at_1000_diff1": 0.079136,
        "nauc_mrr_at_1_max": 0.279597,
        "nauc_mrr_at_1_std": 0.320267,
        "nauc_mrr_at_1_diff1": 0.243967,
        "nauc_mrr_at_3_max": 0.368775,
        "nauc_mrr_at_3_std": 0.266604,
        "nauc_mrr_at_3_diff1": 0.129847,
        "nauc_mrr_at_5_max": 0.399234,
        "nauc_mrr_at_5_std": 0.278024,
        "nauc_mrr_at_5_diff1": 0.115476,
        "nauc_mrr_at_10_max": 0.406437,
        "nauc_mrr_at_10_std": 0.2836,
        "nauc_mrr_at_10_diff1": 0.097973,
        "nauc_mrr_at_20_max": 0.395892,
        "nauc_mrr_at_20_std": 0.301494,
        "nauc_mrr_at_20_diff1": 0.094106,
        "nauc_mrr_at_100_max": 0.387409,
        "nauc_mrr_at_100_std": 0.302081,
        "nauc_mrr_at_100_diff1": 0.093012,
        "nauc_mrr_at_1000_max": 0.386168,
        "nauc_mrr_at_1000_std": 0.30305,
        "nauc_mrr_at_1000_diff1": 0.093829,
        "main_score": 0.11121,
        "hf_subset": "default",
        "languages": [
          "eng-Latn"
        ]
      }
    ]
  },
  "evaluation_time": 3.620551347732544,
  "kg_co2_emissions": null
}