{
  "dataset_revision": "7b58f24536063837d644aab9a023c62199b2a612",
  "task_name": "TERRa",
  "mteb_version": "1.34.4",
  "scores": {
    "dev": [
      {
        "similarity_accuracy": 0.553746,
        "similarity_accuracy_threshold": 0.749563,
        "similarity_f1": 0.666667,
        "similarity_f1_threshold": 0.359716,
        "similarity_precision": 0.516129,
        "similarity_recall": 0.941176,
        "similarity_ap": 0.55073,
        "cosine_accuracy": 0.553746,
        "cosine_accuracy_threshold": 0.749563,
        "cosine_f1": 0.666667,
        "cosine_f1_threshold": 0.359716,
        "cosine_precision": 0.516129,
        "cosine_recall": 0.941176,
        "cosine_ap": 0.55073,
        "manhattan_accuracy": 0.579805,
        "manhattan_accuracy_threshold": 37.106753,
        "manhattan_f1": 0.668122,
        "manhattan_f1_threshold": 71.990338,
        "manhattan_precision": 0.501639,
        "manhattan_recall": 1.0,
        "manhattan_ap": 0.568179,
        "euclidean_accuracy": 0.570033,
        "euclidean_accuracy_threshold": 3.634085,
        "euclidean_f1": 0.666667,
        "euclidean_f1_threshold": 5.466918,
        "euclidean_precision": 0.514184,
        "euclidean_recall": 0.947712,
        "euclidean_ap": 0.562374,
        "dot_accuracy": 0.517915,
        "dot_accuracy_threshold": 23.324744,
        "dot_f1": 0.669584,
        "dot_f1_threshold": 2.560327,
        "dot_precision": 0.503289,
        "dot_recall": 1.0,
        "dot_ap": 0.499532,
        "max_accuracy": 0.579805,
        "max_f1": 0.669584,
        "max_precision": 0.516129,
        "max_recall": 1.0,
        "max_ap": 0.568179,
        "main_score": 0.568179,
        "hf_subset": "default",
        "languages": [
          "rus-Cyrl"
        ]
      }
    ]
  },
  "evaluation_time": 0.057604074478149414,
  "kg_co2_emissions": null
}