{
  "dataset_revision": "8b6510b0b1fa4e4c4f879467980e9be563ec1cdf",
  "task_name": "TwitterURLCorpus",
  "mteb_version": "1.34.4",
  "scores": {
    "test": [
      {
        "similarity_accuracy": 0.824213,
        "similarity_accuracy_threshold": 0.667701,
        "similarity_f1": 0.608634,
        "similarity_f1_threshold": 0.572055,
        "similarity_precision": 0.593346,
        "similarity_recall": 0.624731,
        "similarity_ap": 0.679123,
        "cosine_accuracy": 0.824213,
        "cosine_accuracy_threshold": 0.667701,
        "cosine_f1": 0.608634,
        "cosine_f1_threshold": 0.572055,
        "cosine_precision": 0.593346,
        "cosine_recall": 0.624731,
        "cosine_ap": 0.679123,
        "manhattan_accuracy": 0.822428,
        "manhattan_accuracy_threshold": 35.706154,
        "manhattan_f1": 0.603715,
        "manhattan_f1_threshold": 40.450087,
        "manhattan_precision": 0.606909,
        "manhattan_recall": 0.600554,
        "manhattan_ap": 0.673113,
        "euclidean_accuracy": 0.807971,
        "euclidean_accuracy_threshold": 3.152205,
        "euclidean_f1": 0.551878,
        "euclidean_f1_threshold": 3.734625,
        "euclidean_precision": 0.561009,
        "euclidean_recall": 0.54304,
        "euclidean_ap": 0.616584,
        "dot_accuracy": 0.776303,
        "dot_accuracy_threshold": 12.855229,
        "dot_f1": 0.552219,
        "dot_f1_threshold": 8.70635,
        "dot_precision": 0.46407,
        "dot_recall": 0.681706,
        "dot_ap": 0.537942,
        "max_accuracy": 0.824213,
        "max_f1": 0.608634,
        "max_precision": 0.606909,
        "max_recall": 0.681706,
        "max_ap": 0.679123,
        "main_score": 0.679123,
        "hf_subset": "default",
        "languages": [
          "eng-Latn"
        ]
      }
    ]
  },
  "evaluation_time": 205.12031984329224,
  "kg_co2_emissions": null
}