{
  "dataset_revision": "f74c094f321077cf909ddfb8bccc1b5912a4ac28",
  "task_name": "WinoGrande",
  "mteb_version": "1.34.4",
  "scores": {
    "test": [
      {
        "ndcg_at_1": 0.00316,
        "ndcg_at_3": 0.00594,
        "ndcg_at_5": 0.00723,
        "ndcg_at_10": 0.01118,
        "ndcg_at_20": 0.0185,
        "ndcg_at_100": 0.05022,
        "ndcg_at_1000": 0.12387,
        "map_at_1": 0.00316,
        "map_at_3": 0.00526,
        "map_at_5": 0.00597,
        "map_at_10": 0.00752,
        "map_at_20": 0.0095,
        "map_at_100": 0.01316,
        "map_at_1000": 0.01541,
        "recall_at_1": 0.00316,
        "recall_at_3": 0.00789,
        "recall_at_5": 0.01105,
        "recall_at_10": 0.02368,
        "recall_at_20": 0.05288,
        "recall_at_100": 0.2352,
        "recall_at_1000": 0.84294,
        "precision_at_1": 0.00316,
        "precision_at_3": 0.00263,
        "precision_at_5": 0.00221,
        "precision_at_10": 0.00237,
        "precision_at_20": 0.00264,
        "precision_at_100": 0.00235,
        "precision_at_1000": 0.00084,
        "mrr_at_1": 0.003157,
        "mrr_at_3": 0.005262,
        "mrr_at_5": 0.005972,
        "mrr_at_10": 0.007525,
        "mrr_at_20": 0.009504,
        "mrr_at_100": 0.013159,
        "mrr_at_1000": 0.015413,
        "nauc_ndcg_at_1_max": -0.491963,
        "nauc_ndcg_at_1_std": -0.482568,
        "nauc_ndcg_at_1_diff1": -0.09024,
        "nauc_ndcg_at_3_max": -0.407266,
        "nauc_ndcg_at_3_std": -0.419136,
        "nauc_ndcg_at_3_diff1": -0.02647,
        "nauc_ndcg_at_5_max": -0.377879,
        "nauc_ndcg_at_5_std": -0.391863,
        "nauc_ndcg_at_5_diff1": -0.063889,
        "nauc_ndcg_at_10_max": -0.25056,
        "nauc_ndcg_at_10_std": -0.318311,
        "nauc_ndcg_at_10_diff1": -0.031131,
        "nauc_ndcg_at_20_max": -0.253373,
        "nauc_ndcg_at_20_std": -0.292933,
        "nauc_ndcg_at_20_diff1": -0.025009,
        "nauc_ndcg_at_100_max": -0.236062,
        "nauc_ndcg_at_100_std": -0.241872,
        "nauc_ndcg_at_100_diff1": -0.060923,
        "nauc_ndcg_at_1000_max": -0.25587,
        "nauc_ndcg_at_1000_std": -0.295372,
        "nauc_ndcg_at_1000_diff1": -0.083112,
        "nauc_map_at_1_max": -0.491963,
        "nauc_map_at_1_std": -0.482568,
        "nauc_map_at_1_diff1": -0.09024,
        "nauc_map_at_3_max": -0.424168,
        "nauc_map_at_3_std": -0.432337,
        "nauc_map_at_3_diff1": -0.043681,
        "nauc_map_at_5_max": -0.40162,
        "nauc_map_at_5_std": -0.411669,
        "nauc_map_at_5_diff1": -0.066002,
        "nauc_map_at_10_max": -0.325669,
        "nauc_map_at_10_std": -0.364794,
        "nauc_map_at_10_diff1": -0.051878,
        "nauc_map_at_20_max": -0.312956,
        "nauc_map_at_20_std": -0.342305,
        "nauc_map_at_20_diff1": -0.044362,
        "nauc_map_at_100_max": -0.291016,
        "nauc_map_at_100_std": -0.309185,
        "nauc_map_at_100_diff1": -0.06315,
        "nauc_map_at_1000_max": -0.293233,
        "nauc_map_at_1000_std": -0.314757,
        "nauc_map_at_1000_diff1": -0.064943,
        "nauc_recall_at_1_max": -0.491963,
        "nauc_recall_at_1_std": -0.482568,
        "nauc_recall_at_1_diff1": -0.09024,
        "nauc_recall_at_3_max": -0.37347,
        "nauc_recall_at_3_std": -0.392632,
        "nauc_recall_at_3_diff1": 0.00884,
        "nauc_recall_at_5_max": -0.338241,
        "nauc_recall_at_5_std": -0.35863,
        "nauc_recall_at_5_diff1": -0.062394,
        "nauc_recall_at_10_max": -0.161567,
        "nauc_recall_at_10_std": -0.265029,
        "nauc_recall_at_10_diff1": -0.004561,
        "nauc_recall_at_20_max": -0.212645,
        "nauc_recall_at_20_std": -0.258174,
        "nauc_recall_at_20_diff1": -0.010791,
        "nauc_recall_at_100_max": -0.219552,
        "nauc_recall_at_100_std": -0.217329,
        "nauc_recall_at_100_diff1": -0.057863,
        "nauc_recall_at_1000_max": -0.250769,
        "nauc_recall_at_1000_std": -0.335685,
        "nauc_recall_at_1000_diff1": -0.126519,
        "nauc_precision_at_1_max": -0.491963,
        "nauc_precision_at_1_std": -0.482568,
        "nauc_precision_at_1_diff1": -0.09024,
        "nauc_precision_at_3_max": -0.37347,
        "nauc_precision_at_3_std": -0.392632,
        "nauc_precision_at_3_diff1": 0.00884,
        "nauc_precision_at_5_max": -0.338241,
        "nauc_precision_at_5_std": -0.35863,
        "nauc_precision_at_5_diff1": -0.062394,
        "nauc_precision_at_10_max": -0.161567,
        "nauc_precision_at_10_std": -0.265029,
        "nauc_precision_at_10_diff1": -0.004561,
        "nauc_precision_at_20_max": -0.212645,
        "nauc_precision_at_20_std": -0.258174,
        "nauc_precision_at_20_diff1": -0.010791,
        "nauc_precision_at_100_max": -0.219552,
        "nauc_precision_at_100_std": -0.217329,
        "nauc_precision_at_100_diff1": -0.057863,
        "nauc_precision_at_1000_max": -0.250769,
        "nauc_precision_at_1000_std": -0.335685,
        "nauc_precision_at_1000_diff1": -0.126519,
        "nauc_mrr_at_1_max": -0.491963,
        "nauc_mrr_at_1_std": -0.482568,
        "nauc_mrr_at_1_diff1": -0.09024,
        "nauc_mrr_at_3_max": -0.424168,
        "nauc_mrr_at_3_std": -0.432337,
        "nauc_mrr_at_3_diff1": -0.043681,
        "nauc_mrr_at_5_max": -0.40162,
        "nauc_mrr_at_5_std": -0.411669,
        "nauc_mrr_at_5_diff1": -0.066002,
        "nauc_mrr_at_10_max": -0.325669,
        "nauc_mrr_at_10_std": -0.364794,
        "nauc_mrr_at_10_diff1": -0.051878,
        "nauc_mrr_at_20_max": -0.312956,
        "nauc_mrr_at_20_std": -0.342305,
        "nauc_mrr_at_20_diff1": -0.044362,
        "nauc_mrr_at_100_max": -0.291016,
        "nauc_mrr_at_100_std": -0.309185,
        "nauc_mrr_at_100_diff1": -0.06315,
        "nauc_mrr_at_1000_max": -0.293233,
        "nauc_mrr_at_1000_std": -0.314757,
        "nauc_mrr_at_1000_diff1": -0.064943,
        "main_score": 0.01118,
        "hf_subset": "default",
        "languages": [
          "eng-Latn"
        ]
      }
    ]
  },
  "evaluation_time": 1.1769390106201172,
  "kg_co2_emissions": null
}