{
  "dataset_revision": "ebfcd844eadd3d667efa3c57fc5c8c87f5c2867e",
  "task_name": "AILAStatutes",
  "mteb_version": "1.34.4",
  "scores": {
    "test": [
      {
        "ndcg_at_1": 0.08,
        "ndcg_at_3": 0.09162,
        "ndcg_at_5": 0.09175,
        "ndcg_at_10": 0.12558,
        "ndcg_at_20": 0.16587,
        "ndcg_at_100": 0.37476,
        "ndcg_at_1000": 0.37476,
        "map_at_1": 0.018,
        "map_at_3": 0.03867,
        "map_at_5": 0.04817,
        "map_at_10": 0.06047,
        "map_at_20": 0.07008,
        "map_at_100": 0.11505,
        "map_at_1000": 0.11505,
        "recall_at_1": 0.018,
        "recall_at_3": 0.06867,
        "recall_at_5": 0.09967,
        "recall_at_10": 0.16833,
        "recall_at_20": 0.26833,
        "recall_at_100": 1.0,
        "recall_at_1000": 1.0,
        "precision_at_1": 0.08,
        "precision_at_3": 0.1,
        "precision_at_5": 0.084,
        "precision_at_10": 0.07,
        "precision_at_20": 0.056,
        "precision_at_100": 0.0434,
        "precision_at_1000": 0.00434,
        "mrr_at_1": 0.08,
        "mrr_at_3": 0.15,
        "mrr_at_5": 0.169,
        "mrr_at_10": 0.19019,
        "mrr_at_20": 0.209674,
        "mrr_at_100": 0.216358,
        "mrr_at_1000": 0.216358,
        "nauc_ndcg_at_1_max": -0.036222,
        "nauc_ndcg_at_1_std": -0.001006,
        "nauc_ndcg_at_1_diff1": -0.148243,
        "nauc_ndcg_at_3_max": 0.0349,
        "nauc_ndcg_at_3_std": 0.085434,
        "nauc_ndcg_at_3_diff1": -0.120164,
        "nauc_ndcg_at_5_max": 0.024701,
        "nauc_ndcg_at_5_std": 0.033867,
        "nauc_ndcg_at_5_diff1": -0.138208,
        "nauc_ndcg_at_10_max": 0.042137,
        "nauc_ndcg_at_10_std": 0.070079,
        "nauc_ndcg_at_10_diff1": -0.134252,
        "nauc_ndcg_at_20_max": 0.139751,
        "nauc_ndcg_at_20_std": 0.197364,
        "nauc_ndcg_at_20_diff1": -0.135296,
        "nauc_ndcg_at_100_max": 0.041615,
        "nauc_ndcg_at_100_std": 0.102688,
        "nauc_ndcg_at_100_diff1": -0.209075,
        "nauc_ndcg_at_1000_max": 0.041615,
        "nauc_ndcg_at_1000_std": 0.102688,
        "nauc_ndcg_at_1000_diff1": -0.209075,
        "nauc_map_at_1_max": -0.068047,
        "nauc_map_at_1_std": -0.014832,
        "nauc_map_at_1_diff1": -0.149361,
        "nauc_map_at_3_max": 0.045407,
        "nauc_map_at_3_std": 0.089178,
        "nauc_map_at_3_diff1": -0.158511,
        "nauc_map_at_5_max": 0.055204,
        "nauc_map_at_5_std": 0.0769,
        "nauc_map_at_5_diff1": -0.157693,
        "nauc_map_at_10_max": 0.097489,
        "nauc_map_at_10_std": 0.102256,
        "nauc_map_at_10_diff1": -0.175155,
        "nauc_map_at_20_max": 0.133229,
        "nauc_map_at_20_std": 0.15835,
        "nauc_map_at_20_diff1": -0.174611,
        "nauc_map_at_100_max": 0.114897,
        "nauc_map_at_100_std": 0.15346,
        "nauc_map_at_100_diff1": -0.191722,
        "nauc_map_at_1000_max": 0.114897,
        "nauc_map_at_1000_std": 0.15346,
        "nauc_map_at_1000_diff1": -0.191722,
        "nauc_recall_at_1_max": -0.068047,
        "nauc_recall_at_1_std": -0.014832,
        "nauc_recall_at_1_diff1": -0.149361,
        "nauc_recall_at_3_max": 0.00481,
        "nauc_recall_at_3_std": 0.091483,
        "nauc_recall_at_3_diff1": -0.13376,
        "nauc_recall_at_5_max": 0.034596,
        "nauc_recall_at_5_std": 0.037096,
        "nauc_recall_at_5_diff1": -0.072294,
        "nauc_recall_at_10_max": 0.058751,
        "nauc_recall_at_10_std": 0.095822,
        "nauc_recall_at_10_diff1": -0.040624,
        "nauc_recall_at_20_max": 0.257868,
        "nauc_recall_at_20_std": 0.332533,
        "nauc_recall_at_20_diff1": -0.013354,
        "nauc_recall_at_100_max": NaN,
        "nauc_recall_at_100_std": NaN,
        "nauc_recall_at_100_diff1": NaN,
        "nauc_recall_at_1000_max": NaN,
        "nauc_recall_at_1000_std": NaN,
        "nauc_recall_at_1000_diff1": NaN,
        "nauc_precision_at_1_max": -0.036222,
        "nauc_precision_at_1_std": -0.001006,
        "nauc_precision_at_1_diff1": -0.148243,
        "nauc_precision_at_3_max": 0.049007,
        "nauc_precision_at_3_std": 0.110993,
        "nauc_precision_at_3_diff1": -0.09809,
        "nauc_precision_at_5_max": 0.061193,
        "nauc_precision_at_5_std": 0.025625,
        "nauc_precision_at_5_diff1": -0.146002,
        "nauc_precision_at_10_max": 0.053155,
        "nauc_precision_at_10_std": 0.081265,
        "nauc_precision_at_10_diff1": -0.163541,
        "nauc_precision_at_20_max": 0.181787,
        "nauc_precision_at_20_std": 0.283775,
        "nauc_precision_at_20_diff1": -0.192075,
        "nauc_precision_at_100_max": -0.266589,
        "nauc_precision_at_100_std": -0.189806,
        "nauc_precision_at_100_diff1": -0.536982,
        "nauc_precision_at_1000_max": -0.266589,
        "nauc_precision_at_1000_std": -0.189806,
        "nauc_precision_at_1000_diff1": -0.536982,
        "nauc_mrr_at_1_max": -0.036222,
        "nauc_mrr_at_1_std": -0.001006,
        "nauc_mrr_at_1_diff1": -0.148243,
        "nauc_mrr_at_3_max": -0.053996,
        "nauc_mrr_at_3_std": 0.022326,
        "nauc_mrr_at_3_diff1": -0.12539,
        "nauc_mrr_at_5_max": -0.041998,
        "nauc_mrr_at_5_std": -0.026775,
        "nauc_mrr_at_5_diff1": -0.147181,
        "nauc_mrr_at_10_max": -0.071076,
        "nauc_mrr_at_10_std": -0.008572,
        "nauc_mrr_at_10_diff1": -0.127955,
        "nauc_mrr_at_20_max": -0.034931,
        "nauc_mrr_at_20_std": 0.016456,
        "nauc_mrr_at_20_diff1": -0.121757,
        "nauc_mrr_at_100_max": -0.038914,
        "nauc_mrr_at_100_std": 0.008293,
        "nauc_mrr_at_100_diff1": -0.12705,
        "nauc_mrr_at_1000_max": -0.038914,
        "nauc_mrr_at_1000_std": 0.008293,
        "nauc_mrr_at_1000_diff1": -0.12705,
        "main_score": 0.12558,
        "hf_subset": "default",
        "languages": [
          "eng-Latn"
        ]
      }
    ]
  },
  "evaluation_time": 0.10584807395935059,
  "kg_co2_emissions": null
}