{
  "dataset_revision": "65393d0d7a08a10b4e348135e824f385d420b0fd",
  "task_name": "AlloprofReranking",
  "mteb_version": "1.34.4",
  "scores": {
    "test": [
      {
        "map": 0.360882,
        "mrr": 0.361776,
        "nAUC_map_max": -0.134386,
        "nAUC_map_std": 0.069373,
        "nAUC_map_diff1": 0.15914,
        "nAUC_mrr_max": -0.134166,
        "nAUC_mrr_std": 0.06443,
        "nAUC_mrr_diff1": 0.155959,
        "main_score": 0.360882,
        "hf_subset": "default",
        "languages": [
          "fra-Latn"
        ]
      }
    ]
  },
  "evaluation_time": 2.9563000202178955,
  "kg_co2_emissions": null
}