{
  "dataset_revision": "f8c2fcf00f625baaa80f62ec5bd9e1fff3b8ae88",
  "task_name": "SCIDOCS",
  "mteb_version": "1.34.4",
  "scores": {
    "test": [
      {
        "ndcg_at_1": 0.016,
        "ndcg_at_3": 0.01593,
        "ndcg_at_5": 0.01444,
        "ndcg_at_10": 0.01721,
        "ndcg_at_20": 0.02076,
        "ndcg_at_100": 0.03027,
        "ndcg_at_1000": 0.05579,
        "map_at_1": 0.0032,
        "map_at_3": 0.00631,
        "map_at_5": 0.00757,
        "map_at_10": 0.00846,
        "map_at_20": 0.00921,
        "map_at_100": 0.01029,
        "map_at_1000": 0.01101,
        "recall_at_1": 0.0032,
        "recall_at_3": 0.01003,
        "recall_at_5": 0.01403,
        "recall_at_10": 0.01908,
        "recall_at_20": 0.02748,
        "recall_at_100": 0.0594,
        "recall_at_1000": 0.18913,
        "precision_at_1": 0.016,
        "precision_at_3": 0.01633,
        "precision_at_5": 0.0138,
        "precision_at_10": 0.0094,
        "precision_at_20": 0.00675,
        "precision_at_100": 0.00291,
        "precision_at_1000": 0.00093,
        "mrr_at_1": 0.016,
        "mrr_at_3": 0.0265,
        "mrr_at_5": 0.0302,
        "mrr_at_10": 0.032767,
        "mrr_at_20": 0.034858,
        "mrr_at_100": 0.036923,
        "mrr_at_1000": 0.037893,
        "nauc_ndcg_at_1_max": -0.111953,
        "nauc_ndcg_at_1_std": -0.216931,
        "nauc_ndcg_at_1_diff1": 0.263416,
        "nauc_ndcg_at_3_max": -0.168441,
        "nauc_ndcg_at_3_std": -0.270533,
        "nauc_ndcg_at_3_diff1": 0.17457,
        "nauc_ndcg_at_5_max": -0.1617,
        "nauc_ndcg_at_5_std": -0.288833,
        "nauc_ndcg_at_5_diff1": 0.157941,
        "nauc_ndcg_at_10_max": -0.177098,
        "nauc_ndcg_at_10_std": -0.300633,
        "nauc_ndcg_at_10_diff1": 0.140279,
        "nauc_ndcg_at_20_max": -0.179839,
        "nauc_ndcg_at_20_std": -0.317567,
        "nauc_ndcg_at_20_diff1": 0.149025,
        "nauc_ndcg_at_100_max": -0.203825,
        "nauc_ndcg_at_100_std": -0.347087,
        "nauc_ndcg_at_100_diff1": 0.11575,
        "nauc_ndcg_at_1000_max": -0.192665,
        "nauc_ndcg_at_1000_std": -0.33282,
        "nauc_ndcg_at_1000_diff1": 0.09728,
        "nauc_map_at_1_max": -0.111953,
        "nauc_map_at_1_std": -0.216931,
        "nauc_map_at_1_diff1": 0.263416,
        "nauc_map_at_3_max": -0.14594,
        "nauc_map_at_3_std": -0.262196,
        "nauc_map_at_3_diff1": 0.174617,
        "nauc_map_at_5_max": -0.130012,
        "nauc_map_at_5_std": -0.284317,
        "nauc_map_at_5_diff1": 0.148228,
        "nauc_map_at_10_max": -0.140728,
        "nauc_map_at_10_std": -0.295935,
        "nauc_map_at_10_diff1": 0.138788,
        "nauc_map_at_20_max": -0.143937,
        "nauc_map_at_20_std": -0.305982,
        "nauc_map_at_20_diff1": 0.143511,
        "nauc_map_at_100_max": -0.152211,
        "nauc_map_at_100_std": -0.317748,
        "nauc_map_at_100_diff1": 0.132115,
        "nauc_map_at_1000_max": -0.155297,
        "nauc_map_at_1000_std": -0.319316,
        "nauc_map_at_1000_diff1": 0.130617,
        "nauc_recall_at_1_max": -0.111953,
        "nauc_recall_at_1_std": -0.216931,
        "nauc_recall_at_1_diff1": 0.263416,
        "nauc_recall_at_3_max": -0.195006,
        "nauc_recall_at_3_std": -0.299598,
        "nauc_recall_at_3_diff1": 0.172121,
        "nauc_recall_at_5_max": -0.174568,
        "nauc_recall_at_5_std": -0.314932,
        "nauc_recall_at_5_diff1": 0.146,
        "nauc_recall_at_10_max": -0.196855,
        "nauc_recall_at_10_std": -0.326468,
        "nauc_recall_at_10_diff1": 0.118884,
        "nauc_recall_at_20_max": -0.198468,
        "nauc_recall_at_20_std": -0.350011,
        "nauc_recall_at_20_diff1": 0.139555,
        "nauc_recall_at_100_max": -0.228546,
        "nauc_recall_at_100_std": -0.381175,
        "nauc_recall_at_100_diff1": 0.079991,
        "nauc_recall_at_1000_max": -0.183491,
        "nauc_recall_at_1000_std": -0.318195,
        "nauc_recall_at_1000_diff1": 0.061652,
        "nauc_precision_at_1_max": -0.111953,
        "nauc_precision_at_1_std": -0.216931,
        "nauc_precision_at_1_diff1": 0.263416,
        "nauc_precision_at_3_max": -0.188185,
        "nauc_precision_at_3_std": -0.294246,
        "nauc_precision_at_3_diff1": 0.162471,
        "nauc_precision_at_5_max": -0.169379,
        "nauc_precision_at_5_std": -0.31139,
        "nauc_precision_at_5_diff1": 0.138706,
        "nauc_precision_at_10_max": -0.193659,
        "nauc_precision_at_10_std": -0.324333,
        "nauc_precision_at_10_diff1": 0.114838,
        "nauc_precision_at_20_max": -0.19647,
        "nauc_precision_at_20_std": -0.347969,
        "nauc_precision_at_20_diff1": 0.138311,
        "nauc_precision_at_100_max": -0.230745,
        "nauc_precision_at_100_std": -0.380916,
        "nauc_precision_at_100_diff1": 0.079955,
        "nauc_precision_at_1000_max": -0.184796,
        "nauc_precision_at_1000_std": -0.314728,
        "nauc_precision_at_1000_diff1": 0.061522,
        "nauc_mrr_at_1_max": -0.111953,
        "nauc_mrr_at_1_std": -0.216931,
        "nauc_mrr_at_1_diff1": 0.263416,
        "nauc_mrr_at_3_max": -0.175633,
        "nauc_mrr_at_3_std": -0.255648,
        "nauc_mrr_at_3_diff1": 0.197228,
        "nauc_mrr_at_5_max": -0.180401,
        "nauc_mrr_at_5_std": -0.263273,
        "nauc_mrr_at_5_diff1": 0.187207,
        "nauc_mrr_at_10_max": -0.186392,
        "nauc_mrr_at_10_std": -0.268297,
        "nauc_mrr_at_10_diff1": 0.176211,
        "nauc_mrr_at_20_max": -0.183865,
        "nauc_mrr_at_20_std": -0.273977,
        "nauc_mrr_at_20_diff1": 0.178851,
        "nauc_mrr_at_100_max": -0.189277,
        "nauc_mrr_at_100_std": -0.281556,
        "nauc_mrr_at_100_diff1": 0.173918,
        "nauc_mrr_at_1000_max": -0.187441,
        "nauc_mrr_at_1000_std": -0.281321,
        "nauc_mrr_at_1000_diff1": 0.172608,
        "main_score": 0.01721,
        "hf_subset": "default",
        "languages": [
          "eng-Latn"
        ]
      }
    ]
  },
  "evaluation_time": 116.50673007965088,
  "kg_co2_emissions": null
}