{
  "dataset_revision": "3d3d27aa7af8941408cefc3991ada5d12a4273d1",
  "task_name": "SNLHierarchicalClusteringP2P",
  "mteb_version": "1.34.4",
  "scores": {
    "test": [
      {
        "v_measures": {
          "Level 0": [
            0.263352,
            0.27593,
            0.255781,
            0.256873,
            0.271491,
            0.267212,
            0.267219,
            0.279164,
            0.279007,
            0.265237
          ],
          "Level 1": [
            0.537482,
            0.523898,
            0.532054,
            0.526528,
            0.5392,
            0.532925,
            0.531101,
            0.533664,
            0.516522,
            0.529716
          ],
          "Level 2": [
            0.63302,
            0.64588,
            0.654382,
            0.641304,
            0.632205,
            0.637905,
            0.632693,
            0.647476,
            0.641194,
            0.630265
          ],
          "Level 3": [
            0.683962,
            0.679499,
            0.685624,
            0.692944,
            0.672739,
            0.68634,
            0.695334,
            0.695819,
            0.686485,
            0.685893
          ],
          "Level 4": [
            0.376143,
            0.367357,
            0.383434,
            0.368105,
            0.353861,
            0.359494,
            0.376232,
            0.364065,
            0.353803,
            0.37378
          ]
        },
        "v_measure": 0.498432,
        "v_measure_std": 0.159219,
        "main_score": 0.498432,
        "hf_subset": "default",
        "languages": [
          "nob-Latn"
        ]
      }
    ]
  },
  "evaluation_time": 8.359424114227295,
  "kg_co2_emissions": null
}