{
  "dataset_revision": "db8f169f3894c14a00251061f957b2063eef2bd5",
  "task_name": "StackOverflowQA",
  "mteb_version": "1.34.4",
  "scores": {
    "test": [
      {
        "ndcg_at_1": 0.22969,
        "ndcg_at_3": 0.25839,
        "ndcg_at_5": 0.26551,
        "ndcg_at_10": 0.27612,
        "ndcg_at_20": 0.28574,
        "ndcg_at_100": 0.30028,
        "ndcg_at_1000": 0.31957,
        "map_at_1": 0.22969,
        "map_at_3": 0.25117,
        "map_at_5": 0.25506,
        "map_at_10": 0.25939,
        "map_at_20": 0.26202,
        "map_at_100": 0.26387,
        "map_at_1000": 0.26444,
        "recall_at_1": 0.22969,
        "recall_at_3": 0.27934,
        "recall_at_5": 0.29689,
        "recall_at_10": 0.32999,
        "recall_at_20": 0.3681,
        "recall_at_100": 0.44885,
        "recall_at_1000": 0.60983,
        "precision_at_1": 0.22969,
        "precision_at_3": 0.09311,
        "precision_at_5": 0.05938,
        "precision_at_10": 0.033,
        "precision_at_20": 0.01841,
        "precision_at_100": 0.00449,
        "precision_at_1000": 0.00061,
        "mrr_at_1": 0.229689,
        "mrr_at_3": 0.25117,
        "mrr_at_5": 0.255057,
        "mrr_at_10": 0.259389,
        "mrr_at_20": 0.262018,
        "mrr_at_100": 0.263868,
        "mrr_at_1000": 0.264437,
        "nauc_ndcg_at_1_max": 0.393224,
        "nauc_ndcg_at_1_std": 0.087461,
        "nauc_ndcg_at_1_diff1": 0.752671,
        "nauc_ndcg_at_3_max": 0.352934,
        "nauc_ndcg_at_3_std": 0.082627,
        "nauc_ndcg_at_3_diff1": 0.687351,
        "nauc_ndcg_at_5_max": 0.345213,
        "nauc_ndcg_at_5_std": 0.083973,
        "nauc_ndcg_at_5_diff1": 0.670848,
        "nauc_ndcg_at_10_max": 0.336362,
        "nauc_ndcg_at_10_std": 0.083811,
        "nauc_ndcg_at_10_diff1": 0.66357,
        "nauc_ndcg_at_20_max": 0.330174,
        "nauc_ndcg_at_20_std": 0.085087,
        "nauc_ndcg_at_20_diff1": 0.65279,
        "nauc_ndcg_at_100_max": 0.316497,
        "nauc_ndcg_at_100_std": 0.089705,
        "nauc_ndcg_at_100_diff1": 0.642431,
        "nauc_ndcg_at_1000_max": 0.305315,
        "nauc_ndcg_at_1000_std": 0.091519,
        "nauc_ndcg_at_1000_diff1": 0.636322,
        "nauc_map_at_1_max": 0.393224,
        "nauc_map_at_1_std": 0.087461,
        "nauc_map_at_1_diff1": 0.752671,
        "nauc_map_at_3_max": 0.36295,
        "nauc_map_at_3_std": 0.08357,
        "nauc_map_at_3_diff1": 0.703456,
        "nauc_map_at_5_max": 0.358785,
        "nauc_map_at_5_std": 0.084266,
        "nauc_map_at_5_diff1": 0.694037,
        "nauc_map_at_10_max": 0.355098,
        "nauc_map_at_10_std": 0.083947,
        "nauc_map_at_10_diff1": 0.690642,
        "nauc_map_at_20_max": 0.353436,
        "nauc_map_at_20_std": 0.084308,
        "nauc_map_at_20_diff1": 0.687582,
        "nauc_map_at_100_max": 0.351585,
        "nauc_map_at_100_std": 0.085075,
        "nauc_map_at_100_diff1": 0.686101,
        "nauc_map_at_1000_max": 0.351225,
        "nauc_map_at_1000_std": 0.085071,
        "nauc_map_at_1000_diff1": 0.685884,
        "nauc_recall_at_1_max": 0.393224,
        "nauc_recall_at_1_std": 0.087461,
        "nauc_recall_at_1_diff1": 0.752671,
        "nauc_recall_at_3_max": 0.325142,
        "nauc_recall_at_3_std": 0.080106,
        "nauc_recall_at_3_diff1": 0.642712,
        "nauc_recall_at_5_max": 0.307131,
        "nauc_recall_at_5_std": 0.0835,
        "nauc_recall_at_5_diff1": 0.605924,
        "nauc_recall_at_10_max": 0.28183,
        "nauc_recall_at_10_std": 0.084281,
        "nauc_recall_at_10_diff1": 0.587378,
        "nauc_recall_at_20_max": 0.259451,
        "nauc_recall_at_20_std": 0.088879,
        "nauc_recall_at_20_diff1": 0.549305,
        "nauc_recall_at_100_max": 0.189805,
        "nauc_recall_at_100_std": 0.110728,
        "nauc_recall_at_100_diff1": 0.497684,
        "nauc_recall_at_1000_max": 0.074918,
        "nauc_recall_at_1000_std": 0.132737,
        "nauc_recall_at_1000_diff1": 0.425529,
        "nauc_precision_at_1_max": 0.393224,
        "nauc_precision_at_1_std": 0.087461,
        "nauc_precision_at_1_diff1": 0.752671,
        "nauc_precision_at_3_max": 0.325142,
        "nauc_precision_at_3_std": 0.080106,
        "nauc_precision_at_3_diff1": 0.642712,
        "nauc_precision_at_5_max": 0.307131,
        "nauc_precision_at_5_std": 0.0835,
        "nauc_precision_at_5_diff1": 0.605924,
        "nauc_precision_at_10_max": 0.28183,
        "nauc_precision_at_10_std": 0.084281,
        "nauc_precision_at_10_diff1": 0.587378,
        "nauc_precision_at_20_max": 0.259451,
        "nauc_precision_at_20_std": 0.088879,
        "nauc_precision_at_20_diff1": 0.549305,
        "nauc_precision_at_100_max": 0.189805,
        "nauc_precision_at_100_std": 0.110728,
        "nauc_precision_at_100_diff1": 0.497684,
        "nauc_precision_at_1000_max": 0.074918,
        "nauc_precision_at_1000_std": 0.132737,
        "nauc_precision_at_1000_diff1": 0.425529,
        "nauc_mrr_at_1_max": 0.393224,
        "nauc_mrr_at_1_std": 0.087461,
        "nauc_mrr_at_1_diff1": 0.752671,
        "nauc_mrr_at_3_max": 0.36295,
        "nauc_mrr_at_3_std": 0.08357,
        "nauc_mrr_at_3_diff1": 0.703456,
        "nauc_mrr_at_5_max": 0.358785,
        "nauc_mrr_at_5_std": 0.084266,
        "nauc_mrr_at_5_diff1": 0.694037,
        "nauc_mrr_at_10_max": 0.355098,
        "nauc_mrr_at_10_std": 0.083947,
        "nauc_mrr_at_10_diff1": 0.690642,
        "nauc_mrr_at_20_max": 0.353436,
        "nauc_mrr_at_20_std": 0.084308,
        "nauc_mrr_at_20_diff1": 0.687582,
        "nauc_mrr_at_100_max": 0.351585,
        "nauc_mrr_at_100_std": 0.085075,
        "nauc_mrr_at_100_diff1": 0.686101,
        "nauc_mrr_at_1000_max": 0.351225,
        "nauc_mrr_at_1000_std": 0.085071,
        "nauc_mrr_at_1000_diff1": 0.685884,
        "main_score": 0.27612,
        "hf_subset": "default",
        "languages": [
          "eng-Latn"
        ]
      }
    ]
  },
  "evaluation_time": 96.12616968154907,
  "kg_co2_emissions": null
}