{
  "dataset_revision": "65393d0d7a08a10b4e348135e824f385d420b0fd",
  "task_name": "AlloprofReranking",
  "mteb_version": "1.34.4",
  "scores": {
    "test": [
      {
        "map": 0.368986,
        "mrr": 0.373269,
        "nAUC_map_max": -0.100134,
        "nAUC_map_std": 0.066059,
        "nAUC_map_diff1": 0.202248,
        "nAUC_mrr_max": -0.096433,
        "nAUC_mrr_std": 0.058921,
        "nAUC_mrr_diff1": 0.202085,
        "main_score": 0.368986,
        "hf_subset": "default",
        "languages": [
          "fra-Latn"
        ]
      }
    ]
  },
  "evaluation_time": 2.264615297317505,
  "kg_co2_emissions": null
}