{
  "dataset_revision": "f43b4f32987048043a8b31e5e26be4d360c2438f",
  "task_name": "ArmenianParaphrasePC",
  "mteb_version": "1.34.4",
  "scores": {
    "test": [
      {
        "similarity_accuracy": 0.877551,
        "similarity_accuracy_threshold": 0.748566,
        "similarity_f1": 0.917051,
        "similarity_f1_threshold": 0.746014,
        "similarity_precision": 0.86597,
        "similarity_recall": 0.974535,
        "similarity_ap": 0.926027,
        "cosine_accuracy": 0.877551,
        "cosine_accuracy_threshold": 0.748566,
        "cosine_f1": 0.917051,
        "cosine_f1_threshold": 0.746014,
        "cosine_precision": 0.86597,
        "cosine_recall": 0.974535,
        "cosine_ap": 0.926027,
        "manhattan_accuracy": 0.859184,
        "manhattan_accuracy_threshold": 391.485874,
        "manhattan_f1": 0.903497,
        "manhattan_f1_threshold": 392.737801,
        "manhattan_precision": 0.8621,
        "manhattan_recall": 0.94907,
        "manhattan_ap": 0.926406,
        "euclidean_accuracy": 0.853061,
        "euclidean_accuracy_threshold": 36.050613,
        "euclidean_f1": 0.898687,
        "euclidean_f1_threshold": 36.050613,
        "euclidean_precision": 0.862286,
        "euclidean_recall": 0.938296,
        "euclidean_ap": 0.926492,
        "dot_accuracy": 0.817007,
        "dot_accuracy_threshold": 1485.484712,
        "dot_f1": 0.87975,
        "dot_f1_threshold": 1429.405599,
        "dot_precision": 0.809211,
        "dot_recall": 0.963761,
        "dot_ap": 0.837392,
        "max_accuracy": 0.877551,
        "max_f1": 0.917051,
        "max_precision": 0.86597,
        "max_recall": 0.974535,
        "max_ap": 0.926492,
        "main_score": 0.926492,
        "hf_subset": "default",
        "languages": [
          "hye-Armn"
        ]
      }
    ]
  },
  "evaluation_time": 0.19121885299682617,
  "kg_co2_emissions": null
}