{
  "dataset_revision": "b2a085913606be3c4f2f1a8bff1810e38bade8fa",
  "task_name": "HagridRetrieval",
  "mteb_version": "1.34.4",
  "scores": {
    "dev": [
      {
        "ndcg_at_1": 0.80444,
        "ndcg_at_3": 0.86307,
        "ndcg_at_5": 0.86888,
        "ndcg_at_10": 0.87862,
        "ndcg_at_20": 0.88181,
        "ndcg_at_100": 0.88627,
        "ndcg_at_1000": 0.88832,
        "map_at_1": 0.80444,
        "map_at_3": 0.84913,
        "map_at_5": 0.85235,
        "map_at_10": 0.85634,
        "map_at_20": 0.85729,
        "map_at_100": 0.85788,
        "map_at_1000": 0.85796,
        "recall_at_1": 0.80444,
        "recall_at_3": 0.90323,
        "recall_at_5": 0.91734,
        "recall_at_10": 0.94758,
        "recall_at_20": 0.95968,
        "recall_at_100": 0.98387,
        "recall_at_1000": 1.0,
        "precision_at_1": 0.80444,
        "precision_at_3": 0.30108,
        "precision_at_5": 0.18347,
        "precision_at_10": 0.09476,
        "precision_at_20": 0.04798,
        "precision_at_100": 0.00984,
        "precision_at_1000": 0.001,
        "mrr_at_1": 0.804435,
        "mrr_at_3": 0.849126,
        "mrr_at_5": 0.852352,
        "mrr_at_10": 0.856344,
        "mrr_at_20": 0.857289,
        "mrr_at_100": 0.857883,
        "mrr_at_1000": 0.857961,
        "nauc_ndcg_at_1_max": 0.690638,
        "nauc_ndcg_at_1_std": 0.01095,
        "nauc_ndcg_at_1_diff1": 0.90451,
        "nauc_ndcg_at_3_max": 0.71864,
        "nauc_ndcg_at_3_std": 0.020304,
        "nauc_ndcg_at_3_diff1": 0.889054,
        "nauc_ndcg_at_5_max": 0.718052,
        "nauc_ndcg_at_5_std": 0.010995,
        "nauc_ndcg_at_5_diff1": 0.888667,
        "nauc_ndcg_at_10_max": 0.712486,
        "nauc_ndcg_at_10_std": -0.001218,
        "nauc_ndcg_at_10_diff1": 0.889262,
        "nauc_ndcg_at_20_max": 0.711604,
        "nauc_ndcg_at_20_std": -0.004124,
        "nauc_ndcg_at_20_diff1": 0.891734,
        "nauc_ndcg_at_100_max": 0.712045,
        "nauc_ndcg_at_100_std": 0.006367,
        "nauc_ndcg_at_100_diff1": 0.892769,
        "nauc_ndcg_at_1000_max": 0.711324,
        "nauc_ndcg_at_1000_std": 0.007713,
        "nauc_ndcg_at_1000_diff1": 0.892684,
        "nauc_map_at_1_max": 0.690638,
        "nauc_map_at_1_std": 0.01095,
        "nauc_map_at_1_diff1": 0.90451,
        "nauc_map_at_3_max": 0.712691,
        "nauc_map_at_3_std": 0.022063,
        "nauc_map_at_3_diff1": 0.89298,
        "nauc_map_at_5_max": 0.712177,
        "nauc_map_at_5_std": 0.017286,
        "nauc_map_at_5_diff1": 0.892986,
        "nauc_map_at_10_max": 0.709951,
        "nauc_map_at_10_std": 0.011992,
        "nauc_map_at_10_diff1": 0.893295,
        "nauc_map_at_20_max": 0.709708,
        "nauc_map_at_20_std": 0.011431,
        "nauc_map_at_20_diff1": 0.893951,
        "nauc_map_at_100_max": 0.709623,
        "nauc_map_at_100_std": 0.012105,
        "nauc_map_at_100_diff1": 0.894016,
        "nauc_map_at_1000_max": 0.709624,
        "nauc_map_at_1000_std": 0.012307,
        "nauc_map_at_1000_diff1": 0.89402,
        "nauc_recall_at_1_max": 0.690638,
        "nauc_recall_at_1_std": 0.01095,
        "nauc_recall_at_1_diff1": 0.90451,
        "nauc_recall_at_3_max": 0.742591,
        "nauc_recall_at_3_std": 0.009894,
        "nauc_recall_at_3_diff1": 0.872679,
        "nauc_recall_at_5_max": 0.745109,
        "nauc_recall_at_5_std": -0.024992,
        "nauc_recall_at_5_diff1": 0.867685,
        "nauc_recall_at_10_max": 0.723936,
        "nauc_recall_at_10_std": -0.113048,
        "nauc_recall_at_10_diff1": 0.860067,
        "nauc_recall_at_20_max": 0.718173,
        "nauc_recall_at_20_std": -0.178976,
        "nauc_recall_at_20_diff1": 0.877151,
        "nauc_recall_at_100_max": 0.761075,
        "nauc_recall_at_100_std": 0.00552,
        "nauc_recall_at_100_diff1": 0.899854,
        "nauc_recall_at_1000_max": NaN,
        "nauc_recall_at_1000_std": NaN,
        "nauc_recall_at_1000_diff1": NaN,
        "nauc_precision_at_1_max": 0.690638,
        "nauc_precision_at_1_std": 0.01095,
        "nauc_precision_at_1_diff1": 0.90451,
        "nauc_precision_at_3_max": 0.742591,
        "nauc_precision_at_3_std": 0.009894,
        "nauc_precision_at_3_diff1": 0.872679,
        "nauc_precision_at_5_max": 0.745109,
        "nauc_precision_at_5_std": -0.024992,
        "nauc_precision_at_5_diff1": 0.867685,
        "nauc_precision_at_10_max": 0.723936,
        "nauc_precision_at_10_std": -0.113048,
        "nauc_precision_at_10_diff1": 0.860067,
        "nauc_precision_at_20_max": 0.718173,
        "nauc_precision_at_20_std": -0.178976,
        "nauc_precision_at_20_diff1": 0.877151,
        "nauc_precision_at_100_max": 0.761075,
        "nauc_precision_at_100_std": 0.00552,
        "nauc_precision_at_100_diff1": 0.899854,
        "nauc_precision_at_1000_max": 1.0,
        "nauc_precision_at_1000_std": 1.0,
        "nauc_precision_at_1000_diff1": 1.0,
        "nauc_mrr_at_1_max": 0.690638,
        "nauc_mrr_at_1_std": 0.01095,
        "nauc_mrr_at_1_diff1": 0.90451,
        "nauc_mrr_at_3_max": 0.712691,
        "nauc_mrr_at_3_std": 0.022063,
        "nauc_mrr_at_3_diff1": 0.89298,
        "nauc_mrr_at_5_max": 0.712177,
        "nauc_mrr_at_5_std": 0.017286,
        "nauc_mrr_at_5_diff1": 0.892986,
        "nauc_mrr_at_10_max": 0.709951,
        "nauc_mrr_at_10_std": 0.011992,
        "nauc_mrr_at_10_diff1": 0.893295,
        "nauc_mrr_at_20_max": 0.709708,
        "nauc_mrr_at_20_std": 0.011431,
        "nauc_mrr_at_20_diff1": 0.893951,
        "nauc_mrr_at_100_max": 0.709623,
        "nauc_mrr_at_100_std": 0.012105,
        "nauc_mrr_at_100_diff1": 0.894016,
        "nauc_mrr_at_1000_max": 0.709624,
        "nauc_mrr_at_1000_std": 0.012307,
        "nauc_mrr_at_1000_diff1": 0.89402,
        "main_score": 0.87862,
        "hf_subset": "default",
        "languages": [
          "eng-Latn"
        ]
      }
    ]
  },
  "evaluation_time": 0.26692795753479004,
  "kg_co2_emissions": null
}