{
  "dataset_revision": "3c976110fc13596004dc36279fc4c453ff2c18aa",
  "task_name": "indonli",
  "mteb_version": "1.34.4",
  "scores": {
    "test_expert": [
      {
        "similarity_accuracy": 0.513235,
        "similarity_accuracy_threshold": 0.403821,
        "similarity_f1": 0.675325,
        "similarity_f1_threshold": 0.025223,
        "similarity_precision": 0.510054,
        "similarity_recall": 0.999039,
        "similarity_ap": 0.483162,
        "cosine_accuracy": 0.513235,
        "cosine_accuracy_threshold": 0.403821,
        "cosine_f1": 0.675325,
        "cosine_f1_threshold": 0.025223,
        "cosine_precision": 0.510054,
        "cosine_recall": 0.999039,
        "cosine_ap": 0.483162,
        "manhattan_accuracy": 0.510784,
        "manhattan_accuracy_threshold": 1022.207858,
        "manhattan_f1": 0.675763,
        "manhattan_f1_threshold": 1178.067009,
        "manhattan_precision": 0.510555,
        "manhattan_recall": 0.999039,
        "manhattan_ap": 0.480376,
        "euclidean_accuracy": 0.510784,
        "euclidean_accuracy_threshold": 107.698046,
        "euclidean_f1": 0.675974,
        "euclidean_f1_threshold": 115.658099,
        "euclidean_precision": 0.510544,
        "euclidean_recall": 1.0,
        "euclidean_ap": 0.479599,
        "dot_accuracy": 0.513235,
        "dot_accuracy_threshold": 1351.87332,
        "dot_f1": 0.675325,
        "dot_f1_threshold": 59.842501,
        "dot_precision": 0.510054,
        "dot_recall": 0.999039,
        "dot_ap": 0.515209,
        "max_accuracy": 0.513235,
        "max_f1": 0.675974,
        "max_precision": 0.510555,
        "max_recall": 1.0,
        "max_ap": 0.515209,
        "main_score": 0.515209,
        "hf_subset": "default",
        "languages": [
          "ind-Latn"
        ]
      }
    ]
  },
  "evaluation_time": 0.11671781539916992,
  "kg_co2_emissions": null
}