{
  "dataset_revision": "f69691c650464e62546d7f2a4536f8f87c891e38",
  "task_name": "LegalBenchCorporateLobbying",
  "mteb_version": "1.34.4",
  "scores": {
    "test": [
      {
        "ndcg_at_1": 0.52941,
        "ndcg_at_3": 0.63498,
        "ndcg_at_5": 0.65687,
        "ndcg_at_10": 0.67473,
        "ndcg_at_20": 0.68838,
        "ndcg_at_100": 0.70937,
        "ndcg_at_1000": 0.71249,
        "map_at_1": 0.52941,
        "map_at_3": 0.61029,
        "map_at_5": 0.6225,
        "map_at_10": 0.6303,
        "map_at_20": 0.63419,
        "map_at_100": 0.63719,
        "map_at_1000": 0.63732,
        "recall_at_1": 0.52941,
        "recall_at_3": 0.70588,
        "recall_at_5": 0.75882,
        "recall_at_10": 0.81176,
        "recall_at_20": 0.86471,
        "recall_at_100": 0.97647,
        "recall_at_1000": 1.0,
        "precision_at_1": 0.52941,
        "precision_at_3": 0.23529,
        "precision_at_5": 0.15176,
        "precision_at_10": 0.08118,
        "precision_at_20": 0.04324,
        "precision_at_100": 0.00976,
        "precision_at_1000": 0.001,
        "mrr_at_1": 0.529412,
        "mrr_at_3": 0.610294,
        "mrr_at_5": 0.6225,
        "mrr_at_10": 0.630299,
        "mrr_at_20": 0.634186,
        "mrr_at_100": 0.637191,
        "mrr_at_1000": 0.637323,
        "nauc_ndcg_at_1_max": 0.444788,
        "nauc_ndcg_at_1_std": 0.049923,
        "nauc_ndcg_at_1_diff1": 0.724008,
        "nauc_ndcg_at_3_max": 0.47989,
        "nauc_ndcg_at_3_std": 0.04186,
        "nauc_ndcg_at_3_diff1": 0.64867,
        "nauc_ndcg_at_5_max": 0.476302,
        "nauc_ndcg_at_5_std": 0.039193,
        "nauc_ndcg_at_5_diff1": 0.646497,
        "nauc_ndcg_at_10_max": 0.46829,
        "nauc_ndcg_at_10_std": 0.022383,
        "nauc_ndcg_at_10_diff1": 0.647509,
        "nauc_ndcg_at_20_max": 0.4629,
        "nauc_ndcg_at_20_std": 0.040869,
        "nauc_ndcg_at_20_diff1": 0.648082,
        "nauc_ndcg_at_100_max": 0.465586,
        "nauc_ndcg_at_100_std": 0.041357,
        "nauc_ndcg_at_100_diff1": 0.657703,
        "nauc_ndcg_at_1000_max": 0.468033,
        "nauc_ndcg_at_1000_std": 0.038928,
        "nauc_ndcg_at_1000_diff1": 0.661383,
        "nauc_map_at_1_max": 0.444788,
        "nauc_map_at_1_std": 0.049923,
        "nauc_map_at_1_diff1": 0.724008,
        "nauc_map_at_3_max": 0.47355,
        "nauc_map_at_3_std": 0.042743,
        "nauc_map_at_3_diff1": 0.668878,
        "nauc_map_at_5_max": 0.471874,
        "nauc_map_at_5_std": 0.041733,
        "nauc_map_at_5_diff1": 0.668065,
        "nauc_map_at_10_max": 0.468443,
        "nauc_map_at_10_std": 0.034783,
        "nauc_map_at_10_diff1": 0.668975,
        "nauc_map_at_20_max": 0.466971,
        "nauc_map_at_20_std": 0.039099,
        "nauc_map_at_20_diff1": 0.669309,
        "nauc_map_at_100_max": 0.467683,
        "nauc_map_at_100_std": 0.039397,
        "nauc_map_at_100_diff1": 0.670629,
        "nauc_map_at_1000_max": 0.467794,
        "nauc_map_at_1000_std": 0.039294,
        "nauc_map_at_1000_diff1": 0.670821,
        "nauc_recall_at_1_max": 0.444788,
        "nauc_recall_at_1_std": 0.049923,
        "nauc_recall_at_1_diff1": 0.724008,
        "nauc_recall_at_3_max": 0.499973,
        "nauc_recall_at_3_std": 0.039485,
        "nauc_recall_at_3_diff1": 0.5798,
        "nauc_recall_at_5_max": 0.490405,
        "nauc_recall_at_5_std": 0.028936,
        "nauc_recall_at_5_diff1": 0.56262,
        "nauc_recall_at_10_max": 0.459911,
        "nauc_recall_at_10_std": -0.044052,
        "nauc_recall_at_10_diff1": 0.547541,
        "nauc_recall_at_20_max": 0.419136,
        "nauc_recall_at_20_std": 0.075989,
        "nauc_recall_at_20_diff1": 0.517652,
        "nauc_recall_at_100_max": 0.301062,
        "nauc_recall_at_100_std": 0.208275,
        "nauc_recall_at_100_diff1": 0.420051,
        "nauc_recall_at_1000_max": NaN,
        "nauc_recall_at_1000_std": NaN,
        "nauc_recall_at_1000_diff1": NaN,
        "nauc_precision_at_1_max": 0.444788,
        "nauc_precision_at_1_std": 0.049923,
        "nauc_precision_at_1_diff1": 0.724008,
        "nauc_precision_at_3_max": 0.499973,
        "nauc_precision_at_3_std": 0.039485,
        "nauc_precision_at_3_diff1": 0.5798,
        "nauc_precision_at_5_max": 0.490405,
        "nauc_precision_at_5_std": 0.028936,
        "nauc_precision_at_5_diff1": 0.56262,
        "nauc_precision_at_10_max": 0.459911,
        "nauc_precision_at_10_std": -0.044052,
        "nauc_precision_at_10_diff1": 0.547541,
        "nauc_precision_at_20_max": 0.419136,
        "nauc_precision_at_20_std": 0.075989,
        "nauc_precision_at_20_diff1": 0.517652,
        "nauc_precision_at_100_max": 0.301062,
        "nauc_precision_at_100_std": 0.208275,
        "nauc_precision_at_100_diff1": 0.420051,
        "nauc_precision_at_1000_max": 1.0,
        "nauc_precision_at_1000_std": 1.0,
        "nauc_precision_at_1000_diff1": 1.0,
        "nauc_mrr_at_1_max": 0.444788,
        "nauc_mrr_at_1_std": 0.049923,
        "nauc_mrr_at_1_diff1": 0.724008,
        "nauc_mrr_at_3_max": 0.47355,
        "nauc_mrr_at_3_std": 0.042743,
        "nauc_mrr_at_3_diff1": 0.668878,
        "nauc_mrr_at_5_max": 0.471874,
        "nauc_mrr_at_5_std": 0.041733,
        "nauc_mrr_at_5_diff1": 0.668065,
        "nauc_mrr_at_10_max": 0.468443,
        "nauc_mrr_at_10_std": 0.034783,
        "nauc_mrr_at_10_diff1": 0.668975,
        "nauc_mrr_at_20_max": 0.466971,
        "nauc_mrr_at_20_std": 0.039099,
        "nauc_mrr_at_20_diff1": 0.669309,
        "nauc_mrr_at_100_max": 0.467683,
        "nauc_mrr_at_100_std": 0.039397,
        "nauc_mrr_at_100_diff1": 0.670629,
        "nauc_mrr_at_1000_max": 0.467794,
        "nauc_mrr_at_1000_std": 0.039294,
        "nauc_mrr_at_1000_diff1": 0.670821,
        "main_score": 0.67473,
        "hf_subset": "default",
        "languages": [
          "eng-Latn"
        ]
      }
    ]
  },
  "evaluation_time": 0.20384573936462402,
  "kg_co2_emissions": null
}