{
  "dataset_revision": "f8c2fcf00f625baaa80f62ec5bd9e1fff3b8ae88",
  "task_name": "SCIDOCS",
  "mteb_version": "1.34.4",
  "scores": {
    "test": [
      {
        "ndcg_at_1": 0.023,
        "ndcg_at_3": 0.02123,
        "ndcg_at_5": 0.0183,
        "ndcg_at_10": 0.02217,
        "ndcg_at_20": 0.02553,
        "ndcg_at_100": 0.0383,
        "ndcg_at_1000": 0.06567,
        "map_at_1": 0.0046,
        "map_at_3": 0.00859,
        "map_at_5": 0.00995,
        "map_at_10": 0.01111,
        "map_at_20": 0.01179,
        "map_at_100": 0.01334,
        "map_at_1000": 0.01418,
        "recall_at_1": 0.0046,
        "recall_at_3": 0.01263,
        "recall_at_5": 0.01668,
        "recall_at_10": 0.02388,
        "recall_at_20": 0.03193,
        "recall_at_100": 0.07425,
        "recall_at_1000": 0.21232,
        "precision_at_1": 0.023,
        "precision_at_3": 0.02067,
        "precision_at_5": 0.0164,
        "precision_at_10": 0.0117,
        "precision_at_20": 0.00785,
        "precision_at_100": 0.00364,
        "precision_at_1000": 0.00104,
        "mrr_at_1": 0.023,
        "mrr_at_3": 0.0365,
        "mrr_at_5": 0.0397,
        "mrr_at_10": 0.043585,
        "mrr_at_20": 0.045457,
        "mrr_at_100": 0.048151,
        "mrr_at_1000": 0.049141,
        "nauc_ndcg_at_1_max": 0.02143,
        "nauc_ndcg_at_1_std": -0.148493,
        "nauc_ndcg_at_1_diff1": 0.166494,
        "nauc_ndcg_at_3_max": -0.107377,
        "nauc_ndcg_at_3_std": -0.234946,
        "nauc_ndcg_at_3_diff1": 0.085923,
        "nauc_ndcg_at_5_max": -0.125871,
        "nauc_ndcg_at_5_std": -0.266754,
        "nauc_ndcg_at_5_diff1": 0.071016,
        "nauc_ndcg_at_10_max": -0.114306,
        "nauc_ndcg_at_10_std": -0.278557,
        "nauc_ndcg_at_10_diff1": 0.07213,
        "nauc_ndcg_at_20_max": -0.133587,
        "nauc_ndcg_at_20_std": -0.283622,
        "nauc_ndcg_at_20_diff1": 0.071629,
        "nauc_ndcg_at_100_max": -0.139786,
        "nauc_ndcg_at_100_std": -0.31033,
        "nauc_ndcg_at_100_diff1": 0.023587,
        "nauc_ndcg_at_1000_max": -0.139077,
        "nauc_ndcg_at_1000_std": -0.299609,
        "nauc_ndcg_at_1000_diff1": -0.003193,
        "nauc_map_at_1_max": 0.02143,
        "nauc_map_at_1_std": -0.148493,
        "nauc_map_at_1_diff1": 0.166494,
        "nauc_map_at_3_max": -0.072574,
        "nauc_map_at_3_std": -0.23414,
        "nauc_map_at_3_diff1": 0.088327,
        "nauc_map_at_5_max": -0.081698,
        "nauc_map_at_5_std": -0.263808,
        "nauc_map_at_5_diff1": 0.086568,
        "nauc_map_at_10_max": -0.069646,
        "nauc_map_at_10_std": -0.272311,
        "nauc_map_at_10_diff1": 0.086302,
        "nauc_map_at_20_max": -0.08272,
        "nauc_map_at_20_std": -0.27571,
        "nauc_map_at_20_diff1": 0.083272,
        "nauc_map_at_100_max": -0.087992,
        "nauc_map_at_100_std": -0.284944,
        "nauc_map_at_100_diff1": 0.071517,
        "nauc_map_at_1000_max": -0.091236,
        "nauc_map_at_1000_std": -0.285302,
        "nauc_map_at_1000_diff1": 0.066113,
        "nauc_recall_at_1_max": 0.02143,
        "nauc_recall_at_1_std": -0.148493,
        "nauc_recall_at_1_diff1": 0.166494,
        "nauc_recall_at_3_max": -0.153307,
        "nauc_recall_at_3_std": -0.262678,
        "nauc_recall_at_3_diff1": 0.062628,
        "nauc_recall_at_5_max": -0.167493,
        "nauc_recall_at_5_std": -0.302537,
        "nauc_recall_at_5_diff1": 0.048025,
        "nauc_recall_at_10_max": -0.137312,
        "nauc_recall_at_10_std": -0.311696,
        "nauc_recall_at_10_diff1": 0.059771,
        "nauc_recall_at_20_max": -0.172275,
        "nauc_recall_at_20_std": -0.314619,
        "nauc_recall_at_20_diff1": 0.058813,
        "nauc_recall_at_100_max": -0.159664,
        "nauc_recall_at_100_std": -0.337736,
        "nauc_recall_at_100_diff1": -0.026228,
        "nauc_recall_at_1000_max": -0.137752,
        "nauc_recall_at_1000_std": -0.287345,
        "nauc_recall_at_1000_diff1": -0.051493,
        "nauc_precision_at_1_max": 0.02143,
        "nauc_precision_at_1_std": -0.148493,
        "nauc_precision_at_1_diff1": 0.166494,
        "nauc_precision_at_3_max": -0.148861,
        "nauc_precision_at_3_std": -0.257917,
        "nauc_precision_at_3_diff1": 0.064365,
        "nauc_precision_at_5_max": -0.163873,
        "nauc_precision_at_5_std": -0.298903,
        "nauc_precision_at_5_diff1": 0.046228,
        "nauc_precision_at_10_max": -0.135085,
        "nauc_precision_at_10_std": -0.308463,
        "nauc_precision_at_10_diff1": 0.056084,
        "nauc_precision_at_20_max": -0.171923,
        "nauc_precision_at_20_std": -0.312807,
        "nauc_precision_at_20_diff1": 0.056518,
        "nauc_precision_at_100_max": -0.161901,
        "nauc_precision_at_100_std": -0.335757,
        "nauc_precision_at_100_diff1": -0.028076,
        "nauc_precision_at_1000_max": -0.13961,
        "nauc_precision_at_1000_std": -0.282914,
        "nauc_precision_at_1000_diff1": -0.053185,
        "nauc_mrr_at_1_max": 0.02143,
        "nauc_mrr_at_1_std": -0.148493,
        "nauc_mrr_at_1_diff1": 0.166494,
        "nauc_mrr_at_3_max": -0.104043,
        "nauc_mrr_at_3_std": -0.212631,
        "nauc_mrr_at_3_diff1": 0.106476,
        "nauc_mrr_at_5_max": -0.122536,
        "nauc_mrr_at_5_std": -0.228315,
        "nauc_mrr_at_5_diff1": 0.08871,
        "nauc_mrr_at_10_max": -0.121426,
        "nauc_mrr_at_10_std": -0.237173,
        "nauc_mrr_at_10_diff1": 0.0863,
        "nauc_mrr_at_20_max": -0.122449,
        "nauc_mrr_at_20_std": -0.239115,
        "nauc_mrr_at_20_diff1": 0.089198,
        "nauc_mrr_at_100_max": -0.122767,
        "nauc_mrr_at_100_std": -0.246747,
        "nauc_mrr_at_100_diff1": 0.080012,
        "nauc_mrr_at_1000_max": -0.122467,
        "nauc_mrr_at_1000_std": -0.246454,
        "nauc_mrr_at_1000_diff1": 0.079481,
        "main_score": 0.02217,
        "hf_subset": "default",
        "languages": [
          "eng-Latn"
        ]
      }
    ]
  },
  "evaluation_time": 115.59034085273743,
  "kg_co2_emissions": null
}