{
  "dataset_revision": "76631901a18387f85eaa53e5450019b87ad58ef9",
  "task_name": "T2Reranking",
  "mteb_version": "1.34.4",
  "scores": {
    "dev": [
      {
        "map": 0.642388,
        "mrr": 0.742313,
        "nAUC_map_max": 0.042035,
        "nAUC_map_std": -0.128711,
        "nAUC_map_diff1": -0.049086,
        "nAUC_mrr_max": 0.046052,
        "nAUC_mrr_std": -0.117385,
        "nAUC_mrr_diff1": -0.066501,
        "main_score": 0.642388,
        "hf_subset": "default",
        "languages": [
          "cmn-Hans"
        ]
      }
    ]
  },
  "evaluation_time": 439.5175120830536,
  "kg_co2_emissions": null
}