{
  "dataset_revision": "9097e99aa8c9d827189c65f2e11bfe756af439f6",
  "task_name": "TempReasonL1",
  "mteb_version": "1.34.4",
  "scores": {
    "test": [
      {
        "ndcg_at_1": 0.00125,
        "ndcg_at_3": 0.00577,
        "ndcg_at_5": 0.00959,
        "ndcg_at_10": 0.01706,
        "ndcg_at_20": 0.0232,
        "ndcg_at_100": 0.04216,
        "ndcg_at_1000": 0.0862,
        "map_at_1": 0.00125,
        "map_at_3": 0.0045,
        "map_at_5": 0.00662,
        "map_at_10": 0.00964,
        "map_at_20": 0.01133,
        "map_at_100": 0.01366,
        "map_at_1000": 0.01488,
        "recall_at_1": 0.00125,
        "recall_at_3": 0.0095,
        "recall_at_5": 0.01875,
        "recall_at_10": 0.04225,
        "recall_at_20": 0.0665,
        "recall_at_100": 0.173,
        "recall_at_1000": 0.54525,
        "precision_at_1": 0.00125,
        "precision_at_3": 0.00317,
        "precision_at_5": 0.00375,
        "precision_at_10": 0.00422,
        "precision_at_20": 0.00333,
        "precision_at_100": 0.00173,
        "precision_at_1000": 0.00055,
        "mrr_at_1": 0.00125,
        "mrr_at_3": 0.0045,
        "mrr_at_5": 0.006625,
        "mrr_at_10": 0.00964,
        "mrr_at_20": 0.01133,
        "mrr_at_100": 0.01366,
        "mrr_at_1000": 0.014885,
        "nauc_ndcg_at_1_max": 0.729541,
        "nauc_ndcg_at_1_std": 0.864771,
        "nauc_ndcg_at_1_diff1": 0.093963,
        "nauc_ndcg_at_3_max": 0.656055,
        "nauc_ndcg_at_3_std": 0.584421,
        "nauc_ndcg_at_3_diff1": -0.007313,
        "nauc_ndcg_at_5_max": 0.57891,
        "nauc_ndcg_at_5_std": 0.488899,
        "nauc_ndcg_at_5_diff1": 0.010517,
        "nauc_ndcg_at_10_max": 0.534418,
        "nauc_ndcg_at_10_std": 0.471286,
        "nauc_ndcg_at_10_diff1": 0.03826,
        "nauc_ndcg_at_20_max": 0.489595,
        "nauc_ndcg_at_20_std": 0.424768,
        "nauc_ndcg_at_20_diff1": 0.063648,
        "nauc_ndcg_at_100_max": 0.355489,
        "nauc_ndcg_at_100_std": 0.352827,
        "nauc_ndcg_at_100_diff1": 0.077818,
        "nauc_ndcg_at_1000_max": 0.262135,
        "nauc_ndcg_at_1000_std": 0.299744,
        "nauc_ndcg_at_1000_diff1": 0.070324,
        "nauc_map_at_1_max": 0.729541,
        "nauc_map_at_1_std": 0.864771,
        "nauc_map_at_1_diff1": 0.093963,
        "nauc_map_at_3_max": 0.656709,
        "nauc_map_at_3_std": 0.600289,
        "nauc_map_at_3_diff1": 0.004653,
        "nauc_map_at_5_max": 0.594559,
        "nauc_map_at_5_std": 0.520102,
        "nauc_map_at_5_diff1": 0.016405,
        "nauc_map_at_10_max": 0.55478,
        "nauc_map_at_10_std": 0.494593,
        "nauc_map_at_10_diff1": 0.033808,
        "nauc_map_at_20_max": 0.528751,
        "nauc_map_at_20_std": 0.46684,
        "nauc_map_at_20_diff1": 0.05055,
        "nauc_map_at_100_max": 0.473377,
        "nauc_map_at_100_std": 0.432808,
        "nauc_map_at_100_diff1": 0.058539,
        "nauc_map_at_1000_max": 0.460899,
        "nauc_map_at_1000_std": 0.425094,
        "nauc_map_at_1000_diff1": 0.05802,
        "nauc_recall_at_1_max": 0.729541,
        "nauc_recall_at_1_std": 0.864771,
        "nauc_recall_at_1_diff1": 0.093963,
        "nauc_recall_at_3_max": 0.655995,
        "nauc_recall_at_3_std": 0.563301,
        "nauc_recall_at_3_diff1": -0.024685,
        "nauc_recall_at_5_max": 0.560243,
        "nauc_recall_at_5_std": 0.452782,
        "nauc_recall_at_5_diff1": 0.004157,
        "nauc_recall_at_10_max": 0.517975,
        "nauc_recall_at_10_std": 0.45444,
        "nauc_recall_at_10_diff1": 0.043443,
        "nauc_recall_at_20_max": 0.459263,
        "nauc_recall_at_20_std": 0.393912,
        "nauc_recall_at_20_diff1": 0.074378,
        "nauc_recall_at_100_max": 0.285469,
        "nauc_recall_at_100_std": 0.309862,
        "nauc_recall_at_100_diff1": 0.086969,
        "nauc_recall_at_1000_max": 0.123522,
        "nauc_recall_at_1000_std": 0.21986,
        "nauc_recall_at_1000_diff1": 0.071127,
        "nauc_precision_at_1_max": 0.729541,
        "nauc_precision_at_1_std": 0.864771,
        "nauc_precision_at_1_diff1": 0.093963,
        "nauc_precision_at_3_max": 0.655995,
        "nauc_precision_at_3_std": 0.563301,
        "nauc_precision_at_3_diff1": -0.024685,
        "nauc_precision_at_5_max": 0.560243,
        "nauc_precision_at_5_std": 0.452782,
        "nauc_precision_at_5_diff1": 0.004157,
        "nauc_precision_at_10_max": 0.517975,
        "nauc_precision_at_10_std": 0.45444,
        "nauc_precision_at_10_diff1": 0.043443,
        "nauc_precision_at_20_max": 0.459263,
        "nauc_precision_at_20_std": 0.393912,
        "nauc_precision_at_20_diff1": 0.074378,
        "nauc_precision_at_100_max": 0.285469,
        "nauc_precision_at_100_std": 0.309862,
        "nauc_precision_at_100_diff1": 0.086969,
        "nauc_precision_at_1000_max": 0.123522,
        "nauc_precision_at_1000_std": 0.21986,
        "nauc_precision_at_1000_diff1": 0.071127,
        "nauc_mrr_at_1_max": 0.729541,
        "nauc_mrr_at_1_std": 0.864771,
        "nauc_mrr_at_1_diff1": 0.093963,
        "nauc_mrr_at_3_max": 0.656709,
        "nauc_mrr_at_3_std": 0.600289,
        "nauc_mrr_at_3_diff1": 0.004653,
        "nauc_mrr_at_5_max": 0.594559,
        "nauc_mrr_at_5_std": 0.520102,
        "nauc_mrr_at_5_diff1": 0.016405,
        "nauc_mrr_at_10_max": 0.55478,
        "nauc_mrr_at_10_std": 0.494593,
        "nauc_mrr_at_10_diff1": 0.033808,
        "nauc_mrr_at_20_max": 0.528751,
        "nauc_mrr_at_20_std": 0.46684,
        "nauc_mrr_at_20_diff1": 0.05055,
        "nauc_mrr_at_100_max": 0.473377,
        "nauc_mrr_at_100_std": 0.432808,
        "nauc_mrr_at_100_diff1": 0.058539,
        "nauc_mrr_at_1000_max": 0.460899,
        "nauc_mrr_at_1000_std": 0.425094,
        "nauc_mrr_at_1000_diff1": 0.05802,
        "main_score": 0.01706,
        "hf_subset": "default",
        "languages": [
          "eng-Latn"
        ]
      }
    ]
  },
  "evaluation_time": 59.85389804840088,
  "kg_co2_emissions": null
}