{
  "dataset_revision": "7b58f24536063837d644aab9a023c62199b2a612",
  "task_name": "TERRa",
  "mteb_version": "1.34.4",
  "scores": {
    "dev": [
      {
        "similarity_accuracy": 0.540717,
        "similarity_accuracy_threshold": 0.388342,
        "similarity_f1": 0.671202,
        "similarity_f1_threshold": 0.322191,
        "similarity_precision": 0.513889,
        "similarity_recall": 0.96732,
        "similarity_ap": 0.539678,
        "cosine_accuracy": 0.540717,
        "cosine_accuracy_threshold": 0.388342,
        "cosine_f1": 0.671202,
        "cosine_f1_threshold": 0.322191,
        "cosine_precision": 0.513889,
        "cosine_recall": 0.96732,
        "cosine_ap": 0.539678,
        "manhattan_accuracy": 0.570033,
        "manhattan_accuracy_threshold": 467.050975,
        "manhattan_f1": 0.668122,
        "manhattan_f1_threshold": 918.912843,
        "manhattan_precision": 0.501639,
        "manhattan_recall": 1.0,
        "manhattan_ap": 0.557439,
        "euclidean_accuracy": 0.570033,
        "euclidean_accuracy_threshold": 41.371296,
        "euclidean_f1": 0.668203,
        "euclidean_f1_threshold": 67.237371,
        "euclidean_precision": 0.516014,
        "euclidean_recall": 0.947712,
        "euclidean_ap": 0.552106,
        "dot_accuracy": 0.514658,
        "dot_accuracy_threshold": 3372.482211,
        "dot_f1": 0.668132,
        "dot_f1_threshold": 493.77928,
        "dot_precision": 0.503311,
        "dot_recall": 0.993464,
        "dot_ap": 0.497219,
        "max_accuracy": 0.570033,
        "max_f1": 0.671202,
        "max_precision": 0.516014,
        "max_recall": 1.0,
        "max_ap": 0.557439,
        "main_score": 0.557439,
        "hf_subset": "default",
        "languages": [
          "rus-Cyrl"
        ]
      }
    ]
  },
  "evaluation_time": 0.046256065368652344,
  "kg_co2_emissions": null
}