{
  "dataset_revision": "bb9466bac8153a0349341eb1b22e06409e78ef4e",
  "task_name": "TRECCOVID",
  "mteb_version": "1.34.4",
  "scores": {
    "test": [
      {
        "ndcg_at_1": 0.49,
        "ndcg_at_3": 0.41989,
        "ndcg_at_5": 0.40722,
        "ndcg_at_10": 0.35461,
        "ndcg_at_20": 0.32701,
        "ndcg_at_100": 0.23796,
        "ndcg_at_1000": 0.19882,
        "map_at_1": 0.00123,
        "map_at_3": 0.00265,
        "map_at_5": 0.0038,
        "map_at_10": 0.00563,
        "map_at_20": 0.00887,
        "map_at_100": 0.02449,
        "map_at_1000": 0.05722,
        "recall_at_1": 0.00123,
        "recall_at_3": 0.00287,
        "recall_at_5": 0.00453,
        "recall_at_10": 0.00739,
        "recall_at_20": 0.01343,
        "recall_at_100": 0.04847,
        "recall_at_1000": 0.18836,
        "precision_at_1": 0.58,
        "precision_at_3": 0.46,
        "precision_at_5": 0.44,
        "precision_at_10": 0.366,
        "precision_at_20": 0.332,
        "precision_at_100": 0.2406,
        "precision_at_1000": 0.096,
        "mrr_at_1": 0.58,
        "mrr_at_3": 0.62,
        "mrr_at_5": 0.643,
        "mrr_at_10": 0.652556,
        "mrr_at_20": 0.657788,
        "mrr_at_100": 0.658964,
        "mrr_at_1000": 0.659087,
        "nauc_ndcg_at_1_max": 0.462406,
        "nauc_ndcg_at_1_std": 0.190171,
        "nauc_ndcg_at_1_diff1": 0.106867,
        "nauc_ndcg_at_3_max": 0.51232,
        "nauc_ndcg_at_3_std": 0.210065,
        "nauc_ndcg_at_3_diff1": 0.089083,
        "nauc_ndcg_at_5_max": 0.577948,
        "nauc_ndcg_at_5_std": 0.209864,
        "nauc_ndcg_at_5_diff1": 0.059747,
        "nauc_ndcg_at_10_max": 0.570278,
        "nauc_ndcg_at_10_std": 0.253755,
        "nauc_ndcg_at_10_diff1": 0.080398,
        "nauc_ndcg_at_20_max": 0.594059,
        "nauc_ndcg_at_20_std": 0.30519,
        "nauc_ndcg_at_20_diff1": 0.133834,
        "nauc_ndcg_at_100_max": 0.619261,
        "nauc_ndcg_at_100_std": 0.390029,
        "nauc_ndcg_at_100_diff1": 0.154652,
        "nauc_ndcg_at_1000_max": 0.558172,
        "nauc_ndcg_at_1000_std": 0.444872,
        "nauc_ndcg_at_1000_diff1": 0.131821,
        "nauc_map_at_1_max": 0.159518,
        "nauc_map_at_1_std": 0.228251,
        "nauc_map_at_1_diff1": -0.001478,
        "nauc_map_at_3_max": 0.298004,
        "nauc_map_at_3_std": 0.209085,
        "nauc_map_at_3_diff1": -0.007091,
        "nauc_map_at_5_max": 0.433902,
        "nauc_map_at_5_std": 0.227338,
        "nauc_map_at_5_diff1": -0.04062,
        "nauc_map_at_10_max": 0.480018,
        "nauc_map_at_10_std": 0.302744,
        "nauc_map_at_10_diff1": -0.013776,
        "nauc_map_at_20_max": 0.541364,
        "nauc_map_at_20_std": 0.386545,
        "nauc_map_at_20_diff1": 0.063838,
        "nauc_map_at_100_max": 0.570926,
        "nauc_map_at_100_std": 0.492099,
        "nauc_map_at_100_diff1": 0.119863,
        "nauc_map_at_1000_max": 0.670503,
        "nauc_map_at_1000_std": 0.53486,
        "nauc_map_at_1000_diff1": 0.181593,
        "nauc_recall_at_1_max": 0.159518,
        "nauc_recall_at_1_std": 0.228251,
        "nauc_recall_at_1_diff1": -0.001478,
        "nauc_recall_at_3_max": 0.322154,
        "nauc_recall_at_3_std": 0.182495,
        "nauc_recall_at_3_diff1": 0.002237,
        "nauc_recall_at_5_max": 0.433407,
        "nauc_recall_at_5_std": 0.178408,
        "nauc_recall_at_5_diff1": -0.043325,
        "nauc_recall_at_10_max": 0.394332,
        "nauc_recall_at_10_std": 0.285025,
        "nauc_recall_at_10_diff1": -0.009403,
        "nauc_recall_at_20_max": 0.431214,
        "nauc_recall_at_20_std": 0.399189,
        "nauc_recall_at_20_diff1": 0.048346,
        "nauc_recall_at_100_max": 0.417855,
        "nauc_recall_at_100_std": 0.445797,
        "nauc_recall_at_100_diff1": 0.085252,
        "nauc_recall_at_1000_max": 0.509539,
        "nauc_recall_at_1000_std": 0.454894,
        "nauc_recall_at_1000_diff1": 0.092412,
        "nauc_precision_at_1_max": 0.498825,
        "nauc_precision_at_1_std": 0.282671,
        "nauc_precision_at_1_diff1": 0.124735,
        "nauc_precision_at_3_max": 0.565508,
        "nauc_precision_at_3_std": 0.218845,
        "nauc_precision_at_3_diff1": 0.071311,
        "nauc_precision_at_5_max": 0.63691,
        "nauc_precision_at_5_std": 0.203328,
        "nauc_precision_at_5_diff1": 0.032089,
        "nauc_precision_at_10_max": 0.570925,
        "nauc_precision_at_10_std": 0.275919,
        "nauc_precision_at_10_diff1": 0.081579,
        "nauc_precision_at_20_max": 0.598061,
        "nauc_precision_at_20_std": 0.345377,
        "nauc_precision_at_20_diff1": 0.141785,
        "nauc_precision_at_100_max": 0.619186,
        "nauc_precision_at_100_std": 0.41114,
        "nauc_precision_at_100_diff1": 0.158662,
        "nauc_precision_at_1000_max": 0.643393,
        "nauc_precision_at_1000_std": 0.363073,
        "nauc_precision_at_1000_diff1": 0.146427,
        "nauc_mrr_at_1_max": 0.498825,
        "nauc_mrr_at_1_std": 0.282671,
        "nauc_mrr_at_1_diff1": 0.124735,
        "nauc_mrr_at_3_max": 0.510714,
        "nauc_mrr_at_3_std": 0.295265,
        "nauc_mrr_at_3_diff1": 0.152541,
        "nauc_mrr_at_5_max": 0.502566,
        "nauc_mrr_at_5_std": 0.288964,
        "nauc_mrr_at_5_diff1": 0.147122,
        "nauc_mrr_at_10_max": 0.498484,
        "nauc_mrr_at_10_std": 0.302999,
        "nauc_mrr_at_10_diff1": 0.139376,
        "nauc_mrr_at_20_max": 0.499026,
        "nauc_mrr_at_20_std": 0.300973,
        "nauc_mrr_at_20_diff1": 0.137037,
        "nauc_mrr_at_100_max": 0.497917,
        "nauc_mrr_at_100_std": 0.299248,
        "nauc_mrr_at_100_diff1": 0.142739,
        "nauc_mrr_at_1000_max": 0.498086,
        "nauc_mrr_at_1000_std": 0.29946,
        "nauc_mrr_at_1000_diff1": 0.142748,
        "main_score": 0.35461,
        "hf_subset": "default",
        "languages": [
          "eng-Latn"
        ]
      }
    ]
  },
  "evaluation_time": 772.1886551380157,
  "kg_co2_emissions": null
}