{
  "dataset_revision": "099ee143c7fdfa6bd7965be8c801cb161c313b29",
  "task_name": "TwitterHjerneRetrieval",
  "mteb_version": "1.34.4",
  "scores": {
    "train": [
      {
        "ndcg_at_1": 0.12821,
        "ndcg_at_3": 0.12796,
        "ndcg_at_5": 0.12283,
        "ndcg_at_10": 0.13392,
        "ndcg_at_20": 0.1691,
        "ndcg_at_100": 0.24905,
        "ndcg_at_1000": 0.3325,
        "map_at_1": 0.04103,
        "map_at_3": 0.07796,
        "map_at_5": 0.08257,
        "map_at_10": 0.08841,
        "map_at_20": 0.09911,
        "map_at_100": 0.11191,
        "map_at_1000": 0.11852,
        "recall_at_1": 0.04103,
        "recall_at_3": 0.11603,
        "recall_at_5": 0.12756,
        "recall_at_10": 0.15128,
        "recall_at_20": 0.24573,
        "recall_at_100": 0.55085,
        "recall_at_1000": 0.98718,
        "precision_at_1": 0.12821,
        "precision_at_3": 0.11966,
        "precision_at_5": 0.08205,
        "precision_at_10": 0.05,
        "precision_at_20": 0.04231,
        "precision_at_100": 0.01949,
        "precision_at_1000": 0.00336,
        "mrr_at_1": 0.128205,
        "mrr_at_3": 0.192308,
        "mrr_at_5": 0.194872,
        "mrr_at_10": 0.200443,
        "mrr_at_20": 0.211036,
        "mrr_at_100": 0.218904,
        "mrr_at_1000": 0.220071,
        "nauc_ndcg_at_1_max": -0.171958,
        "nauc_ndcg_at_1_std": -0.247342,
        "nauc_ndcg_at_1_diff1": 0.200624,
        "nauc_ndcg_at_3_max": -0.227527,
        "nauc_ndcg_at_3_std": -0.207791,
        "nauc_ndcg_at_3_diff1": 0.063057,
        "nauc_ndcg_at_5_max": -0.223271,
        "nauc_ndcg_at_5_std": -0.196112,
        "nauc_ndcg_at_5_diff1": 0.036016,
        "nauc_ndcg_at_10_max": -0.208605,
        "nauc_ndcg_at_10_std": -0.194152,
        "nauc_ndcg_at_10_diff1": 0.029542,
        "nauc_ndcg_at_20_max": -0.191725,
        "nauc_ndcg_at_20_std": -0.191561,
        "nauc_ndcg_at_20_diff1": 0.027758,
        "nauc_ndcg_at_100_max": -0.117048,
        "nauc_ndcg_at_100_std": -0.171011,
        "nauc_ndcg_at_100_diff1": 0.051792,
        "nauc_ndcg_at_1000_max": -0.146742,
        "nauc_ndcg_at_1000_std": -0.174532,
        "nauc_ndcg_at_1000_diff1": 0.052484,
        "nauc_map_at_1_max": -0.22021,
        "nauc_map_at_1_std": -0.272531,
        "nauc_map_at_1_diff1": 0.202266,
        "nauc_map_at_3_max": -0.251111,
        "nauc_map_at_3_std": -0.230127,
        "nauc_map_at_3_diff1": 0.113776,
        "nauc_map_at_5_max": -0.237624,
        "nauc_map_at_5_std": -0.214983,
        "nauc_map_at_5_diff1": 0.087448,
        "nauc_map_at_10_max": -0.231273,
        "nauc_map_at_10_std": -0.213257,
        "nauc_map_at_10_diff1": 0.069259,
        "nauc_map_at_20_max": -0.217202,
        "nauc_map_at_20_std": -0.210647,
        "nauc_map_at_20_diff1": 0.053599,
        "nauc_map_at_100_max": -0.199175,
        "nauc_map_at_100_std": -0.204853,
        "nauc_map_at_100_diff1": 0.056799,
        "nauc_map_at_1000_max": -0.200922,
        "nauc_map_at_1000_std": -0.204997,
        "nauc_map_at_1000_diff1": 0.055775,
        "nauc_recall_at_1_max": -0.22021,
        "nauc_recall_at_1_std": -0.272531,
        "nauc_recall_at_1_diff1": 0.202266,
        "nauc_recall_at_3_max": -0.240903,
        "nauc_recall_at_3_std": -0.179968,
        "nauc_recall_at_3_diff1": 0.023049,
        "nauc_recall_at_5_max": -0.212496,
        "nauc_recall_at_5_std": -0.150798,
        "nauc_recall_at_5_diff1": -0.020088,
        "nauc_recall_at_10_max": -0.184016,
        "nauc_recall_at_10_std": -0.146454,
        "nauc_recall_at_10_diff1": -0.036898,
        "nauc_recall_at_20_max": -0.162599,
        "nauc_recall_at_20_std": -0.162,
        "nauc_recall_at_20_diff1": -0.016707,
        "nauc_recall_at_100_max": 0.051414,
        "nauc_recall_at_100_std": -0.101387,
        "nauc_recall_at_100_diff1": 0.066431,
        "nauc_recall_at_1000_max": 0.358811,
        "nauc_recall_at_1000_std": -0.571475,
        "nauc_recall_at_1000_diff1": 1.0,
        "nauc_precision_at_1_max": -0.171958,
        "nauc_precision_at_1_std": -0.247342,
        "nauc_precision_at_1_diff1": 0.200624,
        "nauc_precision_at_3_max": -0.233894,
        "nauc_precision_at_3_std": -0.188536,
        "nauc_precision_at_3_diff1": -0.002882,
        "nauc_precision_at_5_max": -0.173729,
        "nauc_precision_at_5_std": -0.123868,
        "nauc_precision_at_5_diff1": -0.067013,
        "nauc_precision_at_10_max": -0.14017,
        "nauc_precision_at_10_std": -0.126043,
        "nauc_precision_at_10_diff1": -0.066175,
        "nauc_precision_at_20_max": -0.076747,
        "nauc_precision_at_20_std": -0.088311,
        "nauc_precision_at_20_diff1": -0.045511,
        "nauc_precision_at_100_max": 0.121262,
        "nauc_precision_at_100_std": -0.025512,
        "nauc_precision_at_100_diff1": 0.019768,
        "nauc_precision_at_1000_max": 0.18544,
        "nauc_precision_at_1000_std": 0.147478,
        "nauc_precision_at_1000_diff1": -0.035103,
        "nauc_mrr_at_1_max": -0.171958,
        "nauc_mrr_at_1_std": -0.247342,
        "nauc_mrr_at_1_diff1": 0.200624,
        "nauc_mrr_at_3_max": -0.197439,
        "nauc_mrr_at_3_std": -0.216576,
        "nauc_mrr_at_3_diff1": 0.094612,
        "nauc_mrr_at_5_max": -0.200614,
        "nauc_mrr_at_5_std": -0.219718,
        "nauc_mrr_at_5_diff1": 0.087405,
        "nauc_mrr_at_10_max": -0.192497,
        "nauc_mrr_at_10_std": -0.218004,
        "nauc_mrr_at_10_diff1": 0.093512,
        "nauc_mrr_at_20_max": -0.197276,
        "nauc_mrr_at_20_std": -0.218356,
        "nauc_mrr_at_20_diff1": 0.099039,
        "nauc_mrr_at_100_max": -0.193804,
        "nauc_mrr_at_100_std": -0.217811,
        "nauc_mrr_at_100_diff1": 0.099407,
        "nauc_mrr_at_1000_max": -0.19412,
        "nauc_mrr_at_1000_std": -0.217782,
        "nauc_mrr_at_1000_diff1": 0.099414,
        "main_score": 0.13392,
        "hf_subset": "default",
        "languages": [
          "dan-Latn"
        ]
      }
    ]
  },
  "evaluation_time": 0.07188296318054199,
  "kg_co2_emissions": null
}