{
  "dataset_revision": "f74c094f321077cf909ddfb8bccc1b5912a4ac28",
  "task_name": "WinoGrande",
  "mteb_version": "1.34.4",
  "scores": {
    "test": [
      {
        "ndcg_at_1": 0.01105,
        "ndcg_at_3": 0.01848,
        "ndcg_at_5": 0.02368,
        "ndcg_at_10": 0.03307,
        "ndcg_at_20": 0.04781,
        "ndcg_at_100": 0.10024,
        "ndcg_at_1000": 0.16526,
        "map_at_1": 0.01105,
        "map_at_3": 0.01644,
        "map_at_5": 0.01932,
        "map_at_10": 0.02317,
        "map_at_20": 0.0271,
        "map_at_100": 0.03362,
        "map_at_1000": 0.03593,
        "recall_at_1": 0.01105,
        "recall_at_3": 0.02447,
        "recall_at_5": 0.0371,
        "recall_at_10": 0.0663,
        "recall_at_20": 0.12549,
        "recall_at_100": 0.4191,
        "recall_at_1000": 0.93765,
        "precision_at_1": 0.01105,
        "precision_at_3": 0.00816,
        "precision_at_5": 0.00742,
        "precision_at_10": 0.00663,
        "precision_at_20": 0.00627,
        "precision_at_100": 0.00419,
        "precision_at_1000": 0.00094,
        "mrr_at_1": 0.01105,
        "mrr_at_3": 0.016443,
        "mrr_at_5": 0.019324,
        "mrr_at_10": 0.023171,
        "mrr_at_20": 0.027099,
        "mrr_at_100": 0.033623,
        "mrr_at_1000": 0.035929,
        "nauc_ndcg_at_1_max": -0.248954,
        "nauc_ndcg_at_1_std": -0.267,
        "nauc_ndcg_at_1_diff1": 0.039813,
        "nauc_ndcg_at_3_max": -0.189337,
        "nauc_ndcg_at_3_std": -0.242513,
        "nauc_ndcg_at_3_diff1": 0.063931,
        "nauc_ndcg_at_5_max": -0.179521,
        "nauc_ndcg_at_5_std": -0.211091,
        "nauc_ndcg_at_5_diff1": 0.077901,
        "nauc_ndcg_at_10_max": -0.201506,
        "nauc_ndcg_at_10_std": -0.241496,
        "nauc_ndcg_at_10_diff1": 0.039717,
        "nauc_ndcg_at_20_max": -0.216469,
        "nauc_ndcg_at_20_std": -0.242813,
        "nauc_ndcg_at_20_diff1": 0.026544,
        "nauc_ndcg_at_100_max": -0.232009,
        "nauc_ndcg_at_100_std": -0.262428,
        "nauc_ndcg_at_100_diff1": 0.007889,
        "nauc_ndcg_at_1000_max": -0.236613,
        "nauc_ndcg_at_1000_std": -0.282045,
        "nauc_ndcg_at_1000_diff1": 0.01769,
        "nauc_map_at_1_max": -0.248954,
        "nauc_map_at_1_std": -0.267,
        "nauc_map_at_1_diff1": 0.039813,
        "nauc_map_at_3_max": -0.201878,
        "nauc_map_at_3_std": -0.247029,
        "nauc_map_at_3_diff1": 0.055904,
        "nauc_map_at_5_max": -0.194431,
        "nauc_map_at_5_std": -0.225675,
        "nauc_map_at_5_diff1": 0.067369,
        "nauc_map_at_10_max": -0.205953,
        "nauc_map_at_10_std": -0.242816,
        "nauc_map_at_10_diff1": 0.045732,
        "nauc_map_at_20_max": -0.212033,
        "nauc_map_at_20_std": -0.243147,
        "nauc_map_at_20_diff1": 0.037208,
        "nauc_map_at_100_max": -0.216525,
        "nauc_map_at_100_std": -0.248353,
        "nauc_map_at_100_diff1": 0.026787,
        "nauc_map_at_1000_max": -0.217876,
        "nauc_map_at_1000_std": -0.250357,
        "nauc_map_at_1000_diff1": 0.02807,
        "nauc_recall_at_1_max": -0.248954,
        "nauc_recall_at_1_std": -0.267,
        "nauc_recall_at_1_diff1": 0.039813,
        "nauc_recall_at_3_max": -0.164217,
        "nauc_recall_at_3_std": -0.233602,
        "nauc_recall_at_3_diff1": 0.080641,
        "nauc_recall_at_5_max": -0.15519,
        "nauc_recall_at_5_std": -0.186463,
        "nauc_recall_at_5_diff1": 0.094941,
        "nauc_recall_at_10_max": -0.197826,
        "nauc_recall_at_10_std": -0.241037,
        "nauc_recall_at_10_diff1": 0.030175,
        "nauc_recall_at_20_max": -0.223453,
        "nauc_recall_at_20_std": -0.243556,
        "nauc_recall_at_20_diff1": 0.016439,
        "nauc_recall_at_100_max": -0.247545,
        "nauc_recall_at_100_std": -0.277663,
        "nauc_recall_at_100_diff1": -0.001655,
        "nauc_recall_at_1000_max": -0.299431,
        "nauc_recall_at_1000_std": -0.48675,
        "nauc_recall_at_1000_diff1": 0.032267,
        "nauc_precision_at_1_max": -0.248954,
        "nauc_precision_at_1_std": -0.267,
        "nauc_precision_at_1_diff1": 0.039813,
        "nauc_precision_at_3_max": -0.164217,
        "nauc_precision_at_3_std": -0.233602,
        "nauc_precision_at_3_diff1": 0.080641,
        "nauc_precision_at_5_max": -0.15519,
        "nauc_precision_at_5_std": -0.186463,
        "nauc_precision_at_5_diff1": 0.094941,
        "nauc_precision_at_10_max": -0.197826,
        "nauc_precision_at_10_std": -0.241037,
        "nauc_precision_at_10_diff1": 0.030175,
        "nauc_precision_at_20_max": -0.223453,
        "nauc_precision_at_20_std": -0.243556,
        "nauc_precision_at_20_diff1": 0.016439,
        "nauc_precision_at_100_max": -0.247545,
        "nauc_precision_at_100_std": -0.277663,
        "nauc_precision_at_100_diff1": -0.001655,
        "nauc_precision_at_1000_max": -0.299431,
        "nauc_precision_at_1000_std": -0.48675,
        "nauc_precision_at_1000_diff1": 0.032267,
        "nauc_mrr_at_1_max": -0.248954,
        "nauc_mrr_at_1_std": -0.267,
        "nauc_mrr_at_1_diff1": 0.039813,
        "nauc_mrr_at_3_max": -0.201878,
        "nauc_mrr_at_3_std": -0.247029,
        "nauc_mrr_at_3_diff1": 0.055904,
        "nauc_mrr_at_5_max": -0.194431,
        "nauc_mrr_at_5_std": -0.225675,
        "nauc_mrr_at_5_diff1": 0.067369,
        "nauc_mrr_at_10_max": -0.205953,
        "nauc_mrr_at_10_std": -0.242816,
        "nauc_mrr_at_10_diff1": 0.045732,
        "nauc_mrr_at_20_max": -0.212033,
        "nauc_mrr_at_20_std": -0.243147,
        "nauc_mrr_at_20_diff1": 0.037208,
        "nauc_mrr_at_100_max": -0.216525,
        "nauc_mrr_at_100_std": -0.248353,
        "nauc_mrr_at_100_diff1": 0.026787,
        "nauc_mrr_at_1000_max": -0.217876,
        "nauc_mrr_at_1000_std": -0.250357,
        "nauc_mrr_at_1000_diff1": 0.02807,
        "main_score": 0.03307,
        "hf_subset": "default",
        "languages": [
          "eng-Latn"
        ]
      }
    ]
  },
  "evaluation_time": 1.1312320232391357,
  "kg_co2_emissions": null
}